Date,Product Name,Category,Inventory Level,Units Sold,Unit Order,Actual Price,Unit Price,Discount,Total Price,Revenue,Region,Holiday/Promotion
01/06/2020,Whey Protein,Protein,260,143,215,23.99,31.98,0.03,4573.14,"1,143.29",Sindh,0
01/06/2020,Vitamin C,Vitamin,141,139,209,31.88,42.51,0.04,5908.89,"1,477.22",Balochistan,0
01/06/2020,Fish Oil,Omega,426,161,242,9.68,12.91,0.25,2078.51,519.63,KP,1
01/06/2020,Multivitamin,Vitamin,124,140,210,12.05,16.07,0.08,2249.80,562.45,Punjab,1
01/06/2020,Pre-Workout,Performance,181,157,236,26.6,35.47,0.25,5568.79,"1,392.20",KP,0
01/06/2020,BCAA,Amino Acid,474,154,231,30.89,41.19,0.13,6343.26,"1,585.82",Sindh,1
01/06/2020,Creatine,Performance,422,134,201,24.37,32.49,0.05,4353.66,"1,088.42",KP,1
01/06/2020,Zinc,Mineral,228,147,221,35.01,46.68,0.19,6861.96,"1,715.49",Sindh,0
01/06/2020,Collagen Peptides,Protein,376,147,221,8.22,10.96,0.06,1611.12,402.78,Punjab,0
01/06/2020,Magnesium,Mineral,124,134,201,15.57,20.76,0.00,2781.84,695.46,Sindh,1
01/06/2020,Ashwagandha,Herbal,233,181,272,11.62,15.49,0.14,2803.69,700.92,Punjab,1
01/06/2020,Melatonin,Sleep Aid,386,164,246,25.81,34.41,0.04,5643.24,"1,410.81",Punjab,0
01/06/2020,Biotin,Vitamin,127,159,239,21.59,28.79,0.10,4577.61,"1,144.40",KP,0
01/06/2020,Green Tea Extract,Fat Burner,494,143,215,23.91,31.88,0.06,4558.84,"1,139.71",Balochistan,0
01/06/2020,Iron Supplement,Mineral,143,149,224,32.23,42.97,0.22,6402.53,"1,600.63",Balochistan,0
01/06/2020,Electrolyte Powder,Hydration,147,154,231,26.94,35.92,0.04,5531.68,"1,382.92",Sindh,1
1/13/2020,Whey Protein,Protein,53,150,225,9.06,12.08,0.02,1812.00,453,KP,0
1/13/2020,Vitamin C,Vitamin,403,128,192,7.96,10.61,0.24,1358.08,339.52,Balochistan,0
1/13/2020,Fish Oil,Omega,359,145,218,20.62,27.49,0.19,3986.05,996.51,Balochistan,0
1/13/2020,Multivitamin,Vitamin,179,137,206,11.19,14.92,0.17,2044.04,511.01,Punjab,0
1/13/2020,Pre-Workout,Performance,277,141,212,10.58,14.11,0.24,1989.51,497.38,Punjab,1
1/13/2020,BCAA,Amino Acid,234,160,240,30.89,41.19,0.05,6590.40,"1,647.60",KP,1
1/13/2020,Creatine,Performance,202,154,231,31.65,42.2,0.13,6498.80,"1,624.70",Punjab,1
1/13/2020,Zinc,Mineral,403,154,231,35.55,47.4,0.20,7299.60,"1,824.90",KP,0
1/13/2020,Collagen Peptides,Protein,468,134,201,42.3,56.4,0.06,7557.60,"1,889.40",KP,0
1/13/2020,Magnesium,Mineral,213,148,222,30.49,40.65,0.24,6016.20,"1,504.05",Balochistan,0
1/13/2020,Ashwagandha,Herbal,488,133,200,40.76,54.35,0.16,7228.55,"1,807.14",Sindh,0
1/13/2020,Melatonin,Sleep Aid,336,141,212,24.77,33.03,0.21,4657.23,"1,164.31",KP,0
1/13/2020,Biotin,Vitamin,449,161,242,14.15,18.87,0.14,3038.07,759.52,Sindh,1
1/13/2020,Green Tea Extract,Fat Burner,292,174,261,13.68,18.24,0.03,3173.76,793.44,Sindh,1
1/13/2020,Iron Supplement,Mineral,193,163,245,26.47,35.29,0.21,5752.27,"1,438.07",KP,1
1/13/2020,Electrolyte Powder,Hydration,379,151,227,26.57,35.42,0.07,5348.42,"1,337.11",Balochistan,1
1/20/2020,Whey Protein,Protein,469,157,236,31.36,41.81,0.19,6564.17,"1,641.04",KP,0
1/20/2020,Vitamin C,Vitamin,365,149,224,16.75,22.33,0.18,3327.17,831.79,Balochistan,0
1/20/2020,Fish Oil,Omega,331,131,197,37.5,50,0.05,6550.00,"1,637.50",Balochistan,1
1/20/2020,Multivitamin,Vitamin,214,159,239,14.55,19.4,0.09,3084.60,771.15,Balochistan,1
1/20/2020,Pre-Workout,Performance,498,152,228,36.04,48.05,0.01,7303.60,"1,825.90",Sindh,1
1/20/2020,BCAA,Amino Acid,324,145,218,30.89,41.19,0.08,5972.55,"1,493.14",KP,0
1/20/2020,Creatine,Performance,230,148,222,40.73,54.31,0.15,8037.88,"2,009.47",Sindh,1
1/20/2020,Zinc,Mineral,467,147,221,7.62,10.16,0.15,1493.52,373.38,Balochistan,1
1/20/2020,Collagen Peptides,Protein,126,161,242,29.56,39.41,0.12,6345.01,"1,586.25",Sindh,1
1/20/2020,Magnesium,Mineral,138,126,189,28.55,38.07,0.14,4796.82,"1,199.21",Balochistan,1
1/20/2020,Ashwagandha,Herbal,455,156,234,17.62,23.49,0.21,3664.44,916.11,KP,1
1/20/2020,Melatonin,Sleep Aid,341,128,192,20.03,26.71,0.20,3418.88,854.72,Sindh,1
1/20/2020,Biotin,Vitamin,233,161,242,24.01,32.01,0.04,5153.61,"1,288.40",Punjab,0
1/20/2020,Green Tea Extract,Fat Burner,266,148,222,15.77,21.03,0.15,3112.44,778.11,Punjab,1
1/20/2020,Iron Supplement,Mineral,365,155,233,31.36,41.81,0.20,6480.55,"1,620.14",KP,1
1/20/2020,Electrolyte Powder,Hydration,129,147,221,21.89,29.19,0.14,4290.93,"1,072.73",Balochistan,1
1/27/2020,Whey Protein,Protein,444,137,206,20.05,26.73,0.01,3662.01,915.5,Balochistan,1
1/27/2020,Vitamin C,Vitamin,250,163,245,26.93,35.9,0.07,5851.70,"1,462.93",Punjab,1
1/27/2020,Fish Oil,Omega,358,141,212,40.23,53.64,0.21,7563.24,"1,890.81",Sindh,1
1/27/2020,Multivitamin,Vitamin,462,162,243,25.61,34.15,0.03,5532.30,"1,383.08",Sindh,0
1/27/2020,Pre-Workout,Performance,66,158,237,23.88,31.84,0.18,5030.72,"1,257.68",KP,1
1/27/2020,BCAA,Amino Acid,261,136,204,30.89,41.19,0.19,5601.84,"1,400.46",Punjab,0
1/27/2020,Creatine,Performance,436,180,270,9.64,12.85,0.07,2313.00,578.25,Balochistan,0
1/27/2020,Zinc,Mineral,499,140,210,35.98,47.97,0.11,6715.80,"1,678.95",Punjab,0
1/27/2020,Collagen Peptides,Protein,363,126,189,8.76,11.68,0.02,1471.68,367.92,Balochistan,1
1/27/2020,Magnesium,Mineral,176,135,203,22.91,30.55,0.09,4124.25,"1,031.06",Sindh,1
1/27/2020,Ashwagandha,Herbal,213,174,261,23.21,30.94,0.07,5383.56,"1,345.89",Balochistan,1
1/27/2020,Melatonin,Sleep Aid,229,156,234,28.7,38.27,0.12,5970.12,"1,492.53",Sindh,1
1/27/2020,Biotin,Vitamin,285,154,231,11.78,15.7,0.04,2417.80,604.45,Sindh,0
1/27/2020,Green Tea Extract,Fat Burner,324,141,212,28.55,38.06,0.13,5366.46,"1,341.62",Punjab,0
1/27/2020,Iron Supplement,Mineral,99,165,248,10.04,13.38,0.18,2207.70,551.93,KP,0
1/27/2020,Electrolyte Powder,Hydration,481,129,194,25.67,34.23,0.04,4415.67,"1,103.92",Punjab,0
02/03/2020,Whey Protein,Protein,238,165,248,24.83,33.11,0.10,5463.15,"1,365.79",Balochistan,1
02/03/2020,Vitamin C,Vitamin,93,152,228,26.72,35.63,0.20,5415.76,"1,353.94",Balochistan,0
02/03/2020,Fish Oil,Omega,67,138,207,13.68,18.24,0.08,2517.12,629.28,Punjab,0
02/03/2020,Multivitamin,Vitamin,322,151,227,40.42,53.89,0.22,8137.39,"2,034.35",Punjab,1
02/03/2020,Pre-Workout,Performance,463,140,210,44.44,59.25,0.19,8295.00,"2,073.75",Balochistan,1
02/03/2020,BCAA,Amino Acid,490,126,189,30.89,41.19,0.13,5189.94,"1,297.49",KP,0
02/03/2020,Creatine,Performance,64,132,198,38.33,51.11,0.10,6746.52,"1,686.63",KP,1
02/03/2020,Zinc,Mineral,271,184,276,27.13,36.17,0.07,6655.28,"1,663.82",Punjab,1
02/03/2020,Collagen Peptides,Protein,485,153,230,37.43,49.9,0.10,7634.70,"1,908.68",Balochistan,0
02/03/2020,Magnesium,Mineral,133,151,227,33.59,44.79,0.20,6763.29,"1,690.82",Balochistan,1
02/03/2020,Ashwagandha,Herbal,206,135,203,14.41,19.21,0.22,2593.35,648.34,Punjab,0
02/03/2020,Melatonin,Sleep Aid,483,135,203,30.57,40.76,0.02,5502.60,"1,375.65",Punjab,0
02/03/2020,Biotin,Vitamin,469,162,243,43.77,58.36,0.10,9454.32,"2,363.58",Punjab,0
02/03/2020,Green Tea Extract,Fat Burner,323,156,234,13.73,18.3,0.22,2854.80,713.7,Punjab,1
02/03/2020,Iron Supplement,Mineral,324,136,204,28.49,37.99,0.13,5166.64,"1,291.66",KP,1
02/03/2020,Electrolyte Powder,Hydration,156,168,252,34.93,46.57,0.05,7823.76,"1,955.94",Sindh,0
02/10/2020,Whey Protein,Protein,273,163,245,34.13,45.51,0.08,7418.13,"1,854.53",Balochistan,0
02/10/2020,Vitamin C,Vitamin,341,163,245,20.92,27.89,0.12,4546.07,"1,136.52",Sindh,1
02/10/2020,Fish Oil,Omega,401,144,216,34.2,45.6,0.21,6566.40,"1,641.60",Sindh,0
02/10/2020,Multivitamin,Vitamin,238,140,210,20.55,27.4,0.11,3836.00,959,Balochistan,1
02/10/2020,Pre-Workout,Performance,272,155,233,20.72,27.62,0.21,4281.10,"1,070.28",Sindh,1
02/10/2020,BCAA,Amino Acid,351,134,201,30.89,41.19,0.17,5519.46,"1,379.87",Punjab,0
02/10/2020,Creatine,Performance,154,137,206,16.02,21.36,0.21,2926.32,731.58,Sindh,0
02/10/2020,Zinc,Mineral,67,155,233,26.72,35.63,0.08,5522.65,"1,380.66",Sindh,1
02/10/2020,Collagen Peptides,Protein,369,155,233,40.17,53.56,0.19,8301.80,"2,075.45",Punjab,0
02/10/2020,Magnesium,Mineral,271,156,234,41.52,55.36,0.17,8636.16,"2,159.04",KP,1
02/10/2020,Ashwagandha,Herbal,123,132,198,24.77,33.02,0.22,4358.64,"1,089.66",Balochistan,1
02/10/2020,Melatonin,Sleep Aid,500,146,219,11.66,15.54,0.11,2268.84,567.21,KP,0
02/10/2020,Biotin,Vitamin,452,142,213,18.46,24.61,0.23,3494.62,873.66,Sindh,0
02/10/2020,Green Tea Extract,Fat Burner,73,162,243,43.61,58.14,0.18,9418.68,"2,354.67",Balochistan,1
02/10/2020,Iron Supplement,Mineral,104,163,245,40.23,53.64,0.03,8743.32,"2,185.83",Sindh,0
02/10/2020,Electrolyte Powder,Hydration,88,151,227,16.57,22.09,0.00,3335.59,833.9,Sindh,0
2/17/2020,Whey Protein,Protein,141,143,215,18.65,24.86,0.07,3554.98,888.75,Sindh,1
2/17/2020,Vitamin C,Vitamin,468,165,248,29.75,39.66,0.22,6543.90,"1,635.98",KP,1
2/17/2020,Fish Oil,Omega,67,129,194,37.3,49.73,0.01,6415.17,"1,603.79",Punjab,0
2/17/2020,Multivitamin,Vitamin,205,151,227,38.68,51.57,0.15,7787.07,"1,946.77",Sindh,1
2/17/2020,Pre-Workout,Performance,232,131,197,32.6,43.46,0.21,5693.26,"1,423.32",KP,0
2/17/2020,BCAA,Amino Acid,210,152,228,30.89,41.19,0.08,6260.88,"1,565.22",Sindh,0
2/17/2020,Creatine,Performance,187,160,240,40.97,54.63,0.11,8740.80,"2,185.20",Sindh,0
2/17/2020,Zinc,Mineral,168,155,233,33.85,45.13,0.06,6995.15,"1,748.79",Punjab,0
2/17/2020,Collagen Peptides,Protein,108,132,198,25.79,34.38,0.16,4538.16,"1,134.54",Punjab,1
2/17/2020,Magnesium,Mineral,295,154,231,26.48,35.31,0.16,5437.74,"1,359.44",Punjab,1
2/17/2020,Ashwagandha,Herbal,117,141,212,25.22,33.62,0.01,4740.42,"1,185.11",KP,1
2/17/2020,Melatonin,Sleep Aid,469,144,216,14.85,19.8,0.15,2851.20,712.8,Punjab,0
2/17/2020,Biotin,Vitamin,142,139,209,7.71,10.28,0.00,1428.92,357.23,Balochistan,0
2/17/2020,Green Tea Extract,Fat Burner,156,117,176,20.21,26.94,0.20,3151.98,788,Sindh,0
2/17/2020,Iron Supplement,Mineral,110,150,225,42.44,56.59,0.10,8488.50,"2,122.13",Balochistan,1
2/17/2020,Electrolyte Powder,Hydration,365,154,231,20.45,27.26,0.13,4198.04,"1,049.51",Sindh,1
2/24/2020,Whey Protein,Protein,51,150,225,44.73,59.64,0.03,8946.00,"2,236.50",Sindh,1
2/24/2020,Vitamin C,Vitamin,365,146,219,22.91,30.55,0.23,4460.30,"1,115.08",Sindh,1
2/24/2020,Fish Oil,Omega,335,154,231,38.39,51.19,0.24,7883.26,"1,970.82",Balochistan,1
2/24/2020,Multivitamin,Vitamin,184,123,185,9.74,12.98,0.15,1596.54,399.14,Punjab,0
2/24/2020,Pre-Workout,Performance,213,133,200,24.61,32.81,0.09,4363.73,"1,090.93",Sindh,0
2/24/2020,BCAA,Amino Acid,430,147,221,30.89,41.19,0.02,6054.93,"1,513.73",Sindh,0
2/24/2020,Creatine,Performance,138,175,263,32.95,43.93,0.09,7687.75,"1,921.94",Sindh,1
2/24/2020,Zinc,Mineral,58,170,255,40.26,53.68,0.18,9125.60,"2,281.40",Balochistan,0
2/24/2020,Collagen Peptides,Protein,284,169,254,27.53,36.7,0.04,6202.30,"1,550.58",Punjab,1
2/24/2020,Magnesium,Mineral,448,147,221,25.73,34.3,0.14,5042.10,"1,260.53",KP,0
2/24/2020,Ashwagandha,Herbal,346,133,200,20.37,27.16,0.18,3612.28,903.07,Balochistan,1
2/24/2020,Melatonin,Sleep Aid,177,164,246,23.63,31.5,0.17,5166.00,"1,291.50",KP,0
2/24/2020,Biotin,Vitamin,124,143,215,24.24,32.32,0.20,4621.76,"1,155.44",KP,1
2/24/2020,Green Tea Extract,Fat Burner,92,147,221,29.33,39.11,0.09,5749.17,"1,437.29",KP,0
2/24/2020,Iron Supplement,Mineral,59,158,237,21.55,28.73,0.04,4539.34,"1,134.84",Sindh,0
2/24/2020,Electrolyte Powder,Hydration,349,135,203,20.47,27.29,0.04,3684.15,921.04,KP,1
03/02/2020,Whey Protein,Protein,222,155,233,20.27,27.03,0.02,4189.65,"1,047.41",Balochistan,0
03/02/2020,Vitamin C,Vitamin,332,143,215,30.22,40.29,0.09,5761.47,"1,440.37",Balochistan,1
03/02/2020,Fish Oil,Omega,271,157,236,25.71,34.28,0.01,5381.96,"1,345.49",Sindh,0
03/02/2020,Multivitamin,Vitamin,411,184,276,8.96,11.95,0.01,2198.80,549.7,Sindh,0
03/02/2020,Pre-Workout,Performance,429,136,204,35.86,47.81,0.11,6502.16,"1,625.54",KP,1
03/02/2020,BCAA,Amino Acid,233,169,254,30.89,41.19,0.08,6961.11,"1,740.28",Punjab,0
03/02/2020,Creatine,Performance,311,154,231,44.4,59.2,0.07,9116.80,"2,279.20",KP,1
03/02/2020,Zinc,Mineral,141,146,219,20.27,27.02,0.14,3944.92,986.23,Punjab,0
03/02/2020,Collagen Peptides,Protein,377,152,228,36.08,48.1,0.21,7311.20,"1,827.80",Punjab,1
03/02/2020,Magnesium,Mineral,339,143,215,14.8,19.73,0.01,2821.39,705.35,Sindh,0
03/02/2020,Ashwagandha,Herbal,78,152,228,29.27,39.02,0.03,5931.04,"1,482.76",KP,0
03/02/2020,Melatonin,Sleep Aid,499,154,231,22.57,30.09,0.25,4633.86,"1,158.47",Sindh,1
03/02/2020,Biotin,Vitamin,444,154,231,30.77,41.03,0.05,6318.62,"1,579.66",Balochistan,0
03/02/2020,Green Tea Extract,Fat Burner,131,151,227,43.65,58.2,0.23,8788.20,"2,197.05",Punjab,0
03/02/2020,Iron Supplement,Mineral,165,151,227,12.4,16.53,0.20,2496.03,624.01,KP,1
03/02/2020,Electrolyte Powder,Hydration,355,161,242,40.39,53.85,0.24,8669.85,"2,167.46",Balochistan,0
03/09/2020,Whey Protein,Protein,455,149,224,25.63,34.17,0.22,5091.33,"1,272.83",Punjab,0
03/09/2020,Vitamin C,Vitamin,233,145,218,15.12,20.16,0.19,2923.20,730.8,Sindh,0
03/09/2020,Fish Oil,Omega,305,150,225,29.15,38.86,0.22,5829.00,"1,457.25",KP,0
03/09/2020,Multivitamin,Vitamin,157,147,221,36.17,48.23,0.14,7089.81,"1,772.45",KP,0
03/09/2020,Pre-Workout,Performance,351,138,207,39.53,52.7,0.11,7272.60,"1,818.15",Balochistan,1
03/09/2020,BCAA,Amino Acid,340,168,252,30.89,41.19,0.11,6919.92,"1,729.98",Punjab,1
03/09/2020,Creatine,Performance,364,154,231,8.22,10.96,0.12,1687.84,421.96,Punjab,1
03/09/2020,Zinc,Mineral,124,158,237,12.54,16.72,0.07,2641.76,660.44,KP,1
03/09/2020,Collagen Peptides,Protein,453,162,243,15.41,20.54,0.24,3327.48,831.87,Punjab,1
03/09/2020,Magnesium,Mineral,378,163,245,8.04,10.72,0.18,1747.36,436.84,Balochistan,0
03/09/2020,Ashwagandha,Herbal,176,159,239,35.75,47.67,0.19,7579.53,"1,894.88",Punjab,0
03/09/2020,Melatonin,Sleep Aid,107,160,240,30.51,40.68,0.02,6508.80,"1,627.20",Sindh,0
03/09/2020,Biotin,Vitamin,431,128,192,22.77,30.36,0.02,3886.08,971.52,Sindh,0
03/09/2020,Green Tea Extract,Fat Burner,301,132,198,43.04,57.38,0.02,7574.16,"1,893.54",Punjab,1
03/09/2020,Iron Supplement,Mineral,460,151,227,10.38,13.84,0.13,2089.84,522.46,Punjab,0
03/09/2020,Electrolyte Powder,Hydration,337,158,237,10.24,13.65,0.10,2156.70,539.18,Balochistan,1
3/16/2020,Whey Protein,Protein,54,140,210,37.63,50.17,0.23,7023.80,"1,755.95",Punjab,0
3/16/2020,Vitamin C,Vitamin,71,169,254,25.37,33.82,0.06,5715.58,"1,428.90",Punjab,1
3/16/2020,Fish Oil,Omega,204,145,218,12.11,16.15,0.22,2341.75,585.44,Balochistan,1
3/16/2020,Multivitamin,Vitamin,307,148,222,30.93,41.24,0.02,6103.52,"1,525.88",Punjab,0
3/16/2020,Pre-Workout,Performance,494,140,210,38.35,51.13,0.20,7158.20,"1,789.55",KP,0
3/16/2020,BCAA,Amino Acid,485,151,227,30.89,41.19,0.07,6219.69,"1,554.92",Punjab,0
3/16/2020,Creatine,Performance,281,142,213,31.11,41.48,0.01,5890.16,"1,472.54",KP,0
3/16/2020,Zinc,Mineral,160,143,215,26.67,35.56,0.01,5085.08,"1,271.27",Punjab,0
3/16/2020,Collagen Peptides,Protein,131,158,237,38.98,51.97,0.00,8211.26,"2,052.82",Balochistan,0
3/16/2020,Magnesium,Mineral,405,159,239,11.32,15.09,0.09,2399.31,599.83,Punjab,1
3/16/2020,Ashwagandha,Herbal,204,164,246,37.09,49.45,0.22,8109.80,"2,027.45",KP,1
3/16/2020,Melatonin,Sleep Aid,156,170,255,43.65,58.2,0.02,9894.00,"2,473.50",Sindh,0
3/16/2020,Biotin,Vitamin,249,150,225,31.23,41.64,0.18,6246.00,"1,561.50",Sindh,1
3/16/2020,Green Tea Extract,Fat Burner,62,136,204,32.49,43.32,0.24,5891.52,"1,472.88",KP,0
3/16/2020,Iron Supplement,Mineral,255,178,267,18.68,24.9,0.03,4432.20,"1,108.05",KP,1
3/16/2020,Electrolyte Powder,Hydration,83,155,233,21,28,0.24,4340.00,"1,085.00",Sindh,0
3/23/2020,Whey Protein,Protein,496,148,222,15.33,20.44,0.09,3025.12,756.28,Balochistan,0
3/23/2020,Vitamin C,Vitamin,219,147,221,39.39,52.52,0.05,7720.44,"1,930.11",KP,0
3/23/2020,Fish Oil,Omega,382,149,224,15.59,20.79,0.17,3097.71,774.43,Balochistan,1
3/23/2020,Multivitamin,Vitamin,244,142,213,31.94,42.58,0.18,6046.36,"1,511.59",KP,1
3/23/2020,Pre-Workout,Performance,467,155,233,34.25,45.66,0.05,7077.30,"1,769.33",Punjab,0
3/23/2020,BCAA,Amino Acid,84,142,213,30.89,41.19,0.03,5848.98,"1,462.25",Balochistan,1
3/23/2020,Creatine,Performance,282,141,212,8.05,10.73,0.09,1512.93,378.23,Sindh,1
3/23/2020,Zinc,Mineral,54,147,221,22.66,30.21,0.13,4440.87,"1,110.22",Punjab,1
3/23/2020,Collagen Peptides,Protein,86,156,234,36.53,48.7,0.19,7597.20,"1,899.30",Balochistan,0
3/23/2020,Magnesium,Mineral,260,162,243,17.46,23.28,0.00,3771.36,942.84,Balochistan,1
3/23/2020,Ashwagandha,Herbal,336,160,240,20.55,27.4,0.09,4384.00,"1,096.00",Sindh,0
3/23/2020,Melatonin,Sleep Aid,456,143,215,44.03,58.71,0.21,8395.53,"2,098.88",Sindh,0
3/23/2020,Biotin,Vitamin,92,168,252,36.77,49.02,0.11,8235.36,"2,058.84",Balochistan,0
3/23/2020,Green Tea Extract,Fat Burner,226,143,215,16.06,21.41,0.06,3061.63,765.41,Punjab,1
3/23/2020,Iron Supplement,Mineral,323,159,239,9.67,12.89,0.24,2049.51,512.38,KP,1
3/23/2020,Electrolyte Powder,Hydration,349,151,227,10.34,13.78,0.09,2080.78,520.2,Balochistan,0
3/30/2020,Whey Protein,Protein,89,138,207,30.84,41.12,0.20,5674.56,"1,418.64",KP,0
3/30/2020,Vitamin C,Vitamin,254,135,203,31.35,41.8,0.10,5643.00,"1,410.75",Balochistan,1
3/30/2020,Fish Oil,Omega,98,141,212,41.9,55.87,0.07,7877.67,"1,969.42",Punjab,1
3/30/2020,Multivitamin,Vitamin,243,168,252,9.83,13.11,0.04,2202.48,550.62,Sindh,1
3/30/2020,Pre-Workout,Performance,141,155,233,12.53,16.71,0.24,2590.05,647.51,KP,1
3/30/2020,BCAA,Amino Acid,189,140,210,30.89,41.19,0.02,5766.60,"1,441.65",KP,1
3/30/2020,Creatine,Performance,88,162,243,28,37.33,0.11,6047.46,"1,511.87",Punjab,0
3/30/2020,Zinc,Mineral,171,136,204,15.35,20.46,0.01,2782.56,695.64,Punjab,1
3/30/2020,Collagen Peptides,Protein,57,165,248,43.52,58.03,0.05,9574.95,"2,393.74",KP,0
3/30/2020,Magnesium,Mineral,339,141,212,29.76,39.68,0.02,5594.88,"1,398.72",Sindh,0
3/30/2020,Ashwagandha,Herbal,411,160,240,25.39,33.85,0.18,5416.00,"1,354.00",KP,0
3/30/2020,Melatonin,Sleep Aid,309,155,233,13.6,18.13,0.14,2810.15,702.54,Punjab,1
3/30/2020,Biotin,Vitamin,203,150,225,7.84,10.45,0.09,1567.50,391.88,KP,0
3/30/2020,Green Tea Extract,Fat Burner,289,140,210,15.83,21.1,0.08,2954.00,738.5,Sindh,0
3/30/2020,Iron Supplement,Mineral,186,158,237,23.58,31.44,0.01,4967.52,"1,241.88",Punjab,0
3/30/2020,Electrolyte Powder,Hydration,201,156,234,18.33,24.44,0.10,3812.64,953.16,KP,0
04/06/2020,Whey Protein,Protein,172,160,240,22.22,29.62,0.19,4739.20,"1,184.80",Sindh,0
04/06/2020,Vitamin C,Vitamin,308,178,267,20.9,27.86,0.20,4959.08,"1,239.77",Balochistan,0
04/06/2020,Fish Oil,Omega,421,152,228,32.12,42.83,0.06,6510.16,"1,627.54",Balochistan,0
04/06/2020,Multivitamin,Vitamin,489,171,257,26.48,35.3,0.06,6036.30,"1,509.08",Balochistan,0
04/06/2020,Pre-Workout,Performance,89,116,174,40.01,53.34,0.07,6187.44,"1,546.86",Sindh,1
04/06/2020,BCAA,Amino Acid,166,153,230,30.89,41.19,0.13,6302.07,"1,575.52",KP,1
04/06/2020,Creatine,Performance,480,142,213,41.03,54.7,0.24,7767.40,"1,941.85",Balochistan,1
04/06/2020,Zinc,Mineral,462,147,221,25.37,33.82,0.12,4971.54,"1,242.89",Balochistan,1
04/06/2020,Collagen Peptides,Protein,381,153,230,19.94,26.58,0.21,4066.74,"1,016.69",Balochistan,0
04/06/2020,Magnesium,Mineral,78,127,191,42.78,57.04,0.13,7244.08,"1,811.02",Balochistan,0
04/06/2020,Ashwagandha,Herbal,148,162,243,19.96,26.61,0.17,4310.82,"1,077.71",Punjab,1
04/06/2020,Melatonin,Sleep Aid,140,156,234,40.34,53.79,0.13,8391.24,"2,097.81",KP,1
04/06/2020,Biotin,Vitamin,439,147,221,12.29,16.39,0.19,2409.33,602.33,KP,1
04/06/2020,Green Tea Extract,Fat Burner,391,147,221,9.55,12.73,0.24,1871.31,467.83,Sindh,1
04/06/2020,Iron Supplement,Mineral,361,143,215,16.14,21.52,0.00,3077.36,769.34,KP,1
04/06/2020,Electrolyte Powder,Hydration,471,185,278,32.36,43.15,0.19,7982.75,"1,995.69",Punjab,1
4/13/2020,Whey Protein,Protein,312,147,221,19.7,26.26,0.18,3860.22,965.06,Punjab,1
4/13/2020,Vitamin C,Vitamin,193,137,206,41.33,55.1,0.20,7548.70,"1,887.18",KP,0
4/13/2020,Fish Oil,Omega,456,160,240,29.65,39.53,0.17,6324.80,"1,581.20",Punjab,0
4/13/2020,Multivitamin,Vitamin,373,151,227,13.78,18.37,0.20,2773.87,693.47,Punjab,0
4/13/2020,Pre-Workout,Performance,86,178,267,17.45,23.27,0.15,4142.06,"1,035.52",Punjab,0
4/13/2020,BCAA,Amino Acid,332,158,237,30.89,41.19,0.13,6508.02,"1,627.01",Punjab,1
4/13/2020,Creatine,Performance,314,145,218,38.54,51.38,0.17,7450.10,"1,862.53",Punjab,1
4/13/2020,Zinc,Mineral,315,149,224,33.55,44.73,0.18,6664.77,"1,666.19",Punjab,0
4/13/2020,Collagen Peptides,Protein,161,142,213,14.82,19.76,0.09,2805.92,701.48,Balochistan,0
4/13/2020,Magnesium,Mineral,282,157,236,28.58,38.1,0.24,5981.70,"1,495.43",Punjab,1
4/13/2020,Ashwagandha,Herbal,347,146,219,36.98,49.31,0.18,7199.26,"1,799.82",Sindh,0
4/13/2020,Melatonin,Sleep Aid,371,140,210,38.15,50.86,0.14,7120.40,"1,780.10",Punjab,0
4/13/2020,Biotin,Vitamin,111,123,185,34.44,45.92,0.22,5648.16,"1,412.04",Sindh,1
4/13/2020,Green Tea Extract,Fat Burner,325,162,243,22.37,29.83,0.03,4832.46,"1,208.12",Punjab,1
4/13/2020,Iron Supplement,Mineral,327,136,204,18.38,24.5,0.22,3332.00,833,Sindh,1
4/13/2020,Electrolyte Powder,Hydration,305,162,243,30.93,41.24,0.14,6680.88,"1,670.22",Balochistan,0
4/20/2020,Whey Protein,Protein,308,169,254,32.78,43.7,0.01,7385.30,"1,846.33",Sindh,1
4/20/2020,Vitamin C,Vitamin,78,142,213,20.74,27.65,0.16,3926.30,981.58,KP,1
4/20/2020,Fish Oil,Omega,64,159,239,10.07,13.42,0.20,2133.78,533.45,Sindh,0
4/20/2020,Multivitamin,Vitamin,155,148,222,19.97,26.62,0.01,3939.76,984.94,Balochistan,0
4/20/2020,Pre-Workout,Performance,434,176,264,32.68,43.57,0.16,7668.32,"1,917.08",Sindh,1
4/20/2020,BCAA,Amino Acid,405,147,221,30.89,41.19,0.07,6054.93,"1,513.73",KP,0
4/20/2020,Creatine,Performance,274,148,222,10.04,13.38,0.13,1980.24,495.06,Punjab,0
4/20/2020,Zinc,Mineral,169,188,282,22.64,30.18,0.18,5673.84,"1,418.46",KP,0
4/20/2020,Collagen Peptides,Protein,57,147,221,22.41,29.88,0.07,4392.36,"1,098.09",Punjab,1
4/20/2020,Magnesium,Mineral,98,149,224,18.28,24.37,0.16,3631.13,907.78,Punjab,1
4/20/2020,Ashwagandha,Herbal,102,154,231,10.34,13.78,0.24,2122.12,530.53,Punjab,0
4/20/2020,Melatonin,Sleep Aid,158,130,195,30.89,41.18,0.16,5353.40,"1,338.35",Sindh,1
4/20/2020,Biotin,Vitamin,220,141,212,34,45.33,0.15,6391.53,"1,597.88",Punjab,1
4/20/2020,Green Tea Extract,Fat Burner,424,141,212,39.98,53.3,0.24,7515.30,"1,878.83",Punjab,1
4/20/2020,Iron Supplement,Mineral,151,159,239,15.1,20.13,0.15,3200.67,800.17,Balochistan,1
4/20/2020,Electrolyte Powder,Hydration,273,157,236,8.08,10.77,0.15,1690.89,422.72,Punjab,0
4/27/2020,Whey Protein,Protein,63,148,222,22.46,29.95,0.21,4432.60,"1,108.15",Balochistan,0
4/27/2020,Vitamin C,Vitamin,171,131,197,23.76,31.68,0.02,4150.08,"1,037.52",KP,0
4/27/2020,Fish Oil,Omega,144,170,255,17.21,22.94,0.11,3899.80,974.95,KP,0
4/27/2020,Multivitamin,Vitamin,163,154,231,16.58,22.1,0.18,3403.40,850.85,Balochistan,0
4/27/2020,Pre-Workout,Performance,66,138,207,35.21,46.94,0.00,6477.72,"1,619.43",KP,0
4/27/2020,BCAA,Amino Acid,184,139,209,30.89,41.19,0.02,5725.41,"1,431.35",Balochistan,1
4/27/2020,Creatine,Performance,434,159,239,32.73,43.64,0.02,6938.76,"1,734.69",Balochistan,0
4/27/2020,Zinc,Mineral,109,164,246,38.36,51.15,0.23,8388.60,"2,097.15",KP,1
4/27/2020,Collagen Peptides,Protein,334,138,207,35.36,47.14,0.18,6505.32,"1,626.33",Balochistan,0
4/27/2020,Magnesium,Mineral,427,127,191,42.03,56.04,0.15,7117.08,"1,779.27",Balochistan,1
4/27/2020,Ashwagandha,Herbal,235,141,212,41.08,54.77,0.17,7722.57,"1,930.64",Balochistan,1
4/27/2020,Melatonin,Sleep Aid,289,148,222,16.82,22.42,0.18,3318.16,829.54,Punjab,1
4/27/2020,Biotin,Vitamin,274,148,222,42.61,56.81,0.02,8407.88,"2,101.97",Sindh,0
4/27/2020,Green Tea Extract,Fat Burner,294,142,213,8.33,11.1,0.08,1576.20,394.05,Balochistan,0
4/27/2020,Iron Supplement,Mineral,126,124,186,42.27,56.36,0.03,6988.64,"1,747.16",KP,0
4/27/2020,Electrolyte Powder,Hydration,261,147,221,17.26,23.01,0.04,3382.47,845.62,Punjab,1
05/04/2020,Whey Protein,Protein,384,127,191,32.41,43.21,0.22,5487.67,"1,371.92",KP,1
05/04/2020,Vitamin C,Vitamin,229,157,236,18.35,24.46,0.08,3840.22,960.06,KP,1
05/04/2020,Fish Oil,Omega,322,150,225,20.88,27.84,0.09,4176.00,"1,044.00",KP,0
05/04/2020,Multivitamin,Vitamin,251,161,242,41.77,55.69,0.24,8966.09,"2,241.52",Balochistan,0
05/04/2020,Pre-Workout,Performance,76,145,218,42.8,57.06,0.22,8273.70,"2,068.43",Punjab,0
05/04/2020,BCAA,Amino Acid,306,146,219,30.89,41.19,0.05,6013.74,"1,503.44",Punjab,0
05/04/2020,Creatine,Performance,453,156,234,39.71,52.94,0.19,8258.64,"2,064.66",Sindh,0
05/04/2020,Zinc,Mineral,471,154,231,32.76,43.68,0.04,6726.72,"1,681.68",Balochistan,0
05/04/2020,Collagen Peptides,Protein,80,140,210,13.7,18.26,0.00,2556.40,639.1,KP,0
05/04/2020,Magnesium,Mineral,473,159,239,13.55,18.07,0.02,2873.13,718.28,KP,1
05/04/2020,Ashwagandha,Herbal,287,140,210,11.45,15.27,0.06,2137.80,534.45,Sindh,0
05/04/2020,Melatonin,Sleep Aid,392,154,231,9.67,12.89,0.10,1985.06,496.27,KP,0
05/04/2020,Biotin,Vitamin,374,154,231,23.09,30.79,0.11,4741.66,"1,185.42",Sindh,1
05/04/2020,Green Tea Extract,Fat Burner,99,157,236,13.94,18.58,0.13,2917.06,729.27,KP,1
05/04/2020,Iron Supplement,Mineral,51,166,249,27.47,36.63,0.03,6080.58,"1,520.15",Sindh,1
05/04/2020,Electrolyte Powder,Hydration,107,133,200,12.86,17.14,0.17,2279.62,569.91,Punjab,1
05/11/2020,Whey Protein,Protein,295,146,219,15.17,20.22,0.13,2952.12,738.03,Punjab,0
05/11/2020,Vitamin C,Vitamin,253,127,191,28.52,38.03,0.16,4829.81,"1,207.45",Balochistan,1
05/11/2020,Fish Oil,Omega,359,141,212,34.63,46.17,0.13,6509.97,"1,627.49",Sindh,1
05/11/2020,Multivitamin,Vitamin,240,163,245,25.69,34.25,0.08,5582.75,"1,395.69",Punjab,1
05/11/2020,Pre-Workout,Performance,267,148,222,39.56,52.75,0.22,7807.00,"1,951.75",Sindh,0
05/11/2020,BCAA,Amino Acid,483,128,192,30.89,41.19,0.23,5272.32,"1,318.08",Punjab,1
05/11/2020,Creatine,Performance,274,127,191,22.1,29.47,0.14,3742.69,935.67,Punjab,0
05/11/2020,Zinc,Mineral,59,127,191,10.28,13.71,0.09,1741.17,435.29,Sindh,1
05/11/2020,Collagen Peptides,Protein,449,152,228,15.76,21.01,0.09,3193.52,798.38,Balochistan,0
05/11/2020,Magnesium,Mineral,115,127,191,24.91,33.21,0.18,4217.67,"1,054.42",Sindh,1
05/11/2020,Ashwagandha,Herbal,120,158,237,15.66,20.88,0.17,3299.04,824.76,Punjab,0
05/11/2020,Melatonin,Sleep Aid,308,160,240,9.99,13.32,0.19,2131.20,532.8,KP,0
05/11/2020,Biotin,Vitamin,408,161,242,37.61,50.15,0.13,8074.15,"2,018.54",Balochistan,1
05/11/2020,Green Tea Extract,Fat Burner,266,156,234,35.33,47.11,0.04,7349.16,"1,837.29",Punjab,1
05/11/2020,Iron Supplement,Mineral,336,168,252,41.56,55.41,0.19,9308.88,"2,327.22",KP,0
05/11/2020,Electrolyte Powder,Hydration,232,156,234,29.21,38.94,0.16,6074.64,"1,518.66",Sindh,1
5/18/2020,Whey Protein,Protein,176,149,224,17.66,23.55,0.05,3508.95,877.24,Sindh,0
5/18/2020,Vitamin C,Vitamin,175,140,210,23.43,31.24,0.23,4373.60,"1,093.40",Punjab,0
5/18/2020,Fish Oil,Omega,470,138,207,33.61,44.81,0.10,6183.78,"1,545.95",KP,0
5/18/2020,Multivitamin,Vitamin,104,156,234,17.7,23.6,0.17,3681.60,920.4,Punjab,0
5/18/2020,Pre-Workout,Performance,316,175,263,19.67,26.23,0.07,4590.25,"1,147.56",Punjab,0
5/18/2020,BCAA,Amino Acid,473,157,236,30.89,41.19,0.07,6466.83,"1,616.71",Sindh,0
5/18/2020,Creatine,Performance,236,162,243,36.03,48.04,0.05,7782.48,"1,945.62",Punjab,0
5/18/2020,Zinc,Mineral,366,157,236,23.72,31.62,0.01,4964.34,"1,241.09",KP,0
5/18/2020,Collagen Peptides,Protein,93,140,210,8.96,11.95,0.17,1673.00,418.25,Balochistan,0
5/18/2020,Magnesium,Mineral,492,168,252,19.7,26.26,0.23,4411.68,"1,102.92",KP,1
5/18/2020,Ashwagandha,Herbal,361,163,245,16.84,22.45,0.14,3659.35,914.84,Balochistan,1
5/18/2020,Melatonin,Sleep Aid,283,144,216,37.75,50.33,0.21,7247.52,"1,811.88",KP,0
5/18/2020,Biotin,Vitamin,72,140,210,22.92,30.56,0.03,4278.40,"1,069.60",KP,1
5/18/2020,Green Tea Extract,Fat Burner,384,145,218,28.73,38.31,0.08,5554.95,"1,388.74",KP,1
5/18/2020,Iron Supplement,Mineral,114,140,210,36.17,48.22,0.16,6750.80,"1,687.70",Punjab,1
5/18/2020,Electrolyte Powder,Hydration,218,154,231,30.92,41.23,0.22,6349.42,"1,587.36",Sindh,1
5/25/2020,Whey Protein,Protein,443,160,240,34.03,45.37,0.10,7259.20,"1,814.80",Punjab,1
5/25/2020,Vitamin C,Vitamin,441,153,230,42.35,56.46,0.09,8638.38,"2,159.60",Punjab,1
5/25/2020,Fish Oil,Omega,352,162,243,29.75,39.66,0.01,6424.92,"1,606.23",Sindh,0
5/25/2020,Multivitamin,Vitamin,126,156,234,21.5,28.66,0.24,4470.96,"1,117.74",Punjab,1
5/25/2020,Pre-Workout,Performance,494,150,225,33.65,44.86,0.16,6729.00,"1,682.25",Punjab,0
5/25/2020,BCAA,Amino Acid,171,136,204,30.89,41.19,0.04,5601.84,"1,400.46",KP,0
5/25/2020,Creatine,Performance,57,148,222,38.9,51.87,0.04,7676.76,"1,919.19",Sindh,0
5/25/2020,Zinc,Mineral,413,161,242,33.74,44.98,0.21,7241.78,"1,810.45",KP,0
5/25/2020,Collagen Peptides,Protein,190,150,225,13.26,17.68,0.14,2652.00,663,Punjab,0
5/25/2020,Magnesium,Mineral,85,171,257,29.73,39.64,0.09,6778.44,"1,694.61",Punjab,1
5/25/2020,Ashwagandha,Herbal,402,129,194,40.54,54.05,0.22,6972.45,"1,743.11",Balochistan,1
5/25/2020,Melatonin,Sleep Aid,369,139,209,40.73,54.3,0.05,7547.70,"1,886.93",Punjab,0
5/25/2020,Biotin,Vitamin,65,142,213,44.9,59.86,0.01,8500.12,"2,125.03",Balochistan,0
5/25/2020,Green Tea Extract,Fat Burner,325,149,224,9.84,13.12,0.08,1954.88,488.72,Balochistan,1
5/25/2020,Iron Supplement,Mineral,436,130,195,10.16,13.55,0.05,1761.50,440.38,KP,0
5/25/2020,Electrolyte Powder,Hydration,425,149,224,11.29,15.05,0.04,2242.45,560.61,Balochistan,0
06/01/2020,Whey Protein,Protein,358,142,213,19.73,26.31,0.07,3736.02,934.01,Punjab,1
06/01/2020,Vitamin C,Vitamin,308,134,201,20.83,27.77,0.17,3721.18,930.3,KP,1
06/01/2020,Fish Oil,Omega,181,139,209,13.01,17.35,0.09,2411.65,602.91,Balochistan,1
06/01/2020,Multivitamin,Vitamin,399,136,204,25.67,34.23,0.08,4655.28,"1,163.82",Sindh,0
06/01/2020,Pre-Workout,Performance,276,162,243,29.27,39.03,0.13,6322.86,"1,580.72",Sindh,0
06/01/2020,BCAA,Amino Acid,457,154,231,30.89,41.19,0.02,6343.26,"1,585.82",Balochistan,1
06/01/2020,Creatine,Performance,99,143,215,9.64,12.85,0.10,1837.55,459.39,Balochistan,0
06/01/2020,Zinc,Mineral,58,158,237,32.52,43.36,0.19,6850.88,"1,712.72",Balochistan,0
06/01/2020,Collagen Peptides,Protein,391,143,215,39.01,52.01,0.25,7437.43,"1,859.36",Punjab,0
06/01/2020,Magnesium,Mineral,274,145,218,25.85,34.47,0.19,4998.15,"1,249.54",Sindh,1
06/01/2020,Ashwagandha,Herbal,205,149,224,21.05,28.07,0.21,4182.43,"1,045.61",Balochistan,1
06/01/2020,Melatonin,Sleep Aid,82,144,216,36.09,48.12,0.03,6929.28,"1,732.32",Sindh,1
06/01/2020,Biotin,Vitamin,184,178,267,28.79,38.39,0.14,6833.42,"1,708.36",KP,1
06/01/2020,Green Tea Extract,Fat Burner,376,155,233,28.22,37.63,0.09,5832.65,"1,458.16",Balochistan,1
06/01/2020,Iron Supplement,Mineral,434,135,203,14.45,19.26,0.07,2600.10,650.03,Sindh,0
06/01/2020,Electrolyte Powder,Hydration,332,137,206,18.22,24.29,0.23,3327.73,831.93,Sindh,1
06/08/2020,Whey Protein,Protein,371,152,228,21.55,28.73,0.20,4366.96,"1,091.74",Sindh,1
06/08/2020,Vitamin C,Vitamin,179,130,195,39.2,52.26,0.20,6793.80,"1,698.45",Sindh,1
06/08/2020,Fish Oil,Omega,329,156,234,15.68,20.91,0.22,3261.96,815.49,Sindh,0
06/08/2020,Multivitamin,Vitamin,389,141,212,40.15,53.53,0.20,7547.73,"1,886.93",Punjab,1
06/08/2020,Pre-Workout,Performance,269,159,239,24.69,32.92,0.09,5234.28,"1,308.57",Punjab,0
06/08/2020,BCAA,Amino Acid,236,149,224,30.89,41.19,0.07,6137.31,"1,534.33",Punjab,0
06/08/2020,Creatine,Performance,184,140,210,25.05,33.4,0.12,4676.00,"1,169.00",Balochistan,0
06/08/2020,Zinc,Mineral,216,136,204,23.63,31.5,0.15,4284.00,"1,071.00",Balochistan,1
06/08/2020,Collagen Peptides,Protein,500,160,240,38.54,51.38,0.04,8220.80,"2,055.20",KP,0
06/08/2020,Magnesium,Mineral,97,138,207,26.65,35.53,0.15,4903.14,"1,225.79",Balochistan,1
06/08/2020,Ashwagandha,Herbal,186,150,225,9.38,12.51,0.01,1876.50,469.13,Sindh,1
06/08/2020,Melatonin,Sleep Aid,179,148,222,13.52,18.03,0.01,2668.44,667.11,Balochistan,1
06/08/2020,Biotin,Vitamin,259,140,210,34.67,46.23,0.03,6472.20,"1,618.05",Balochistan,0
06/08/2020,Green Tea Extract,Fat Burner,76,142,213,21.74,28.99,0.20,4116.58,"1,029.15",Sindh,1
06/08/2020,Iron Supplement,Mineral,498,159,239,36.48,48.64,0.06,7733.76,"1,933.44",Punjab,1
06/08/2020,Electrolyte Powder,Hydration,471,152,228,22.03,29.37,0.02,4464.24,"1,116.06",Punjab,1
6/15/2020,Whey Protein,Protein,82,163,245,36.57,48.76,0.06,7947.88,"1,986.97",Balochistan,1
6/15/2020,Vitamin C,Vitamin,283,156,234,17.45,23.27,0.15,3630.12,907.53,Balochistan,1
6/15/2020,Fish Oil,Omega,54,143,215,43.02,57.36,0.22,8202.48,"2,050.62",KP,0
6/15/2020,Multivitamin,Vitamin,477,142,213,43.63,58.17,0.00,8260.14,"2,065.04",Sindh,0
6/15/2020,Pre-Workout,Performance,259,158,237,44.63,59.51,0.08,9402.58,"2,350.65",KP,1
6/15/2020,BCAA,Amino Acid,359,129,194,30.89,41.19,0.09,5313.51,"1,328.38",Sindh,0
6/15/2020,Creatine,Performance,132,174,261,21.47,28.63,0.23,4981.62,"1,245.41",Balochistan,1
6/15/2020,Zinc,Mineral,310,130,195,29.82,39.76,0.04,5168.80,"1,292.20",Balochistan,0
6/15/2020,Collagen Peptides,Protein,353,148,222,16.75,22.33,0.12,3304.84,826.21,Balochistan,1
6/15/2020,Magnesium,Mineral,295,159,239,29.17,38.89,0.23,6183.51,"1,545.88",Punjab,0
6/15/2020,Ashwagandha,Herbal,214,160,240,7.76,10.34,0.05,1654.40,413.6,Sindh,1
6/15/2020,Melatonin,Sleep Aid,306,147,221,40.67,54.23,0.22,7971.81,"1,992.95",Balochistan,0
6/15/2020,Biotin,Vitamin,238,143,215,17.69,23.58,0.05,3371.94,842.99,Punjab,0
6/15/2020,Green Tea Extract,Fat Burner,246,144,216,38.66,51.55,0.03,7423.20,"1,855.80",Sindh,1
6/15/2020,Iron Supplement,Mineral,130,151,227,25.98,34.64,0.07,5230.64,"1,307.66",KP,0
6/15/2020,Electrolyte Powder,Hydration,220,148,222,11.87,15.83,0.14,2342.84,585.71,KP,1
6/22/2020,Whey Protein,Protein,76,144,216,32.2,42.93,0.23,6181.92,"1,545.48",Punjab,1
6/22/2020,Vitamin C,Vitamin,219,152,228,41.19,54.92,0.10,8347.84,"2,086.96",KP,0
6/22/2020,Fish Oil,Omega,120,162,243,29.13,38.84,0.12,6292.08,"1,573.02",Sindh,1
6/22/2020,Multivitamin,Vitamin,86,127,191,35.21,46.94,0.01,5961.38,"1,490.35",KP,0
6/22/2020,Pre-Workout,Performance,392,151,227,13.97,18.63,0.14,2813.13,703.28,KP,1
6/22/2020,BCAA,Amino Acid,234,174,261,30.89,41.19,0.06,7167.06,"1,791.77",KP,1
6/22/2020,Creatine,Performance,60,148,222,9.39,12.52,0.01,1852.96,463.24,Balochistan,1
6/22/2020,Zinc,Mineral,201,148,222,30.53,40.7,0.06,6023.60,"1,505.90",KP,1
6/22/2020,Collagen Peptides,Protein,469,145,218,38.27,51.03,0.12,7399.35,"1,849.84",Balochistan,1
6/22/2020,Magnesium,Mineral,154,145,218,19.81,26.41,0.05,3829.45,957.36,Sindh,1
6/22/2020,Ashwagandha,Herbal,208,149,224,39.04,52.05,0.06,7755.45,"1,938.86",Punjab,1
6/22/2020,Melatonin,Sleep Aid,236,162,243,21.92,29.23,0.11,4735.26,"1,183.82",KP,0
6/22/2020,Biotin,Vitamin,273,173,260,42.52,56.69,0.17,9807.37,"2,451.84",KP,1
6/22/2020,Green Tea Extract,Fat Burner,469,147,221,32.12,42.82,0.24,6294.54,"1,573.64",KP,0
6/22/2020,Iron Supplement,Mineral,421,158,237,23.16,30.88,0.03,4879.04,"1,219.76",Sindh,0
6/22/2020,Electrolyte Powder,Hydration,491,174,261,10.38,13.84,0.09,2408.16,602.04,Sindh,0
6/29/2020,Whey Protein,Protein,161,146,219,38.05,50.73,0.15,7406.58,"1,851.65",KP,1
6/29/2020,Vitamin C,Vitamin,480,141,212,20.81,27.74,0.10,3911.34,977.84,KP,0
6/29/2020,Fish Oil,Omega,203,156,234,22.32,29.76,0.05,4642.56,"1,160.64",Balochistan,1
6/29/2020,Multivitamin,Vitamin,87,163,245,23.22,30.96,0.04,5046.48,"1,261.62",Sindh,1
6/29/2020,Pre-Workout,Performance,399,152,228,26.34,35.12,0.18,5338.24,"1,334.56",Punjab,0
6/29/2020,BCAA,Amino Acid,467,139,209,30.89,41.19,0.23,5725.41,"1,431.35",KP,1
6/29/2020,Creatine,Performance,208,155,233,35.72,47.62,0.13,7381.10,"1,845.28",Punjab,0
6/29/2020,Zinc,Mineral,458,147,221,38.42,51.22,0.04,7529.34,"1,882.34",Punjab,0
6/29/2020,Collagen Peptides,Protein,247,151,227,23.68,31.57,0.09,4767.07,"1,191.77",KP,0
6/29/2020,Magnesium,Mineral,292,141,212,25.65,34.2,0.13,4822.20,"1,205.55",Balochistan,0
6/29/2020,Ashwagandha,Herbal,487,153,230,8.97,11.96,0.07,1829.88,457.47,KP,1
6/29/2020,Melatonin,Sleep Aid,325,146,219,20.47,27.29,0.17,3984.34,996.09,Balochistan,0
6/29/2020,Biotin,Vitamin,103,176,264,36.87,49.16,0.07,8652.16,"2,163.04",Punjab,0
6/29/2020,Green Tea Extract,Fat Burner,329,156,234,12.02,16.02,0.23,2499.12,624.78,Sindh,1
6/29/2020,Iron Supplement,Mineral,421,154,231,19.02,25.36,0.14,3905.44,976.36,KP,1
6/29/2020,Electrolyte Powder,Hydration,336,136,204,23.18,30.91,0.19,4203.76,"1,050.94",Sindh,0
07/06/2020,Whey Protein,Protein,53,129,194,11.26,15.01,0.00,1936.29,484.07,KP,0
07/06/2020,Vitamin C,Vitamin,56,154,231,16.27,21.69,0.01,3340.26,835.07,Balochistan,0
07/06/2020,Fish Oil,Omega,119,140,210,42.24,56.32,0.10,7884.80,"1,971.20",Balochistan,1
07/06/2020,Multivitamin,Vitamin,333,146,219,29.37,39.16,0.00,5717.36,"1,429.34",Punjab,0
07/06/2020,Pre-Workout,Performance,452,143,215,29.57,39.42,0.10,5637.06,"1,409.27",Sindh,1
07/06/2020,BCAA,Amino Acid,277,151,227,30.89,41.19,0.07,6219.69,"1,554.92",Balochistan,1
07/06/2020,Creatine,Performance,156,145,218,9.4,12.53,0.11,1816.85,454.21,Punjab,0
07/06/2020,Zinc,Mineral,459,162,243,15.98,21.3,0.20,3450.60,862.65,Punjab,0
07/06/2020,Collagen Peptides,Protein,342,131,197,20.15,26.87,0.22,3519.97,879.99,Sindh,1
07/06/2020,Magnesium,Mineral,271,139,209,9.42,12.56,0.12,1745.84,436.46,Sindh,0
07/06/2020,Ashwagandha,Herbal,162,144,216,27.38,36.5,0.04,5256.00,"1,314.00",KP,1
07/06/2020,Melatonin,Sleep Aid,358,162,243,13.27,17.69,0.04,2865.78,716.45,Sindh,1
07/06/2020,Biotin,Vitamin,215,145,218,32.99,43.98,0.01,6377.10,"1,594.28",Balochistan,1
07/06/2020,Green Tea Extract,Fat Burner,112,146,219,14.75,19.67,0.16,2871.82,717.96,Balochistan,0
07/06/2020,Iron Supplement,Mineral,195,167,251,18.65,24.86,0.06,4151.62,"1,037.91",Balochistan,1
07/06/2020,Electrolyte Powder,Hydration,252,140,210,38.48,51.3,0.17,7182.00,"1,795.50",KP,0
7/13/2020,Whey Protein,Protein,403,146,219,35.18,46.9,0.09,6847.40,"1,711.85",KP,1
7/13/2020,Vitamin C,Vitamin,452,141,212,44.72,59.63,0.04,8407.83,"2,101.96",Punjab,1
7/13/2020,Fish Oil,Omega,163,156,234,39.98,53.31,0.07,8316.36,"2,079.09",Sindh,0
7/13/2020,Multivitamin,Vitamin,214,154,231,23.53,31.37,0.08,4830.98,"1,207.75",Sindh,0
7/13/2020,Pre-Workout,Performance,151,165,248,42.54,56.72,0.17,9358.80,"2,339.70",KP,0
7/13/2020,BCAA,Amino Acid,498,152,228,30.89,41.19,0.20,6260.88,"1,565.22",Balochistan,1
7/13/2020,Creatine,Performance,472,142,213,36.2,48.27,0.06,6854.34,"1,713.59",KP,1
7/13/2020,Zinc,Mineral,140,132,198,44.22,58.96,0.17,7782.72,"1,945.68",Sindh,1
7/13/2020,Collagen Peptides,Protein,455,144,216,29.78,39.71,0.15,5718.24,"1,429.56",KP,1
7/13/2020,Magnesium,Mineral,173,153,230,17.85,23.8,0.19,3641.40,910.35,Balochistan,0
7/13/2020,Ashwagandha,Herbal,246,157,236,30.95,41.27,0.19,6479.39,"1,619.85",KP,1
7/13/2020,Melatonin,Sleep Aid,480,125,188,30.23,40.3,0.21,5037.50,"1,259.38",Sindh,0
7/13/2020,Biotin,Vitamin,63,159,239,25.45,33.93,0.23,5394.87,"1,348.72",Sindh,1
7/13/2020,Green Tea Extract,Fat Burner,63,149,224,10.56,14.08,0.06,2097.92,524.48,Punjab,0
7/13/2020,Iron Supplement,Mineral,399,155,233,28.06,37.41,0.04,5798.55,"1,449.64",Sindh,1
7/13/2020,Electrolyte Powder,Hydration,407,153,230,26.26,35.01,0.02,5356.53,"1,339.13",Punjab,1
7/20/2020,Whey Protein,Protein,264,154,231,41.9,55.86,0.10,8602.44,"2,150.61",Punjab,1
7/20/2020,Vitamin C,Vitamin,476,158,237,27.2,36.27,0.17,5730.66,"1,432.67",Sindh,0
7/20/2020,Fish Oil,Omega,319,161,242,32.99,43.98,0.24,7080.78,"1,770.20",Punjab,1
7/20/2020,Multivitamin,Vitamin,147,139,209,31.27,41.69,0.15,5794.91,"1,448.73",Punjab,0
7/20/2020,Pre-Workout,Performance,247,158,237,32.44,43.25,0.14,6833.50,"1,708.38",KP,1
7/20/2020,BCAA,Amino Acid,92,134,201,30.89,41.19,0.23,5519.46,"1,379.87",Balochistan,1
7/20/2020,Creatine,Performance,272,132,198,34.84,46.45,0.19,6131.40,"1,532.85",Balochistan,0
7/20/2020,Zinc,Mineral,397,145,218,7.98,10.64,0.14,1542.80,385.7,Sindh,1
7/20/2020,Collagen Peptides,Protein,179,180,270,26.79,35.72,0.02,6429.60,"1,607.40",Balochistan,0
7/20/2020,Magnesium,Mineral,364,146,219,22.08,29.44,0.06,4298.24,"1,074.56",Balochistan,0
7/20/2020,Ashwagandha,Herbal,159,143,215,14.13,18.84,0.25,2694.12,673.53,KP,1
7/20/2020,Melatonin,Sleep Aid,129,151,227,44.84,59.78,0.15,9026.78,"2,256.70",KP,0
7/20/2020,Biotin,Vitamin,496,144,216,22.61,30.14,0.17,4340.16,"1,085.04",KP,0
7/20/2020,Green Tea Extract,Fat Burner,404,143,215,31.22,41.62,0.03,5951.66,"1,487.92",KP,0
7/20/2020,Iron Supplement,Mineral,83,157,236,35.75,47.67,0.22,7484.19,"1,871.05",Balochistan,1
7/20/2020,Electrolyte Powder,Hydration,73,159,239,14.5,19.33,0.01,3073.47,768.37,Punjab,1
7/27/2020,Whey Protein,Protein,434,148,222,39.38,52.5,0.05,7770.00,"1,942.50",Punjab,1
7/27/2020,Vitamin C,Vitamin,112,183,275,25.44,33.92,0.15,6207.36,"1,551.84",Balochistan,0
7/27/2020,Fish Oil,Omega,125,130,195,11.45,15.27,0.15,1985.10,496.28,Balochistan,0
7/27/2020,Multivitamin,Vitamin,198,140,210,38.25,51,0.01,7140.00,"1,785.00",Balochistan,1
7/27/2020,Pre-Workout,Performance,131,157,236,19.04,25.39,0.15,3986.23,996.56,Sindh,0
7/27/2020,BCAA,Amino Acid,110,162,243,30.89,41.19,0.09,6672.78,"1,668.20",Balochistan,1
7/27/2020,Creatine,Performance,473,149,224,33.82,45.09,0.14,6718.41,"1,679.60",Balochistan,0
7/27/2020,Zinc,Mineral,167,170,255,19.34,25.79,0.01,4384.30,"1,096.08",Punjab,0
7/27/2020,Collagen Peptides,Protein,87,157,236,32.84,43.78,0.10,6873.46,"1,718.37",KP,0
7/27/2020,Magnesium,Mineral,303,148,222,42.56,56.74,0.06,8397.52,"2,099.38",Sindh,0
7/27/2020,Ashwagandha,Herbal,399,153,230,21.67,28.89,0.02,4420.17,"1,105.04",Punjab,0
7/27/2020,Melatonin,Sleep Aid,480,150,225,32.18,42.91,0.25,6436.50,"1,609.13",Sindh,1
7/27/2020,Biotin,Vitamin,499,145,218,11.82,15.76,0.22,2285.20,571.3,Balochistan,0
7/27/2020,Green Tea Extract,Fat Burner,292,146,219,24.08,32.1,0.16,4686.60,"1,171.65",Punjab,1
7/27/2020,Iron Supplement,Mineral,398,155,233,13.18,17.57,0.12,2723.35,680.84,Balochistan,0
7/27/2020,Electrolyte Powder,Hydration,194,153,230,20.18,26.9,0.03,4115.70,"1,028.93",KP,0
08/03/2020,Whey Protein,Protein,267,136,204,15.33,20.44,0.01,2779.84,694.96,KP,0
08/03/2020,Vitamin C,Vitamin,53,153,230,29.14,38.85,0.09,5944.05,"1,486.01",KP,1
08/03/2020,Fish Oil,Omega,241,151,227,28.72,38.29,0.23,5781.79,"1,445.45",Punjab,0
08/03/2020,Multivitamin,Vitamin,87,142,213,13.18,17.57,0.11,2494.94,623.74,Sindh,0
08/03/2020,Pre-Workout,Performance,291,160,240,38.57,51.42,0.02,8227.20,"2,056.80",KP,0
08/03/2020,BCAA,Amino Acid,325,155,233,30.89,41.19,0.07,6384.45,"1,596.11",Sindh,1
08/03/2020,Creatine,Performance,459,134,201,43.91,58.55,0.04,7845.70,"1,961.43",Balochistan,0
08/03/2020,Zinc,Mineral,83,119,179,26.86,35.81,0.15,4261.39,"1,065.35",KP,1
08/03/2020,Collagen Peptides,Protein,387,156,234,37.86,50.48,0.24,7874.88,"1,968.72",Punjab,0
08/03/2020,Magnesium,Mineral,145,162,243,12.46,16.61,0.11,2690.82,672.71,Punjab,1
08/03/2020,Ashwagandha,Herbal,390,146,219,29.98,39.97,0.23,5835.62,"1,458.91",KP,0
08/03/2020,Melatonin,Sleep Aid,312,139,209,9.32,12.42,0.21,1726.38,431.6,Sindh,0
08/03/2020,Biotin,Vitamin,288,153,230,37.49,49.99,0.14,7648.47,"1,912.12",KP,1
08/03/2020,Green Tea Extract,Fat Burner,225,155,233,29.95,39.93,0.10,6189.15,"1,547.29",Sindh,0
08/03/2020,Iron Supplement,Mineral,464,151,227,15.77,21.02,0.16,3174.02,793.51,KP,1
08/03/2020,Electrolyte Powder,Hydration,279,137,206,30.17,40.22,0.19,5510.14,"1,377.54",Sindh,0
08/10/2020,Whey Protein,Protein,302,139,209,10.51,14.01,0.11,1947.39,486.85,Punjab,0
08/10/2020,Vitamin C,Vitamin,119,137,206,22.01,29.34,0.01,4019.58,"1,004.90",KP,0
08/10/2020,Fish Oil,Omega,176,150,225,21.86,29.14,0.21,4371.00,"1,092.75",Punjab,0
08/10/2020,Multivitamin,Vitamin,364,150,225,10.17,13.56,0.14,2034.00,508.5,Punjab,1
08/10/2020,Pre-Workout,Performance,59,167,251,43.49,57.99,0.01,9684.33,"2,421.08",KP,0
08/10/2020,BCAA,Amino Acid,291,120,180,30.89,41.19,0.16,4942.80,"1,235.70",Sindh,0
08/10/2020,Creatine,Performance,186,176,264,18.62,24.83,0.02,4370.08,"1,092.52",Sindh,0
08/10/2020,Zinc,Mineral,308,134,201,26.95,35.93,0.06,4814.62,"1,203.66",Balochistan,0
08/10/2020,Collagen Peptides,Protein,183,177,266,21.83,29.11,0.14,5152.47,"1,288.12",KP,1
08/10/2020,Magnesium,Mineral,372,155,233,25.86,34.48,0.10,5344.40,"1,336.10",KP,1
08/10/2020,Ashwagandha,Herbal,474,144,216,11.19,14.92,0.24,2148.48,537.12,KP,1
08/10/2020,Melatonin,Sleep Aid,283,158,237,22.25,29.66,0.06,4686.28,"1,171.57",Sindh,0
08/10/2020,Biotin,Vitamin,390,137,206,32.91,43.88,0.14,6011.56,"1,502.89",KP,1
08/10/2020,Green Tea Extract,Fat Burner,317,171,257,18.02,24.03,0.09,4109.13,"1,027.28",KP,1
08/10/2020,Iron Supplement,Mineral,262,166,249,15.92,21.23,0.10,3524.18,881.05,KP,1
08/10/2020,Electrolyte Powder,Hydration,74,162,243,34.91,46.54,0.11,7539.48,"1,884.87",Balochistan,0
8/17/2020,Whey Protein,Protein,234,163,245,39.99,53.32,0.01,8691.16,"2,172.79",KP,0
8/17/2020,Vitamin C,Vitamin,243,135,203,28.07,37.43,0.10,5053.05,"1,263.26",Punjab,0
8/17/2020,Fish Oil,Omega,431,156,234,12.49,16.65,0.04,2597.40,649.35,Punjab,0
8/17/2020,Multivitamin,Vitamin,351,145,218,25.64,34.19,0.10,4957.55,"1,239.39",KP,1
8/17/2020,Pre-Workout,Performance,268,153,230,13.55,18.07,0.12,2764.71,691.18,Sindh,1
8/17/2020,BCAA,Amino Acid,428,152,228,30.89,41.19,0.01,6260.88,"1,565.22",KP,0
8/17/2020,Creatine,Performance,143,161,242,17.3,23.06,0.17,3712.66,928.17,Balochistan,1
8/17/2020,Zinc,Mineral,429,162,243,30.38,40.51,0.12,6562.62,"1,640.66",KP,0
8/17/2020,Collagen Peptides,Protein,398,141,212,29.97,39.96,0.13,5634.36,"1,408.59",KP,1
8/17/2020,Magnesium,Mineral,404,142,213,8.4,11.2,0.15,1590.40,397.6,Sindh,1
8/17/2020,Ashwagandha,Herbal,446,137,206,10.93,14.57,0.16,1996.09,499.02,KP,0
8/17/2020,Melatonin,Sleep Aid,449,147,221,41.12,54.83,0.05,8060.01,"2,015.00",Sindh,0
8/17/2020,Biotin,Vitamin,371,165,248,40.9,54.53,0.15,8997.45,"2,249.36",KP,1
8/17/2020,Green Tea Extract,Fat Burner,275,147,221,41.74,55.65,0.14,8180.55,"2,045.14",Balochistan,0
8/17/2020,Iron Supplement,Mineral,281,141,212,16.76,22.34,0.08,3149.94,787.49,Balochistan,0
8/17/2020,Electrolyte Powder,Hydration,82,153,230,30.58,40.77,0.02,6237.81,"1,559.45",Punjab,0
8/24/2020,Whey Protein,Protein,346,137,206,15.53,20.7,0.07,2835.90,708.98,Balochistan,1
8/24/2020,Vitamin C,Vitamin,461,162,243,31.85,42.47,0.17,6880.14,"1,720.04",Punjab,0
8/24/2020,Fish Oil,Omega,122,173,260,13.27,17.69,0.22,3060.37,765.09,Balochistan,0
8/24/2020,Multivitamin,Vitamin,411,152,228,32.96,43.95,0.23,6680.40,"1,670.10",Balochistan,0
8/24/2020,Pre-Workout,Performance,324,158,237,40.49,53.99,0.01,8530.42,"2,132.61",KP,0
8/24/2020,BCAA,Amino Acid,128,168,252,30.89,41.19,0.03,6919.92,"1,729.98",Balochistan,1
8/24/2020,Creatine,Performance,154,150,225,16.46,21.95,0.19,3292.50,823.13,Balochistan,1
8/24/2020,Zinc,Mineral,239,143,215,15.36,20.48,0.24,2928.64,732.16,KP,1
8/24/2020,Collagen Peptides,Protein,225,174,261,36.82,49.09,0.19,8541.66,"2,135.42",KP,1
8/24/2020,Magnesium,Mineral,180,134,201,34.85,46.47,0.14,6226.98,"1,556.75",Sindh,1
8/24/2020,Ashwagandha,Herbal,411,150,225,23.53,31.37,0.16,4705.50,"1,176.38",Punjab,1
8/24/2020,Melatonin,Sleep Aid,445,140,210,17.6,23.46,0.05,3284.40,821.1,Balochistan,1
8/24/2020,Biotin,Vitamin,254,170,255,35.67,47.56,0.22,8085.20,"2,021.30",Punjab,1
8/24/2020,Green Tea Extract,Fat Burner,215,146,219,9.84,13.12,0.12,1915.52,478.88,KP,1
8/24/2020,Iron Supplement,Mineral,430,140,210,37.83,50.44,0.22,7061.60,"1,765.40",KP,1
8/24/2020,Electrolyte Powder,Hydration,67,165,248,36.17,48.23,0.04,7957.95,"1,989.49",KP,1
8/31/2020,Whey Protein,Protein,416,176,264,19.94,26.58,0.13,4678.08,"1,169.52",KP,1
8/31/2020,Vitamin C,Vitamin,348,150,225,19.2,25.6,0.20,3840.00,960,Balochistan,0
8/31/2020,Fish Oil,Omega,359,144,216,35.69,47.59,0.20,6852.96,"1,713.24",KP,1
8/31/2020,Multivitamin,Vitamin,380,143,215,12.44,16.58,0.18,2370.94,592.74,Balochistan,0
8/31/2020,Pre-Workout,Performance,441,156,234,40.24,53.65,0.04,8369.40,"2,092.35",Sindh,1
8/31/2020,BCAA,Amino Acid,341,158,237,30.89,41.19,0.10,6508.02,"1,627.01",Punjab,0
8/31/2020,Creatine,Performance,186,164,246,14.6,19.46,0.18,3191.44,797.86,Punjab,0
8/31/2020,Zinc,Mineral,208,154,231,38.58,51.44,0.21,7921.76,"1,980.44",Sindh,0
8/31/2020,Collagen Peptides,Protein,404,132,198,32.66,43.55,0.17,5748.60,"1,437.15",Punjab,1
8/31/2020,Magnesium,Mineral,452,167,251,11.72,15.63,0.10,2610.21,652.55,Sindh,1
8/31/2020,Ashwagandha,Herbal,263,156,234,17.65,23.53,0.06,3670.68,917.67,Sindh,1
8/31/2020,Melatonin,Sleep Aid,369,142,213,22.25,29.66,0.03,4211.72,"1,052.93",KP,1
8/31/2020,Biotin,Vitamin,390,151,227,21.35,28.46,0.09,4297.46,"1,074.37",Sindh,1
8/31/2020,Green Tea Extract,Fat Burner,284,151,227,40.5,54,0.13,8154.00,"2,038.50",Balochistan,0
8/31/2020,Iron Supplement,Mineral,230,140,210,32.37,43.16,0.15,6042.40,"1,510.60",Sindh,1
8/31/2020,Electrolyte Powder,Hydration,204,147,221,14.84,19.79,0.21,2909.13,727.28,Sindh,0
09/07/2020,Whey Protein,Protein,205,147,221,17.12,22.83,0.19,3356.01,839,KP,0
09/07/2020,Vitamin C,Vitamin,454,143,215,44.84,59.79,0.11,8549.97,"2,137.49",Balochistan,0
09/07/2020,Fish Oil,Omega,429,144,216,15.16,20.21,0.10,2910.24,727.56,Punjab,0
09/07/2020,Multivitamin,Vitamin,101,164,246,13.79,18.39,0.03,3015.96,753.99,KP,1
09/07/2020,Pre-Workout,Performance,285,147,221,26.72,35.62,0.09,5236.14,"1,309.04",Punjab,0
09/07/2020,BCAA,Amino Acid,491,154,231,30.89,41.19,0.01,6343.26,"1,585.82",KP,1
09/07/2020,Creatine,Performance,161,140,210,14.62,19.49,0.01,2728.60,682.15,Balochistan,1
09/07/2020,Zinc,Mineral,380,162,243,24.16,32.21,0.17,5218.02,"1,304.51",Punjab,0
09/07/2020,Collagen Peptides,Protein,214,165,248,7.88,10.5,0.19,1732.50,433.13,Punjab,0
09/07/2020,Magnesium,Mineral,378,140,210,44.71,59.61,0.21,8345.40,"2,086.35",Balochistan,0
09/07/2020,Ashwagandha,Herbal,119,158,237,7.76,10.35,0.10,1635.30,408.83,KP,1
09/07/2020,Melatonin,Sleep Aid,351,163,245,38.54,51.38,0.00,8374.94,"2,093.74",Balochistan,0
09/07/2020,Biotin,Vitamin,397,140,210,10.06,13.41,0.05,1877.40,469.35,Balochistan,0
09/07/2020,Green Tea Extract,Fat Burner,64,142,213,21.63,28.84,0.22,4095.28,"1,023.82",KP,0
09/07/2020,Iron Supplement,Mineral,149,150,225,11.51,15.34,0.24,2301.00,575.25,KP,1
09/07/2020,Electrolyte Powder,Hydration,353,142,213,19.52,26.02,0.04,3694.84,923.71,Balochistan,1
9/14/2020,Whey Protein,Protein,499,133,200,12.14,16.19,0.02,2153.27,538.32,Sindh,1
9/14/2020,Vitamin C,Vitamin,236,138,207,27.92,37.23,0.02,5137.74,"1,284.44",KP,0
9/14/2020,Fish Oil,Omega,155,140,210,13.83,18.44,0.21,2581.60,645.4,KP,1
9/14/2020,Multivitamin,Vitamin,499,150,225,42.56,56.74,0.23,8511.00,"2,127.75",Balochistan,0
9/14/2020,Pre-Workout,Performance,230,167,251,18.16,24.21,0.07,4043.07,"1,010.77",KP,1
9/14/2020,BCAA,Amino Acid,493,146,219,30.89,41.19,0.17,6013.74,"1,503.44",Punjab,0
9/14/2020,Creatine,Performance,416,143,215,37.37,49.82,0.18,7124.26,"1,781.07",Punjab,0
9/14/2020,Zinc,Mineral,482,136,204,10.78,14.37,0.09,1954.32,488.58,Balochistan,0
9/14/2020,Collagen Peptides,Protein,231,118,177,43.34,57.78,0.24,6818.04,"1,704.51",Punjab,1
9/14/2020,Magnesium,Mineral,491,120,180,22.21,29.61,0.24,3553.20,888.3,Punjab,1
9/14/2020,Ashwagandha,Herbal,478,160,240,44.3,59.06,0.10,9449.60,"2,362.40",Balochistan,0
9/14/2020,Melatonin,Sleep Aid,398,144,216,14.7,19.6,0.04,2822.40,705.6,Balochistan,0
9/14/2020,Biotin,Vitamin,351,171,257,30.95,41.27,0.20,7057.17,"1,764.29",Balochistan,1
9/14/2020,Green Tea Extract,Fat Burner,168,144,216,31.34,41.78,0.09,6016.32,"1,504.08",Punjab,0
9/14/2020,Iron Supplement,Mineral,122,153,230,21.83,29.11,0.03,4453.83,"1,113.46",KP,0
9/14/2020,Electrolyte Powder,Hydration,117,140,210,31.61,42.14,0.15,5899.60,"1,474.90",Punjab,1
9/21/2020,Whey Protein,Protein,188,145,218,15.15,20.2,0.12,2929.00,732.25,Punjab,1
9/21/2020,Vitamin C,Vitamin,437,137,206,40.64,54.18,0.09,7422.66,"1,855.67",Balochistan,0
9/21/2020,Fish Oil,Omega,85,143,215,30.37,40.49,0.06,5790.07,"1,447.52",Punjab,0
9/21/2020,Multivitamin,Vitamin,322,129,194,18.68,24.9,0.02,3212.10,803.03,Punjab,0
9/21/2020,Pre-Workout,Performance,162,133,200,42.23,56.3,0.04,7487.90,"1,871.98",Sindh,0
9/21/2020,BCAA,Amino Acid,216,138,207,30.89,41.19,0.22,5684.22,"1,421.06",Balochistan,1
9/21/2020,Creatine,Performance,188,151,227,13.73,18.31,0.23,2764.81,691.2,Sindh,0
9/21/2020,Zinc,Mineral,461,145,218,20.21,26.94,0.24,3906.30,976.58,KP,1
9/21/2020,Collagen Peptides,Protein,394,153,230,9.36,12.48,0.06,1909.44,477.36,KP,1
9/21/2020,Magnesium,Mineral,58,139,209,41.97,55.96,0.11,7778.44,"1,944.61",Sindh,0
9/21/2020,Ashwagandha,Herbal,148,182,273,25.84,34.45,0.09,6269.90,"1,567.48",Sindh,0
9/21/2020,Melatonin,Sleep Aid,447,152,228,37.94,50.59,0.09,7689.68,"1,922.42",Balochistan,0
9/21/2020,Biotin,Vitamin,430,164,246,37.28,49.7,0.24,8150.80,"2,037.70",Balochistan,0
9/21/2020,Green Tea Extract,Fat Burner,360,159,239,39.19,52.25,0.10,8307.75,"2,076.94",Balochistan,1
9/21/2020,Iron Supplement,Mineral,469,146,219,24.39,32.52,0.19,4747.92,"1,186.98",Punjab,1
9/21/2020,Electrolyte Powder,Hydration,81,155,233,35.6,47.47,0.14,7357.85,"1,839.46",Sindh,0
9/28/2020,Whey Protein,Protein,93,142,213,25.6,34.13,0.05,4846.46,"1,211.62",Punjab,0
9/28/2020,Vitamin C,Vitamin,466,147,221,41.18,54.9,0.13,8070.30,"2,017.58",KP,0
9/28/2020,Fish Oil,Omega,52,141,212,12.13,16.17,0.05,2279.97,569.99,Balochistan,1
9/28/2020,Multivitamin,Vitamin,344,140,210,38.96,51.95,0.14,7273.00,"1,818.25",Sindh,0
9/28/2020,Pre-Workout,Performance,395,158,237,34.92,46.56,0.19,7356.48,"1,839.12",Sindh,0
9/28/2020,BCAA,Amino Acid,413,153,230,30.89,41.19,0.02,6302.07,"1,575.52",Balochistan,1
9/28/2020,Creatine,Performance,281,133,200,38.09,50.79,0.15,6755.07,"1,688.77",KP,0
9/28/2020,Zinc,Mineral,398,149,224,20.25,27,0.22,4023.00,"1,005.75",KP,1
9/28/2020,Collagen Peptides,Protein,443,161,242,14.32,19.09,0.11,3073.49,768.37,KP,1
9/28/2020,Magnesium,Mineral,139,158,237,31.33,41.77,0.05,6599.66,"1,649.92",Punjab,1
9/28/2020,Ashwagandha,Herbal,249,119,179,28.49,37.99,0.21,4520.81,"1,130.20",Sindh,1
9/28/2020,Melatonin,Sleep Aid,318,148,222,34.47,45.96,0.23,6802.08,"1,700.52",Punjab,0
9/28/2020,Biotin,Vitamin,130,141,212,34.73,46.3,0.03,6528.30,"1,632.08",Punjab,0
9/28/2020,Green Tea Extract,Fat Burner,131,151,227,30.02,40.03,0.04,6044.53,"1,511.13",Balochistan,0
9/28/2020,Iron Supplement,Mineral,68,158,237,36.08,48.11,0.15,7601.38,"1,900.35",KP,1
9/28/2020,Electrolyte Powder,Hydration,233,156,234,30.09,40.12,0.12,6258.72,"1,564.68",KP,0
10/05/2020,Whey Protein,Protein,145,144,216,14.91,19.88,0.20,2862.72,715.68,Sindh,0
10/05/2020,Vitamin C,Vitamin,229,130,195,32.19,42.92,0.11,5579.60,"1,394.90",Sindh,0
10/05/2020,Fish Oil,Omega,160,152,228,42.48,56.64,0.23,8609.28,"2,152.32",Sindh,1
10/05/2020,Multivitamin,Vitamin,323,144,216,8.88,11.84,0.12,1704.96,426.24,Punjab,1
10/05/2020,Pre-Workout,Performance,102,171,257,28.23,37.64,0.19,6436.44,"1,609.11",KP,0
10/05/2020,BCAA,Amino Acid,75,130,195,30.89,41.19,0.15,5354.70,"1,338.68",KP,1
10/05/2020,Creatine,Performance,194,149,224,10.31,13.74,0.03,2047.26,511.82,KP,1
10/05/2020,Zinc,Mineral,279,140,210,26.44,35.25,0.19,4935.00,"1,233.75",Punjab,0
10/05/2020,Collagen Peptides,Protein,210,153,230,8.87,11.82,0.01,1808.46,452.12,Punjab,1
10/05/2020,Magnesium,Mineral,435,133,200,23.92,31.89,0.21,4241.37,"1,060.34",Balochistan,1
10/05/2020,Ashwagandha,Herbal,359,147,221,24.34,32.45,0.14,4770.15,"1,192.54",KP,1
10/05/2020,Melatonin,Sleep Aid,454,144,216,11.5,15.33,0.09,2207.52,551.88,KP,0
10/05/2020,Biotin,Vitamin,417,154,231,18.2,24.26,0.16,3736.04,934.01,Sindh,1
10/05/2020,Green Tea Extract,Fat Burner,91,149,224,18.08,24.1,0.08,3590.90,897.72,Sindh,0
10/05/2020,Iron Supplement,Mineral,293,124,186,41.73,55.64,0.15,6899.36,"1,724.84",Sindh,0
10/05/2020,Electrolyte Powder,Hydration,127,140,210,39.45,52.6,0.14,7364.00,"1,841.00",Sindh,0
10/12/2020,Whey Protein,Protein,403,131,197,43.64,58.18,0.09,7621.58,"1,905.40",Balochistan,1
10/12/2020,Vitamin C,Vitamin,218,129,194,42.47,56.63,0.14,7305.27,"1,826.32",Sindh,0
10/12/2020,Fish Oil,Omega,83,153,230,22.74,30.32,0.22,4638.96,"1,159.74",Punjab,1
10/12/2020,Multivitamin,Vitamin,69,168,252,12.42,16.56,0.08,2782.08,695.52,Sindh,1
10/12/2020,Pre-Workout,Performance,452,170,255,32.87,43.82,0.08,7449.40,"1,862.35",Balochistan,1
10/12/2020,BCAA,Amino Acid,332,160,240,30.89,41.19,0.15,6590.40,"1,647.60",Balochistan,1
10/12/2020,Creatine,Performance,176,144,216,13.05,17.4,0.25,2505.60,626.4,Sindh,1
10/12/2020,Zinc,Mineral,479,134,201,36.34,48.45,0.11,6492.30,"1,623.08",Punjab,0
10/12/2020,Collagen Peptides,Protein,413,148,222,40.7,54.26,0.02,8030.48,"2,007.62",Balochistan,1
10/12/2020,Magnesium,Mineral,318,170,255,38.61,51.48,0.03,8751.60,"2,187.90",Punjab,0
10/12/2020,Ashwagandha,Herbal,254,156,234,42.68,56.91,0.07,8877.96,"2,219.49",Balochistan,0
10/12/2020,Melatonin,Sleep Aid,77,157,236,42.35,56.47,0.05,8865.79,"2,216.45",Balochistan,1
10/12/2020,Biotin,Vitamin,269,159,239,22.02,29.36,0.07,4668.24,"1,167.06",Sindh,1
10/12/2020,Green Tea Extract,Fat Burner,328,146,219,23.8,31.73,0.22,4632.58,"1,158.15",Punjab,1
10/12/2020,Iron Supplement,Mineral,369,177,266,19.73,26.31,0.19,4656.87,"1,164.22",Sindh,0
10/12/2020,Electrolyte Powder,Hydration,328,154,231,35.34,47.12,0.06,7256.48,"1,814.12",Punjab,0
10/19/2020,Whey Protein,Protein,65,143,215,13.8,18.4,0.09,2631.20,657.8,KP,1
10/19/2020,Vitamin C,Vitamin,91,124,186,40.67,54.22,0.04,6723.28,"1,680.82",Punjab,0
10/19/2020,Fish Oil,Omega,284,156,234,33.79,45.05,0.10,7027.80,"1,756.95",Balochistan,1
10/19/2020,Multivitamin,Vitamin,468,156,234,21.31,28.41,0.24,4431.96,"1,107.99",Balochistan,0
10/19/2020,Pre-Workout,Performance,110,150,225,34.4,45.86,0.15,6879.00,"1,719.75",KP,0
10/19/2020,BCAA,Amino Acid,214,166,249,30.89,41.19,0.10,6837.54,"1,709.39",KP,1
10/19/2020,Creatine,Performance,255,157,236,39.86,53.15,0.12,8344.55,"2,086.14",Sindh,0
10/19/2020,Zinc,Mineral,347,152,228,40.42,53.89,0.05,8191.28,"2,047.82",KP,0
10/19/2020,Collagen Peptides,Protein,131,152,228,43.94,58.59,0.13,8905.68,"2,226.42",Balochistan,1
10/19/2020,Magnesium,Mineral,380,149,224,18.94,25.25,0.05,3762.25,940.56,KP,0
10/19/2020,Ashwagandha,Herbal,148,142,213,25.19,33.58,0.06,4768.36,"1,192.09",Punjab,0
10/19/2020,Melatonin,Sleep Aid,322,144,216,20.36,27.15,0.25,3909.60,977.4,Punjab,0
10/19/2020,Biotin,Vitamin,415,137,206,24.77,33.02,0.18,4523.74,"1,130.94",Sindh,1
10/19/2020,Green Tea Extract,Fat Burner,444,122,183,34.52,46.02,0.07,5614.44,"1,403.61",KP,1
10/19/2020,Iron Supplement,Mineral,184,118,177,36.54,48.72,0.03,5748.96,"1,437.24",Sindh,1
10/19/2020,Electrolyte Powder,Hydration,368,154,231,8.52,11.36,0.20,1749.44,437.36,Balochistan,1
10/26/2020,Whey Protein,Protein,499,148,222,25.39,33.85,0.10,5009.80,"1,252.45",Sindh,0
10/26/2020,Vitamin C,Vitamin,303,168,252,30.56,40.75,0.23,6846.00,"1,711.50",Punjab,0
10/26/2020,Fish Oil,Omega,171,150,225,17.95,23.93,0.24,3589.50,897.38,Punjab,0
10/26/2020,Multivitamin,Vitamin,187,153,230,17.96,23.95,0.10,3664.35,916.09,Punjab,0
10/26/2020,Pre-Workout,Performance,443,124,186,10.6,14.13,0.04,1752.12,438.03,Sindh,1
10/26/2020,BCAA,Amino Acid,267,150,225,30.89,41.19,0.02,6178.50,"1,544.63",Balochistan,1
10/26/2020,Creatine,Performance,223,144,216,41.61,55.48,0.00,7989.12,"1,997.28",Balochistan,1
10/26/2020,Zinc,Mineral,339,177,266,13.55,18.07,0.24,3198.39,799.6,Balochistan,0
10/26/2020,Collagen Peptides,Protein,421,148,222,35,46.66,0.25,6905.68,"1,726.42",Punjab,1
10/26/2020,Magnesium,Mineral,79,151,227,22.71,30.28,0.04,4572.28,"1,143.07",Punjab,0
10/26/2020,Ashwagandha,Herbal,458,165,248,30.12,40.16,0.06,6626.40,"1,656.60",Sindh,0
10/26/2020,Melatonin,Sleep Aid,475,157,236,44.63,59.51,0.15,9343.07,"2,335.77",Balochistan,0
10/26/2020,Biotin,Vitamin,328,160,240,21.92,29.23,0.09,4676.80,"1,169.20",Balochistan,1
10/26/2020,Green Tea Extract,Fat Burner,263,161,242,37.28,49.7,0.14,8001.70,"2,000.43",Sindh,0
10/26/2020,Iron Supplement,Mineral,340,162,243,15.92,21.22,0.13,3437.64,859.41,Sindh,0
10/26/2020,Electrolyte Powder,Hydration,275,150,225,43.76,58.35,0.14,8752.50,"2,188.13",KP,1
11/02/2020,Whey Protein,Protein,298,135,203,40.05,53.4,0.15,7209.00,"1,802.25",KP,1
11/02/2020,Vitamin C,Vitamin,334,145,218,24.68,32.9,0.10,4770.50,"1,192.63",Balochistan,1
11/02/2020,Fish Oil,Omega,272,181,272,20.55,27.4,0.22,4959.40,"1,239.85",Balochistan,0
11/02/2020,Multivitamin,Vitamin,438,148,222,27.23,36.3,0.17,5372.40,"1,343.10",KP,1
11/02/2020,Pre-Workout,Performance,443,159,239,9.35,12.46,0.10,1981.14,495.29,Balochistan,1
11/02/2020,BCAA,Amino Acid,490,143,215,30.89,41.19,0.05,5890.17,"1,472.54",KP,1
11/02/2020,Creatine,Performance,80,148,222,44.38,59.17,0.06,8757.16,"2,189.29",Balochistan,0
11/02/2020,Zinc,Mineral,464,158,237,10.82,14.43,0.17,2279.94,569.99,Punjab,0
11/02/2020,Collagen Peptides,Protein,254,153,230,15.41,20.55,0.21,3144.15,786.04,Sindh,1
11/02/2020,Magnesium,Mineral,296,164,246,15.66,20.88,0.03,3424.32,856.08,Punjab,1
11/02/2020,Ashwagandha,Herbal,334,128,192,20.54,27.39,0.16,3505.92,876.48,Punjab,1
11/02/2020,Melatonin,Sleep Aid,431,134,201,16.46,21.94,0.05,2939.96,734.99,Balochistan,0
11/02/2020,Biotin,Vitamin,378,157,236,21.25,28.33,0.10,4447.81,"1,111.95",KP,1
11/02/2020,Green Tea Extract,Fat Burner,57,140,210,19.39,25.85,0.07,3619.00,904.75,Sindh,0
11/02/2020,Iron Supplement,Mineral,214,164,246,33.27,44.36,0.08,7275.04,"1,818.76",Punjab,1
11/02/2020,Electrolyte Powder,Hydration,427,157,236,22.85,30.46,0.08,4782.22,"1,195.56",KP,0
11/09/2020,Whey Protein,Protein,291,160,240,37.94,50.58,0.07,8092.80,"2,023.20",Balochistan,1
11/09/2020,Vitamin C,Vitamin,144,158,237,44.53,59.37,0.06,9380.46,"2,345.12",KP,0
11/09/2020,Fish Oil,Omega,185,154,231,13.37,17.82,0.19,2744.28,686.07,KP,1
11/09/2020,Multivitamin,Vitamin,289,142,213,20.02,26.69,0.14,3789.98,947.5,KP,0
11/09/2020,Pre-Workout,Performance,79,152,228,26.96,35.94,0.01,5462.88,"1,365.72",KP,0
11/09/2020,BCAA,Amino Acid,87,150,225,30.89,41.19,0.13,6178.50,"1,544.63",Punjab,1
11/09/2020,Creatine,Performance,160,141,212,12.5,16.66,0.23,2349.06,587.27,Balochistan,1
11/09/2020,Zinc,Mineral,199,158,237,36.59,48.79,0.20,7708.82,"1,927.21",KP,1
11/09/2020,Collagen Peptides,Protein,107,133,200,38.79,51.72,0.14,6878.76,"1,719.69",Balochistan,0
11/09/2020,Magnesium,Mineral,419,148,222,8.79,11.72,0.16,1734.56,433.64,Sindh,0
11/09/2020,Ashwagandha,Herbal,56,148,222,27.95,37.27,0.03,5515.96,"1,378.99",Punjab,0
11/09/2020,Melatonin,Sleep Aid,189,161,242,11.42,15.22,0.04,2450.42,612.61,Punjab,0
11/09/2020,Biotin,Vitamin,143,151,227,11.51,15.34,0.16,2316.34,579.09,KP,1
11/09/2020,Green Tea Extract,Fat Burner,297,163,245,10.32,13.76,0.03,2242.88,560.72,Sindh,0
11/09/2020,Iron Supplement,Mineral,239,141,212,17.25,23,0.10,3243.00,810.75,Balochistan,0
11/09/2020,Electrolyte Powder,Hydration,465,154,231,34.14,45.52,0.03,7010.08,"1,752.52",KP,1
11/16/2020,Whey Protein,Protein,151,142,213,20.29,27.05,0.25,3841.10,960.28,Punjab,1
11/16/2020,Vitamin C,Vitamin,372,142,213,8.42,11.23,0.17,1594.66,398.67,KP,0
11/16/2020,Fish Oil,Omega,379,194,291,38.32,51.09,0.16,9911.46,"2,477.87",Punjab,1
11/16/2020,Multivitamin,Vitamin,459,134,201,44.34,59.12,0.23,7922.08,"1,980.52",Sindh,0
11/16/2020,Pre-Workout,Performance,223,118,177,38.49,51.32,0.18,6055.76,"1,513.94",Punjab,1
11/16/2020,BCAA,Amino Acid,408,124,186,30.89,41.19,0.23,5107.56,"1,276.89",Punjab,0
11/16/2020,Creatine,Performance,110,143,215,9.98,13.3,0.24,1901.90,475.48,Punjab,0
11/16/2020,Zinc,Mineral,492,149,224,33.1,44.13,0.17,6575.37,"1,643.84",Balochistan,0
11/16/2020,Collagen Peptides,Protein,312,141,212,12.2,16.26,0.16,2292.66,573.17,Punjab,0
11/16/2020,Magnesium,Mineral,190,153,230,40.91,54.54,0.11,8344.62,"2,086.16",Sindh,1
11/16/2020,Ashwagandha,Herbal,442,128,192,38.3,51.06,0.06,6535.68,"1,633.92",Sindh,0
11/16/2020,Melatonin,Sleep Aid,466,140,210,14.72,19.62,0.03,2746.80,686.7,Balochistan,1
11/16/2020,Biotin,Vitamin,460,163,245,9.33,12.44,0.21,2027.72,506.93,Punjab,1
11/16/2020,Green Tea Extract,Fat Burner,414,144,216,10.93,14.57,0.19,2098.08,524.52,Balochistan,0
11/16/2020,Iron Supplement,Mineral,408,137,206,14.41,19.21,0.01,2631.77,657.94,Punjab,0
11/16/2020,Electrolyte Powder,Hydration,178,164,246,9.34,12.45,0.14,2041.80,510.45,Sindh,1
11/23/2020,Whey Protein,Protein,486,144,216,29.87,39.82,0.07,5734.08,"1,433.52",Sindh,0
11/23/2020,Vitamin C,Vitamin,298,159,239,29.28,39.04,0.19,6207.36,"1,551.84",Balochistan,0
11/23/2020,Fish Oil,Omega,62,138,207,12.23,16.31,0.03,2250.78,562.7,Punjab,1
11/23/2020,Multivitamin,Vitamin,243,155,233,11.46,15.28,0.20,2368.40,592.1,Punjab,0
11/23/2020,Pre-Workout,Performance,279,154,231,33.87,45.16,0.21,6954.64,"1,738.66",Balochistan,1
11/23/2020,BCAA,Amino Acid,63,159,239,30.89,41.19,0.16,6549.21,"1,637.30",KP,1
11/23/2020,Creatine,Performance,475,181,272,29.24,38.99,0.04,7057.19,"1,764.30",Punjab,1
11/23/2020,Zinc,Mineral,350,137,206,26.04,34.72,0.23,4756.64,"1,189.16",KP,1
11/23/2020,Collagen Peptides,Protein,58,135,203,26.27,35.03,0.23,4729.05,"1,182.26",Balochistan,0
11/23/2020,Magnesium,Mineral,356,155,233,13.38,17.84,0.17,2765.20,691.3,Punjab,1
11/23/2020,Ashwagandha,Herbal,307,160,240,24.3,32.4,0.10,5184.00,"1,296.00",Balochistan,1
11/23/2020,Melatonin,Sleep Aid,166,142,213,20.8,27.73,0.14,3937.66,984.42,Balochistan,0
11/23/2020,Biotin,Vitamin,198,170,255,41.09,54.79,0.03,9314.30,"2,328.58",Balochistan,1
11/23/2020,Green Tea Extract,Fat Burner,483,169,254,43.82,58.42,0.11,9872.98,"2,468.25",Sindh,1
11/23/2020,Iron Supplement,Mineral,389,156,234,14.57,19.42,0.08,3029.52,757.38,Punjab,0
11/23/2020,Electrolyte Powder,Hydration,118,135,203,23.36,31.15,0.20,4205.25,"1,051.31",Balochistan,1
11/30/2020,Whey Protein,Protein,131,134,201,14.9,19.86,0.02,2661.24,665.31,Punjab,1
11/30/2020,Vitamin C,Vitamin,370,172,258,20.78,27.7,0.16,4764.40,"1,191.10",Punjab,0
11/30/2020,Fish Oil,Omega,331,156,234,31.08,41.44,0.07,6464.64,"1,616.16",KP,0
11/30/2020,Multivitamin,Vitamin,237,148,222,28.85,38.47,0.21,5693.56,"1,423.39",KP,1
11/30/2020,Pre-Workout,Performance,432,136,204,32.78,43.71,0.24,5944.56,"1,486.14",Sindh,0
11/30/2020,BCAA,Amino Acid,163,157,236,30.89,41.19,0.03,6466.83,"1,616.71",Punjab,0
11/30/2020,Creatine,Performance,165,170,255,31.15,41.53,0.11,7060.10,"1,765.03",Punjab,0
11/30/2020,Zinc,Mineral,90,143,215,42.61,56.81,0.24,8123.83,"2,030.96",Sindh,1
11/30/2020,Collagen Peptides,Protein,397,166,249,16.98,22.64,0.02,3758.24,939.56,Balochistan,1
11/30/2020,Magnesium,Mineral,414,170,255,34.54,46.05,0.06,7828.50,"1,957.13",KP,0
11/30/2020,Ashwagandha,Herbal,253,154,231,38.36,51.15,0.06,7877.10,"1,969.28",Sindh,1
11/30/2020,Melatonin,Sleep Aid,273,147,221,11.53,15.37,0.00,2259.39,564.85,Balochistan,0
11/30/2020,Biotin,Vitamin,259,141,212,44.98,59.97,0.05,8455.77,"2,113.94",Punjab,0
11/30/2020,Green Tea Extract,Fat Burner,297,170,255,37.32,49.76,0.03,8459.20,"2,114.80",Punjab,0
11/30/2020,Iron Supplement,Mineral,493,184,276,18.73,24.97,0.03,4594.48,"1,148.62",KP,0
11/30/2020,Electrolyte Powder,Hydration,366,163,245,10.82,14.42,0.09,2350.46,587.62,KP,1
12/07/2020,Whey Protein,Protein,439,155,233,13.75,18.33,0.25,2841.15,710.29,KP,1
12/07/2020,Vitamin C,Vitamin,240,142,213,9.62,12.83,0.03,1821.86,455.47,KP,0
12/07/2020,Fish Oil,Omega,199,172,258,39.11,52.15,0.11,8969.80,"2,242.45",KP,1
12/07/2020,Multivitamin,Vitamin,227,159,239,21.05,28.06,0.16,4461.54,"1,115.39",Sindh,0
12/07/2020,Pre-Workout,Performance,366,145,218,44.86,59.81,0.12,8672.45,"2,168.11",Sindh,1
12/07/2020,BCAA,Amino Acid,281,148,222,30.89,41.19,0.22,6096.12,"1,524.03",Sindh,0
12/07/2020,Creatine,Performance,307,154,231,23.15,30.87,0.04,4753.98,"1,188.50",KP,1
12/07/2020,Zinc,Mineral,203,140,210,35.1,46.8,0.08,6552.00,"1,638.00",Punjab,1
12/07/2020,Collagen Peptides,Protein,486,147,221,12.89,17.19,0.00,2526.93,631.73,KP,0
12/07/2020,Magnesium,Mineral,73,153,230,26.93,35.9,0.00,5492.70,"1,373.18",Balochistan,1
12/07/2020,Ashwagandha,Herbal,238,158,237,34.96,46.61,0.06,7364.38,"1,841.10",Balochistan,1
12/07/2020,Melatonin,Sleep Aid,460,153,230,16.38,21.84,0.16,3341.52,835.38,Sindh,1
12/07/2020,Biotin,Vitamin,85,147,221,40.01,53.35,0.17,7842.45,"1,960.61",KP,0
12/07/2020,Green Tea Extract,Fat Burner,260,150,225,31.01,41.34,0.09,6201.00,"1,550.25",Sindh,1
12/07/2020,Iron Supplement,Mineral,350,149,224,28.72,38.29,0.23,5705.21,"1,426.30",Punjab,1
12/07/2020,Electrolyte Powder,Hydration,75,148,222,29.48,39.31,0.12,5817.88,"1,454.47",Sindh,1
12/14/2020,Whey Protein,Protein,59,149,224,41.81,55.74,0.08,8305.26,"2,076.32",Sindh,1
12/14/2020,Vitamin C,Vitamin,175,151,227,27.86,37.15,0.03,5609.65,"1,402.41",KP,1
12/14/2020,Fish Oil,Omega,477,131,197,24.26,32.34,0.19,4236.54,"1,059.14",Balochistan,0
12/14/2020,Multivitamin,Vitamin,271,136,204,42.25,56.33,0.18,7660.88,"1,915.22",Sindh,1
12/14/2020,Pre-Workout,Performance,431,151,227,44.42,59.23,0.17,8943.73,"2,235.93",Sindh,1
12/14/2020,BCAA,Amino Acid,125,153,230,30.89,41.19,0.04,6302.07,"1,575.52",KP,1
12/14/2020,Creatine,Performance,294,140,210,36.63,48.84,0.17,6837.60,"1,709.40",KP,0
12/14/2020,Zinc,Mineral,95,168,252,19.91,26.55,0.06,4460.40,"1,115.10",Sindh,1
12/14/2020,Collagen Peptides,Protein,155,146,219,33.18,44.24,0.05,6459.04,"1,614.76",Balochistan,1
12/14/2020,Magnesium,Mineral,60,142,213,16.29,21.72,0.00,3084.24,771.06,Punjab,0
12/14/2020,Ashwagandha,Herbal,342,185,278,20.2,26.93,0.00,4982.05,"1,245.51",Balochistan,0
12/14/2020,Melatonin,Sleep Aid,128,163,245,13.49,17.98,0.20,2930.74,732.69,Punjab,1
12/14/2020,Biotin,Vitamin,162,143,215,36.37,48.49,0.20,6934.07,"1,733.52",KP,1
12/14/2020,Green Tea Extract,Fat Burner,422,177,266,36.44,48.59,0.12,8600.43,"2,150.11",Punjab,0
12/14/2020,Iron Supplement,Mineral,375,169,254,42.62,56.82,0.21,9602.58,"2,400.65",Balochistan,1
12/14/2020,Electrolyte Powder,Hydration,420,138,207,39.38,52.51,0.07,7246.38,"1,811.60",Sindh,1
12/21/2020,Whey Protein,Protein,204,122,183,27.66,36.88,0.14,4499.36,"1,124.84",Sindh,1
12/21/2020,Vitamin C,Vitamin,303,120,180,8.03,10.7,0.14,1284.00,321,Sindh,1
12/21/2020,Fish Oil,Omega,202,156,234,8,10.66,0.14,1662.96,415.74,Punjab,1
12/21/2020,Multivitamin,Vitamin,410,150,225,33.17,44.22,0.13,6633.00,"1,658.25",Balochistan,0
12/21/2020,Pre-Workout,Performance,336,149,224,31.81,42.41,0.04,6319.09,"1,579.77",Sindh,0
12/21/2020,BCAA,Amino Acid,394,154,231,30.89,41.19,0.13,6343.26,"1,585.82",KP,0
12/21/2020,Creatine,Performance,404,154,231,37.64,50.18,0.20,7727.72,"1,931.93",Balochistan,1
12/21/2020,Zinc,Mineral,172,150,225,35.75,47.67,0.03,7150.50,"1,787.63",Balochistan,0
12/21/2020,Collagen Peptides,Protein,304,152,228,23.18,30.9,0.21,4696.80,"1,174.20",Sindh,1
12/21/2020,Magnesium,Mineral,125,131,197,17.35,23.13,0.22,3030.03,757.51,Punjab,1
12/21/2020,Ashwagandha,Herbal,225,158,237,30.87,41.16,0.09,6503.28,"1,625.82",Punjab,1
12/21/2020,Melatonin,Sleep Aid,468,140,210,16.34,21.78,0.18,3049.20,762.3,Sindh,0
12/21/2020,Biotin,Vitamin,173,134,201,29.76,39.68,0.03,5317.12,"1,329.28",KP,0
12/21/2020,Green Tea Extract,Fat Burner,394,136,204,35.96,47.94,0.03,6519.84,"1,629.96",Balochistan,0
12/21/2020,Iron Supplement,Mineral,229,150,225,27.59,36.78,0.10,5517.00,"1,379.25",KP,1
12/21/2020,Electrolyte Powder,Hydration,160,150,225,25.89,34.52,0.21,5178.00,"1,294.50",Balochistan,1
12/28/2020,Whey Protein,Protein,335,146,219,25.95,34.6,0.14,5051.60,"1,262.90",Punjab,1
12/28/2020,Vitamin C,Vitamin,83,161,242,20.03,26.7,0.03,4298.70,"1,074.68",Punjab,0
12/28/2020,Fish Oil,Omega,229,177,266,13.83,18.44,0.12,3263.88,815.97,Balochistan,0
12/28/2020,Multivitamin,Vitamin,258,151,227,20.87,27.83,0.11,4202.33,"1,050.58",Balochistan,0
12/28/2020,Pre-Workout,Performance,53,146,219,16.63,22.17,0.11,3236.82,809.21,Sindh,1
12/28/2020,BCAA,Amino Acid,221,138,207,30.89,41.19,0.10,5684.22,"1,421.06",Sindh,1
12/28/2020,Creatine,Performance,117,144,216,15.19,20.25,0.19,2916.00,729,Punjab,0
12/28/2020,Zinc,Mineral,195,165,248,40.29,53.72,0.09,8863.80,"2,215.95",Sindh,1
12/28/2020,Collagen Peptides,Protein,485,143,215,12.25,16.33,0.04,2335.19,583.8,Punjab,1
12/28/2020,Magnesium,Mineral,321,129,194,42.89,57.19,0.24,7377.51,"1,844.38",Sindh,1
12/28/2020,Ashwagandha,Herbal,61,172,258,17.62,23.49,0.18,4040.28,"1,010.07",Sindh,0
12/28/2020,Melatonin,Sleep Aid,209,156,234,11.76,15.68,0.00,2446.08,611.52,KP,1
12/28/2020,Biotin,Vitamin,427,162,243,26.62,35.49,0.08,5749.38,"1,437.35",Balochistan,1
12/28/2020,Green Tea Extract,Fat Burner,486,142,213,35.87,47.82,0.13,6790.44,"1,697.61",Punjab,0
12/28/2020,Iron Supplement,Mineral,346,147,221,31.4,41.87,0.20,6154.89,"1,538.72",KP,1
12/28/2020,Electrolyte Powder,Hydration,364,145,218,40.35,53.8,0.20,7801.00,"1,950.25",KP,0
01/04/2021,Whey Protein,Protein,192,150,225,30.94,41.25,0.24,6187.50,"1,546.88",Balochistan,1
01/04/2021,Vitamin C,Vitamin,211,151,227,9.86,13.15,0.05,1985.65,496.41,Sindh,1
01/04/2021,Fish Oil,Omega,197,159,239,12.6,16.8,0.21,2671.20,667.8,Punjab,0
01/04/2021,Multivitamin,Vitamin,144,143,215,21.47,28.62,0.06,4092.66,"1,023.17",Punjab,1
01/04/2021,Pre-Workout,Performance,383,147,221,9.6,12.8,0.04,1881.60,470.4,Punjab,1
01/04/2021,BCAA,Amino Acid,391,154,231,30.89,41.19,0.13,6343.26,"1,585.82",KP,1
01/04/2021,Creatine,Performance,225,152,228,14.91,19.88,0.08,3021.76,755.44,Balochistan,0
01/04/2021,Zinc,Mineral,401,139,209,43.88,58.51,0.01,8132.89,"2,033.22",Punjab,1
01/04/2021,Collagen Peptides,Protein,413,161,242,12.59,16.78,0.04,2701.58,675.4,Sindh,0
01/04/2021,Magnesium,Mineral,450,155,233,42.65,56.87,0.17,8814.85,"2,203.71",Sindh,0
01/04/2021,Ashwagandha,Herbal,244,140,210,15.35,20.47,0.02,2865.80,716.45,Balochistan,1
01/04/2021,Melatonin,Sleep Aid,255,146,219,31.88,42.51,0.02,6206.46,"1,551.62",Punjab,1
01/04/2021,Biotin,Vitamin,347,141,212,22.58,30.11,0.01,4245.51,"1,061.38",Balochistan,1
01/04/2021,Green Tea Extract,Fat Burner,434,133,200,20.66,27.54,0.19,3662.82,915.7,Punjab,0
01/04/2021,Iron Supplement,Mineral,305,136,204,21.5,28.67,0.04,3899.12,974.78,Punjab,1
01/04/2021,Electrolyte Powder,Hydration,440,158,237,21.26,28.34,0.03,4477.72,"1,119.43",Sindh,1
01/11/2021,Whey Protein,Protein,357,161,242,29.2,38.93,0.23,6267.73,"1,566.93",KP,0
01/11/2021,Vitamin C,Vitamin,226,137,206,39.12,52.16,0.16,7145.92,"1,786.48",Balochistan,0
01/11/2021,Fish Oil,Omega,106,171,257,27.91,37.21,0.19,6362.91,"1,590.73",Balochistan,1
01/11/2021,Multivitamin,Vitamin,115,154,231,37.4,49.87,0.18,7679.98,"1,920.00",Sindh,1
01/11/2021,Pre-Workout,Performance,231,149,224,20.15,26.87,0.00,4003.63,"1,000.91",Punjab,1
01/11/2021,BCAA,Amino Acid,56,152,228,30.89,41.19,0.21,6260.88,"1,565.22",Sindh,0
01/11/2021,Creatine,Performance,281,133,200,13.37,17.83,0.24,2371.39,592.85,Balochistan,1
01/11/2021,Zinc,Mineral,213,131,197,31.43,41.91,0.09,5490.21,"1,372.55",KP,0
01/11/2021,Collagen Peptides,Protein,495,126,189,29.66,39.54,0.16,4982.04,"1,245.51",Sindh,0
01/11/2021,Magnesium,Mineral,318,145,218,14.81,19.75,0.21,2863.75,715.94,Punjab,1
01/11/2021,Ashwagandha,Herbal,374,160,240,15.29,20.38,0.14,3260.80,815.2,KP,0
01/11/2021,Melatonin,Sleep Aid,99,148,222,24.46,32.61,0.04,4826.28,"1,206.57",Sindh,1
01/11/2021,Biotin,Vitamin,213,178,267,40.05,53.4,0.22,9505.20,"2,376.30",Punjab,0
01/11/2021,Green Tea Extract,Fat Burner,345,129,194,19.19,25.58,0.20,3299.82,824.96,Balochistan,1
01/11/2021,Iron Supplement,Mineral,435,149,224,21.84,29.12,0.11,4338.88,"1,084.72",KP,0
01/11/2021,Electrolyte Powder,Hydration,94,145,218,37.83,50.44,0.09,7313.80,"1,828.45",Sindh,1
1/18/2021,Whey Protein,Protein,310,156,234,17.91,23.88,0.23,3725.28,931.32,Balochistan,1
1/18/2021,Vitamin C,Vitamin,333,153,230,8.6,11.46,0.15,1753.38,438.35,Balochistan,0
1/18/2021,Fish Oil,Omega,256,152,228,10.55,14.07,0.05,2138.64,534.66,Sindh,1
1/18/2021,Multivitamin,Vitamin,284,147,221,9.48,12.64,0.01,1858.08,464.52,KP,0
1/18/2021,Pre-Workout,Performance,223,151,227,16.62,22.16,0.19,3346.16,836.54,KP,0
1/18/2021,BCAA,Amino Acid,461,138,207,30.89,41.19,0.06,5684.22,"1,421.06",Balochistan,1
1/18/2021,Creatine,Performance,421,155,233,23.17,30.89,0.02,4787.95,"1,196.99",KP,0
1/18/2021,Zinc,Mineral,491,158,237,26.93,35.91,0.01,5673.78,"1,418.45",Sindh,0
1/18/2021,Collagen Peptides,Protein,205,151,227,42.94,57.25,0.17,8644.75,"2,161.19",KP,1
1/18/2021,Magnesium,Mineral,214,149,224,25.12,33.49,0.11,4990.01,"1,247.50",KP,0
1/18/2021,Ashwagandha,Herbal,287,145,218,26.39,35.19,0.21,5102.55,"1,275.64",Punjab,1
1/18/2021,Melatonin,Sleep Aid,333,144,216,41.71,55.61,0.05,8007.84,"2,001.96",Sindh,0
1/18/2021,Biotin,Vitamin,77,159,239,43.79,58.39,0.22,9284.01,"2,321.00",Punjab,1
1/18/2021,Green Tea Extract,Fat Burner,268,151,227,16.75,22.33,0.11,3371.83,842.96,Punjab,1
1/18/2021,Iron Supplement,Mineral,298,152,228,17.99,23.99,0.14,3646.48,911.62,Punjab,1
1/18/2021,Electrolyte Powder,Hydration,91,147,221,33.5,44.67,0.25,6566.49,"1,641.62",Punjab,1
1/25/2021,Whey Protein,Protein,202,150,225,24.02,32.03,0.21,4804.50,"1,201.13",Punjab,0
1/25/2021,Vitamin C,Vitamin,312,167,251,40.25,53.67,0.01,8962.89,"2,240.72",Punjab,0
1/25/2021,Fish Oil,Omega,91,144,216,26.7,35.6,0.24,5126.40,"1,281.60",Balochistan,0
1/25/2021,Multivitamin,Vitamin,398,145,218,22.35,29.8,0.05,4321.00,"1,080.25",Sindh,0
1/25/2021,Pre-Workout,Performance,212,146,219,36.08,48.1,0.13,7022.60,"1,755.65",Punjab,0
1/25/2021,BCAA,Amino Acid,250,149,224,30.89,41.19,0.11,6137.31,"1,534.33",Balochistan,1
1/25/2021,Creatine,Performance,73,177,266,17.56,23.41,0.15,4143.57,"1,035.89",KP,0
1/25/2021,Zinc,Mineral,382,150,225,28.58,38.11,0.14,5716.50,"1,429.13",Punjab,0
1/25/2021,Collagen Peptides,Protein,194,134,201,17.58,23.44,0.01,3140.96,785.24,Sindh,0
1/25/2021,Magnesium,Mineral,272,151,227,25.66,34.21,0.02,5165.71,"1,291.43",KP,1
1/25/2021,Ashwagandha,Herbal,285,147,221,41.5,55.33,0.05,8133.51,"2,033.38",Balochistan,0
1/25/2021,Melatonin,Sleep Aid,292,147,221,20.52,27.36,0.07,4021.92,"1,005.48",Sindh,0
1/25/2021,Biotin,Vitamin,286,177,266,37.93,50.57,0.01,8950.89,"2,237.72",Balochistan,1
1/25/2021,Green Tea Extract,Fat Burner,124,160,240,38.39,51.19,0.16,8190.40,"2,047.60",Punjab,0
1/25/2021,Iron Supplement,Mineral,380,151,227,27.31,36.41,0.03,5497.91,"1,374.48",Sindh,0
1/25/2021,Electrolyte Powder,Hydration,284,149,224,7.88,10.5,0.05,1564.50,391.13,Sindh,1
02/01/2021,Whey Protein,Protein,333,178,267,23.42,31.22,0.18,5557.16,"1,389.29",Balochistan,0
02/01/2021,Vitamin C,Vitamin,113,143,215,15.66,20.88,0.24,2985.84,746.46,Punjab,0
02/01/2021,Fish Oil,Omega,439,145,218,15.82,21.09,0.20,3058.05,764.51,Balochistan,0
02/01/2021,Multivitamin,Vitamin,57,129,194,7.88,10.5,0.02,1354.50,338.63,Sindh,1
02/01/2021,Pre-Workout,Performance,191,165,248,9.47,12.62,0.20,2082.30,520.58,Punjab,1
02/01/2021,BCAA,Amino Acid,84,162,243,30.89,41.19,0.21,6672.78,"1,668.20",Punjab,0
02/01/2021,Creatine,Performance,249,139,209,37.22,49.63,0.05,6898.57,"1,724.64",Balochistan,0
02/01/2021,Zinc,Mineral,296,164,246,39.06,52.08,0.14,8541.12,"2,135.28",Balochistan,1
02/01/2021,Collagen Peptides,Protein,323,172,258,10.33,13.77,0.06,2368.44,592.11,Punjab,1
02/01/2021,Magnesium,Mineral,164,167,251,30.26,40.35,0.05,6738.45,"1,684.61",KP,0
02/01/2021,Ashwagandha,Herbal,230,186,279,26.06,34.74,0.02,6461.64,"1,615.41",Sindh,0
02/01/2021,Melatonin,Sleep Aid,363,150,225,24.08,32.1,0.08,4815.00,"1,203.75",Sindh,0
02/01/2021,Biotin,Vitamin,356,153,230,36.04,48.05,0.18,7351.65,"1,837.91",Punjab,1
02/01/2021,Green Tea Extract,Fat Burner,124,179,269,19.64,26.18,0.05,4686.22,"1,171.56",Punjab,0
02/01/2021,Iron Supplement,Mineral,141,136,204,33.64,44.85,0.14,6099.60,"1,524.90",Sindh,1
02/01/2021,Electrolyte Powder,Hydration,405,147,221,7.72,10.29,0.02,1512.63,378.16,Balochistan,1
02/08/2021,Whey Protein,Protein,466,129,194,42,56,0.07,7224.00,"1,806.00",KP,1
02/08/2021,Vitamin C,Vitamin,464,152,228,42.83,57.1,0.18,8679.20,"2,169.80",Balochistan,1
02/08/2021,Fish Oil,Omega,168,156,234,25.16,33.54,0.01,5232.24,"1,308.06",Punjab,0
02/08/2021,Multivitamin,Vitamin,257,161,242,18.81,25.08,0.10,4037.88,"1,009.47",Punjab,1
02/08/2021,Pre-Workout,Performance,337,159,239,11.91,15.88,0.06,2524.92,631.23,Balochistan,0
02/08/2021,BCAA,Amino Acid,134,153,230,30.89,41.19,0.09,6302.07,"1,575.52",Punjab,1
02/08/2021,Creatine,Performance,439,151,227,12.34,16.45,0.13,2483.95,620.99,Balochistan,0
02/08/2021,Zinc,Mineral,201,143,215,36.15,48.2,0.06,6892.60,"1,723.15",KP,0
02/08/2021,Collagen Peptides,Protein,242,131,197,14.99,19.98,0.09,2617.38,654.35,KP,0
02/08/2021,Magnesium,Mineral,305,158,237,22.74,30.32,0.12,4790.56,"1,197.64",Balochistan,0
02/08/2021,Ashwagandha,Herbal,203,163,245,37.79,50.39,0.17,8213.57,"2,053.39",KP,1
02/08/2021,Melatonin,Sleep Aid,301,157,236,12.69,16.92,0.17,2656.44,664.11,Punjab,0
02/08/2021,Biotin,Vitamin,342,155,233,41.51,55.34,0.15,8577.70,"2,144.43",Punjab,1
02/08/2021,Green Tea Extract,Fat Burner,230,148,222,37.28,49.71,0.12,7357.08,"1,839.27",Punjab,0
02/08/2021,Iron Supplement,Mineral,402,141,212,41.2,54.93,0.22,7745.13,"1,936.28",Balochistan,0
02/08/2021,Electrolyte Powder,Hydration,429,165,248,39.94,53.25,0.08,8786.25,"2,196.56",KP,1
2/15/2021,Whey Protein,Protein,338,140,210,16.92,22.56,0.08,3158.40,789.6,Punjab,0
2/15/2021,Vitamin C,Vitamin,333,142,213,24.07,32.09,0.09,4556.78,"1,139.20",Sindh,1
2/15/2021,Fish Oil,Omega,52,168,252,19.95,26.6,0.19,4468.80,"1,117.20",Balochistan,1
2/15/2021,Multivitamin,Vitamin,335,134,201,37.79,50.39,0.06,6752.26,"1,688.07",Balochistan,1
2/15/2021,Pre-Workout,Performance,407,134,201,31.27,41.69,0.06,5586.46,"1,396.62",KP,1
2/15/2021,BCAA,Amino Acid,416,151,227,30.89,41.19,0.22,6219.69,"1,554.92",KP,0
2/15/2021,Creatine,Performance,435,157,236,21.47,28.63,0.09,4494.91,"1,123.73",Sindh,1
2/15/2021,Zinc,Mineral,102,128,192,15.67,20.89,0.17,2673.92,668.48,KP,1
2/15/2021,Collagen Peptides,Protein,70,152,228,32.32,43.09,0.09,6549.68,"1,637.42",Punjab,0
2/15/2021,Magnesium,Mineral,179,142,213,35.45,47.27,0.09,6712.34,"1,678.09",Balochistan,0
2/15/2021,Ashwagandha,Herbal,450,149,224,42.38,56.5,0.14,8418.50,"2,104.63",Balochistan,0
2/15/2021,Melatonin,Sleep Aid,314,169,254,16.2,21.6,0.18,3650.40,912.6,KP,1
2/15/2021,Biotin,Vitamin,353,165,248,10.85,14.47,0.11,2387.55,596.89,Balochistan,1
2/15/2021,Green Tea Extract,Fat Burner,130,142,213,10.34,13.78,0.21,1956.76,489.19,Balochistan,1
2/15/2021,Iron Supplement,Mineral,166,153,230,20.15,26.87,0.02,4111.11,"1,027.78",Balochistan,0
2/15/2021,Electrolyte Powder,Hydration,487,162,243,15.89,21.18,0.23,3431.16,857.79,Punjab,0
2/22/2021,Whey Protein,Protein,219,136,204,42.89,57.19,0.00,7777.84,"1,944.46",KP,0
2/22/2021,Vitamin C,Vitamin,216,174,261,11.75,15.66,0.14,2724.84,681.21,Balochistan,1
2/22/2021,Fish Oil,Omega,471,156,234,44.73,59.64,0.10,9303.84,"2,325.96",Sindh,1
2/22/2021,Multivitamin,Vitamin,299,152,228,10.74,14.32,0.00,2176.64,544.16,Balochistan,0
2/22/2021,Pre-Workout,Performance,434,164,246,44.97,59.96,0.07,9833.44,"2,458.36",Sindh,1
2/22/2021,BCAA,Amino Acid,88,136,204,30.89,41.19,0.20,5601.84,"1,400.46",Sindh,1
2/22/2021,Creatine,Performance,242,167,251,11.73,15.64,0.22,2611.88,652.97,Balochistan,0
2/22/2021,Zinc,Mineral,193,136,204,18.27,24.36,0.18,3312.96,828.24,KP,1
2/22/2021,Collagen Peptides,Protein,59,145,218,26.37,35.16,0.08,5098.20,"1,274.55",Punjab,0
2/22/2021,Magnesium,Mineral,193,162,243,28.15,37.53,0.21,6079.86,"1,519.97",Sindh,0
2/22/2021,Ashwagandha,Herbal,239,146,219,25.03,33.37,0.07,4872.02,"1,218.01",Punjab,1
2/22/2021,Melatonin,Sleep Aid,226,143,215,27.26,36.34,0.01,5196.62,"1,299.16",Balochistan,0
2/22/2021,Biotin,Vitamin,330,139,209,23.75,31.66,0.20,4400.74,"1,100.19",Punjab,0
2/22/2021,Green Tea Extract,Fat Burner,427,147,221,19.37,25.82,0.19,3795.54,948.89,KP,1
2/22/2021,Iron Supplement,Mineral,351,149,224,16.34,21.78,0.23,3245.22,811.31,Punjab,0
2/22/2021,Electrolyte Powder,Hydration,132,158,237,27.02,36.02,0.24,5691.16,"1,422.79",KP,1
03/01/2021,Whey Protein,Protein,493,139,209,14.9,19.86,0.05,2760.54,690.14,Balochistan,0
03/01/2021,Vitamin C,Vitamin,206,147,221,10.84,14.45,0.13,2124.15,531.04,KP,0
03/01/2021,Fish Oil,Omega,422,169,254,21.25,28.33,0.15,4787.77,"1,196.94",KP,1
03/01/2021,Multivitamin,Vitamin,315,136,204,10.7,14.27,0.23,1940.72,485.18,Sindh,1
03/01/2021,Pre-Workout,Performance,380,147,221,29.96,39.95,0.02,5872.65,"1,468.16",Balochistan,1
03/01/2021,BCAA,Amino Acid,289,173,260,30.89,41.19,0.00,7125.87,"1,781.47",Balochistan,0
03/01/2021,Creatine,Performance,440,155,233,41.61,55.48,0.16,8599.40,"2,149.85",Punjab,1
03/01/2021,Zinc,Mineral,72,128,192,18.88,25.17,0.10,3221.76,805.44,Punjab,0
03/01/2021,Collagen Peptides,Protein,317,153,230,26.36,35.15,0.02,5377.95,"1,344.49",Punjab,0
03/01/2021,Magnesium,Mineral,394,144,216,23.8,31.73,0.05,4569.12,"1,142.28",Balochistan,1
03/01/2021,Ashwagandha,Herbal,365,160,240,36.27,48.36,0.05,7737.60,"1,934.40",KP,1
03/01/2021,Melatonin,Sleep Aid,482,149,224,42.44,56.59,0.05,8431.91,"2,107.98",Punjab,1
03/01/2021,Biotin,Vitamin,356,135,203,24.77,33.03,0.23,4459.05,"1,114.76",KP,0
03/01/2021,Green Tea Extract,Fat Burner,114,146,219,41.11,54.81,0.20,8002.26,"2,000.57",Balochistan,1
03/01/2021,Iron Supplement,Mineral,212,143,215,16.12,21.49,0.05,3073.07,768.27,Sindh,0
03/01/2021,Electrolyte Powder,Hydration,89,155,233,9.47,12.62,0.06,1956.10,489.03,KP,1
03/08/2021,Whey Protein,Protein,114,165,248,23.1,30.8,0.24,5082.00,"1,270.50",KP,1
03/08/2021,Vitamin C,Vitamin,93,139,209,13.98,18.64,0.09,2590.96,647.74,KP,0
03/08/2021,Fish Oil,Omega,490,154,231,42.54,56.72,0.01,8734.88,"2,183.72",Sindh,0
03/08/2021,Multivitamin,Vitamin,313,152,228,8.99,11.98,0.10,1820.96,455.24,KP,1
03/08/2021,Pre-Workout,Performance,358,157,236,19.52,26.03,0.02,4086.71,"1,021.68",Balochistan,1
03/08/2021,BCAA,Amino Acid,219,149,224,30.89,41.19,0.12,6137.31,"1,534.33",Balochistan,1
03/08/2021,Creatine,Performance,491,162,243,32.74,43.65,0.01,7071.30,"1,767.83",KP,1
03/08/2021,Zinc,Mineral,148,160,240,16.07,21.43,0.22,3428.80,857.2,KP,1
03/08/2021,Collagen Peptides,Protein,137,159,239,24.26,32.34,0.00,5142.06,"1,285.52",Balochistan,1
03/08/2021,Magnesium,Mineral,102,145,218,32.9,43.87,0.18,6361.15,"1,590.29",KP,0
03/08/2021,Ashwagandha,Herbal,383,151,227,43.27,57.69,0.16,8711.19,"2,177.80",KP,0
03/08/2021,Melatonin,Sleep Aid,392,134,201,21.08,28.11,0.17,3766.74,941.69,Balochistan,0
03/08/2021,Biotin,Vitamin,266,138,207,9.77,13.03,0.10,1798.14,449.54,Sindh,1
03/08/2021,Green Tea Extract,Fat Burner,185,148,222,38.55,51.4,0.19,7607.20,"1,901.80",Punjab,0
03/08/2021,Iron Supplement,Mineral,397,138,207,42.56,56.74,0.21,7830.12,"1,957.53",Sindh,1
03/08/2021,Electrolyte Powder,Hydration,465,143,215,25.16,33.54,0.04,4796.22,"1,199.06",Sindh,0
3/15/2021,Whey Protein,Protein,219,177,266,16.5,22,0.02,3894.00,973.5,Punjab,0
3/15/2021,Vitamin C,Vitamin,418,153,230,41.69,55.58,0.09,8503.74,"2,125.94",KP,0
3/15/2021,Fish Oil,Omega,435,118,177,38.67,51.56,0.19,6084.08,"1,521.02",KP,0
3/15/2021,Multivitamin,Vitamin,152,146,219,7.51,10.01,0.06,1461.46,365.37,KP,1
3/15/2021,Pre-Workout,Performance,428,141,212,17.99,23.98,0.05,3381.18,845.3,Sindh,1
3/15/2021,BCAA,Amino Acid,477,166,249,30.89,41.19,0.09,6837.54,"1,709.39",Punjab,1
3/15/2021,Creatine,Performance,237,152,228,43.49,57.98,0.20,8812.96,"2,203.24",Balochistan,0
3/15/2021,Zinc,Mineral,115,150,225,44.42,59.22,0.10,8883.00,"2,220.75",KP,1
3/15/2021,Collagen Peptides,Protein,292,156,234,29.47,39.29,0.15,6129.24,"1,532.31",KP,1
3/15/2021,Magnesium,Mineral,453,164,246,24.32,32.43,0.13,5318.52,"1,329.63",Balochistan,0
3/15/2021,Ashwagandha,Herbal,300,161,242,31.73,42.3,0.04,6810.30,"1,702.58",Sindh,0
3/15/2021,Melatonin,Sleep Aid,275,146,219,8.27,11.02,0.05,1608.92,402.23,Balochistan,1
3/15/2021,Biotin,Vitamin,486,167,251,42.37,56.49,0.12,9433.83,"2,358.46",KP,1
3/15/2021,Green Tea Extract,Fat Burner,398,133,200,16.76,22.35,0.22,2972.55,743.14,Punjab,1
3/15/2021,Iron Supplement,Mineral,60,176,264,32.89,43.85,0.19,7717.60,"1,929.40",KP,1
3/15/2021,Electrolyte Powder,Hydration,219,154,231,26.16,34.88,0.04,5371.52,"1,342.88",Balochistan,0
3/22/2021,Whey Protein,Protein,228,145,218,30.87,41.16,0.02,5968.20,"1,492.05",Punjab,0
3/22/2021,Vitamin C,Vitamin,405,137,206,31.4,41.87,0.14,5736.19,"1,434.05",Sindh,0
3/22/2021,Fish Oil,Omega,414,144,216,23.73,31.64,0.12,4556.16,"1,139.04",Sindh,0
3/22/2021,Multivitamin,Vitamin,100,154,231,10.72,14.29,0.02,2200.66,550.17,Balochistan,1
3/22/2021,Pre-Workout,Performance,254,157,236,20.88,27.84,0.15,4370.88,"1,092.72",Balochistan,1
3/22/2021,BCAA,Amino Acid,484,120,180,30.89,41.19,0.00,4942.80,"1,235.70",Punjab,0
3/22/2021,Creatine,Performance,329,141,212,8.56,11.41,0.06,1608.81,402.2,KP,1
3/22/2021,Zinc,Mineral,232,147,221,41.93,55.91,0.10,8218.77,"2,054.69",KP,1
3/22/2021,Collagen Peptides,Protein,474,151,227,37.67,50.22,0.02,7583.22,"1,895.81",KP,1
3/22/2021,Magnesium,Mineral,279,152,228,12.09,16.12,0.13,2450.24,612.56,Balochistan,1
3/22/2021,Ashwagandha,Herbal,280,147,221,10.14,13.52,0.07,1987.44,496.86,Balochistan,0
3/22/2021,Melatonin,Sleep Aid,136,176,264,24.78,33.04,0.17,5815.04,"1,453.76",Balochistan,1
3/22/2021,Biotin,Vitamin,142,149,224,40.01,53.34,0.16,7947.66,"1,986.92",Sindh,1
3/22/2021,Green Tea Extract,Fat Burner,464,134,201,12.47,16.63,0.19,2228.42,557.11,Balochistan,0
3/22/2021,Iron Supplement,Mineral,403,173,260,35.77,47.69,0.05,8250.37,"2,062.59",Balochistan,0
3/22/2021,Electrolyte Powder,Hydration,159,154,231,11.4,15.2,0.24,2340.80,585.2,KP,0
3/29/2021,Whey Protein,Protein,245,141,212,26.94,35.92,0.12,5064.72,"1,266.18",Sindh,0
3/29/2021,Vitamin C,Vitamin,302,153,230,22.91,30.55,0.16,4674.15,"1,168.54",KP,0
3/29/2021,Fish Oil,Omega,464,158,237,39.74,52.99,0.11,8372.42,"2,093.11",Punjab,0
3/29/2021,Multivitamin,Vitamin,382,140,210,40.76,54.34,0.09,7607.60,"1,901.90",KP,0
3/29/2021,Pre-Workout,Performance,396,131,197,44.69,59.58,0.19,7804.98,"1,951.25",Balochistan,0
3/29/2021,BCAA,Amino Acid,299,150,225,30.89,41.19,0.20,6178.50,"1,544.63",Punjab,0
3/29/2021,Creatine,Performance,202,140,210,29.72,39.63,0.09,5548.20,"1,387.05",KP,1
3/29/2021,Zinc,Mineral,153,154,231,25.74,34.32,0.13,5285.28,"1,321.32",Sindh,1
3/29/2021,Collagen Peptides,Protein,134,162,243,12.41,16.55,0.19,2681.10,670.28,KP,0
3/29/2021,Magnesium,Mineral,410,177,266,12.59,16.78,0.13,2970.06,742.52,Punjab,0
3/29/2021,Ashwagandha,Herbal,484,173,260,16.98,22.64,0.10,3916.72,979.18,KP,0
3/29/2021,Melatonin,Sleep Aid,254,161,242,13.91,18.54,0.07,2984.94,746.24,Sindh,0
3/29/2021,Biotin,Vitamin,269,135,203,28.72,38.29,0.18,5169.15,"1,292.29",KP,1
3/29/2021,Green Tea Extract,Fat Burner,363,140,210,18.83,25.11,0.22,3515.40,878.85,KP,1
3/29/2021,Iron Supplement,Mineral,51,165,248,43.03,57.37,0.11,9466.05,"2,366.51",KP,0
3/29/2021,Electrolyte Powder,Hydration,297,148,222,27.89,37.19,0.08,5504.12,"1,376.03",Balochistan,0
04/05/2021,Whey Protein,Protein,435,154,231,32.33,43.1,0.11,6637.40,"1,659.35",KP,0
04/05/2021,Vitamin C,Vitamin,264,169,254,27.45,36.6,0.07,6185.40,"1,546.35",KP,1
04/05/2021,Fish Oil,Omega,315,156,234,13.61,18.15,0.20,2831.40,707.85,Sindh,0
04/05/2021,Multivitamin,Vitamin,213,170,255,41.4,55.2,0.08,9384.00,"2,346.00",Balochistan,1
04/05/2021,Pre-Workout,Performance,162,123,185,34.52,46.02,0.11,5660.46,"1,415.12",KP,1
04/05/2021,BCAA,Amino Acid,97,138,207,30.89,41.19,0.20,5684.22,"1,421.06",Balochistan,0
04/05/2021,Creatine,Performance,240,138,207,25.68,34.24,0.09,4725.12,"1,181.28",Punjab,0
04/05/2021,Zinc,Mineral,358,166,249,11.05,14.73,0.19,2445.18,611.3,KP,0
04/05/2021,Collagen Peptides,Protein,330,152,228,12.77,17.02,0.16,2587.04,646.76,Balochistan,0
04/05/2021,Magnesium,Mineral,445,150,225,18.14,24.18,0.24,3627.00,906.75,Sindh,0
04/05/2021,Ashwagandha,Herbal,54,158,237,11.48,15.31,0.12,2418.98,604.75,Sindh,0
04/05/2021,Melatonin,Sleep Aid,343,149,224,31.48,41.97,0.03,6253.53,"1,563.38",Punjab,0
04/05/2021,Biotin,Vitamin,126,142,213,9.02,12.03,0.23,1708.26,427.07,KP,1
04/05/2021,Green Tea Extract,Fat Burner,159,142,213,8.67,11.56,0.24,1641.52,410.38,Balochistan,0
04/05/2021,Iron Supplement,Mineral,494,143,215,9.99,13.32,0.25,1904.76,476.19,Punjab,1
04/05/2021,Electrolyte Powder,Hydration,370,156,234,43.09,57.45,0.06,8962.20,"2,240.55",Balochistan,0
04/12/2021,Whey Protein,Protein,181,149,224,10.05,13.4,0.05,1996.60,499.15,KP,0
04/12/2021,Vitamin C,Vitamin,287,159,239,29,38.67,0.05,6148.53,"1,537.13",Balochistan,0
04/12/2021,Fish Oil,Omega,500,175,263,20.72,27.62,0.06,4833.50,"1,208.38",Punjab,1
04/12/2021,Multivitamin,Vitamin,56,141,212,27.51,36.68,0.24,5171.88,"1,292.97",Balochistan,1
04/12/2021,Pre-Workout,Performance,429,157,236,26.72,35.63,0.07,5593.91,"1,398.48",Balochistan,1
04/12/2021,BCAA,Amino Acid,132,149,224,30.89,41.19,0.08,6137.31,"1,534.33",Balochistan,0
04/12/2021,Creatine,Performance,60,150,225,13.82,18.42,0.19,2763.00,690.75,Sindh,0
04/12/2021,Zinc,Mineral,195,176,264,40.33,53.77,0.18,9463.52,"2,365.88",Punjab,0
04/12/2021,Collagen Peptides,Protein,120,151,227,25.51,34.01,0.09,5135.51,"1,283.88",Balochistan,0
04/12/2021,Magnesium,Mineral,449,153,230,41.29,55.05,0.17,8422.65,"2,105.66",Sindh,1
04/12/2021,Ashwagandha,Herbal,413,131,197,12.04,16.05,0.02,2102.55,525.64,Punjab,0
04/12/2021,Melatonin,Sleep Aid,128,146,219,10.85,14.46,0.11,2111.16,527.79,KP,0
04/12/2021,Biotin,Vitamin,466,157,236,11.06,14.74,0.24,2314.18,578.55,KP,1
04/12/2021,Green Tea Extract,Fat Burner,216,147,221,8.42,11.23,0.20,1650.81,412.7,Balochistan,1
04/12/2021,Iron Supplement,Mineral,490,142,213,13.59,18.12,0.22,2573.04,643.26,Punjab,0
04/12/2021,Electrolyte Powder,Hydration,304,140,210,33.4,44.53,0.14,6234.20,"1,558.55",Balochistan,0
4/19/2021,Whey Protein,Protein,330,145,218,32.61,43.48,0.24,6304.60,"1,576.15",Balochistan,0
4/19/2021,Vitamin C,Vitamin,143,153,230,24.25,32.33,0.06,4946.49,"1,236.62",KP,0
4/19/2021,Fish Oil,Omega,92,149,224,18.93,25.24,0.05,3760.76,940.19,Sindh,0
4/19/2021,Multivitamin,Vitamin,84,158,237,33.38,44.5,0.10,7031.00,"1,757.75",Sindh,0
4/19/2021,Pre-Workout,Performance,265,149,224,11.27,15.03,0.08,2239.47,559.87,Balochistan,0
4/19/2021,BCAA,Amino Acid,453,156,234,30.89,41.19,0.05,6425.64,"1,606.41",KP,0
4/19/2021,Creatine,Performance,455,139,209,17.99,23.98,0.03,3333.22,833.31,Punjab,0
4/19/2021,Zinc,Mineral,189,128,192,31.68,42.24,0.08,5406.72,"1,351.68",Sindh,0
4/19/2021,Collagen Peptides,Protein,355,152,228,31.91,42.54,0.03,6466.08,"1,616.52",KP,1
4/19/2021,Magnesium,Mineral,352,148,222,30.15,40.2,0.22,5949.60,"1,487.40",Balochistan,1
4/19/2021,Ashwagandha,Herbal,463,154,231,15.95,21.26,0.06,3274.04,818.51,KP,0
4/19/2021,Melatonin,Sleep Aid,230,145,218,21.31,28.41,0.09,4119.45,"1,029.86",Punjab,1
4/19/2021,Biotin,Vitamin,114,164,246,30.53,40.71,0.08,6676.44,"1,669.11",Sindh,1
4/19/2021,Green Tea Extract,Fat Burner,124,150,225,26.15,34.86,0.17,5229.00,"1,307.25",Punjab,1
4/19/2021,Iron Supplement,Mineral,261,166,249,20.36,27.15,0.03,4506.90,"1,126.73",KP,0
4/19/2021,Electrolyte Powder,Hydration,203,150,225,32.95,43.93,0.11,6589.50,"1,647.38",KP,0
4/26/2021,Whey Protein,Protein,378,153,230,11.6,15.47,0.10,2366.91,591.73,Punjab,1
4/26/2021,Vitamin C,Vitamin,415,152,228,10.44,13.92,0.02,2115.84,528.96,KP,0
4/26/2021,Fish Oil,Omega,292,139,209,27.86,37.14,0.21,5162.46,"1,290.62",Punjab,0
4/26/2021,Multivitamin,Vitamin,380,134,201,42.99,57.32,0.10,7680.88,"1,920.22",Sindh,0
4/26/2021,Pre-Workout,Performance,236,154,231,38.89,51.85,0.25,7984.90,"1,996.23",Sindh,0
4/26/2021,BCAA,Amino Acid,475,133,200,30.89,41.19,0.07,5478.27,"1,369.57",KP,0
4/26/2021,Creatine,Performance,215,161,242,21.35,28.47,0.13,4583.67,"1,145.92",Balochistan,1
4/26/2021,Zinc,Mineral,55,158,237,30.47,40.63,0.15,6419.54,"1,604.89",Balochistan,1
4/26/2021,Collagen Peptides,Protein,73,155,233,10.67,14.23,0.03,2205.65,551.41,Balochistan,0
4/26/2021,Magnesium,Mineral,145,150,225,33.8,45.06,0.20,6759.00,"1,689.75",Sindh,0
4/26/2021,Ashwagandha,Herbal,190,147,221,14.69,19.59,0.02,2879.73,719.93,Balochistan,1
4/26/2021,Melatonin,Sleep Aid,297,141,212,33.9,45.2,0.24,6373.20,"1,593.30",Sindh,0
4/26/2021,Biotin,Vitamin,331,156,234,31.15,41.53,0.11,6478.68,"1,619.67",Sindh,0
4/26/2021,Green Tea Extract,Fat Burner,473,150,225,37.9,50.53,0.18,7579.50,"1,894.88",Punjab,0
4/26/2021,Iron Supplement,Mineral,127,133,200,26.27,35.02,0.22,4657.66,"1,164.42",KP,1
4/26/2021,Electrolyte Powder,Hydration,228,151,227,35.49,47.32,0.00,7145.32,"1,786.33",Punjab,0
05/03/2021,Whey Protein,Protein,293,153,230,41.87,55.83,0.18,8541.99,"2,135.50",Balochistan,1
05/03/2021,Vitamin C,Vitamin,200,146,219,12.01,16.01,0.13,2337.46,584.37,Punjab,1
05/03/2021,Fish Oil,Omega,169,147,221,27.07,36.09,0.02,5305.23,"1,326.31",Punjab,1
05/03/2021,Multivitamin,Vitamin,100,164,246,41.06,54.74,0.03,8977.36,"2,244.34",Balochistan,0
05/03/2021,Pre-Workout,Performance,74,139,209,44.9,59.87,0.07,8321.93,"2,080.48",Punjab,1
05/03/2021,BCAA,Amino Acid,123,137,206,30.89,41.19,0.08,5643.03,"1,410.76",KP,0
05/03/2021,Creatine,Performance,225,138,207,20.12,26.82,0.05,3701.16,925.29,Balochistan,0
05/03/2021,Zinc,Mineral,127,146,219,24.32,32.42,0.08,4733.32,"1,183.33",Punjab,0
05/03/2021,Collagen Peptides,Protein,321,165,248,13.4,17.86,0.17,2946.90,736.73,KP,1
05/03/2021,Magnesium,Mineral,326,155,233,24.02,32.02,0.23,4963.10,"1,240.78",Punjab,0
05/03/2021,Ashwagandha,Herbal,169,150,225,19.71,26.28,0.25,3942.00,985.5,Balochistan,1
05/03/2021,Melatonin,Sleep Aid,389,120,180,30.88,41.17,0.01,4940.40,"1,235.10",KP,1
05/03/2021,Biotin,Vitamin,144,148,222,23.93,31.91,0.07,4722.68,"1,180.67",Balochistan,0
05/03/2021,Green Tea Extract,Fat Burner,426,157,236,15.01,20.01,0.08,3141.57,785.39,Sindh,1
05/03/2021,Iron Supplement,Mineral,356,128,192,10.25,13.66,0.20,1748.48,437.12,KP,0
05/03/2021,Electrolyte Powder,Hydration,246,160,240,32.6,43.47,0.12,6955.20,"1,738.80",Balochistan,0
05/10/2021,Whey Protein,Protein,411,161,242,20.91,27.88,0.07,4488.68,"1,122.17",Punjab,0
05/10/2021,Vitamin C,Vitamin,278,157,236,20.34,27.12,0.19,4257.84,"1,064.46",Sindh,1
05/10/2021,Fish Oil,Omega,228,167,251,26.91,35.88,0.14,5991.96,"1,497.99",KP,0
05/10/2021,Multivitamin,Vitamin,422,184,276,9.5,12.67,0.23,2331.28,582.82,Punjab,1
05/10/2021,Pre-Workout,Performance,240,154,231,11.01,14.68,0.19,2260.72,565.18,Balochistan,1
05/10/2021,BCAA,Amino Acid,101,143,215,30.89,41.19,0.02,5890.17,"1,472.54",KP,0
05/10/2021,Creatine,Performance,381,141,212,42.6,56.8,0.17,8008.80,"2,002.20",Sindh,1
05/10/2021,Zinc,Mineral,101,157,236,17.9,23.86,0.25,3746.02,936.51,Balochistan,1
05/10/2021,Collagen Peptides,Protein,156,155,233,9.35,12.46,0.01,1931.30,482.83,Sindh,1
05/10/2021,Magnesium,Mineral,459,160,240,39.03,52.04,0.01,8326.40,"2,081.60",Balochistan,0
05/10/2021,Ashwagandha,Herbal,120,140,210,10.22,13.62,0.24,1906.80,476.7,Punjab,1
05/10/2021,Melatonin,Sleep Aid,324,171,257,44.46,59.28,0.14,10136.88,"2,534.22",Sindh,0
05/10/2021,Biotin,Vitamin,125,169,254,11.11,14.81,0.11,2502.89,625.72,Balochistan,1
05/10/2021,Green Tea Extract,Fat Burner,448,151,227,12.8,17.06,0.00,2576.06,644.02,Balochistan,1
05/10/2021,Iron Supplement,Mineral,406,130,195,41.8,55.73,0.05,7244.90,"1,811.23",Balochistan,0
05/10/2021,Electrolyte Powder,Hydration,321,129,194,13.65,18.2,0.18,2347.80,586.95,KP,0
5/17/2021,Whey Protein,Protein,400,149,224,13.92,18.56,0.19,2765.44,691.36,Balochistan,1
5/17/2021,Vitamin C,Vitamin,82,156,234,33.31,44.41,0.03,6927.96,"1,731.99",Balochistan,0
5/17/2021,Fish Oil,Omega,384,140,210,17.33,23.1,0.22,3234.00,808.5,Sindh,1
5/17/2021,Multivitamin,Vitamin,245,138,207,10.79,14.39,0.10,1985.82,496.46,Punjab,1
5/17/2021,Pre-Workout,Performance,287,156,234,18.1,24.13,0.09,3764.28,941.07,Balochistan,0
5/17/2021,BCAA,Amino Acid,109,158,237,30.89,41.19,0.06,6508.02,"1,627.01",KP,1
5/17/2021,Creatine,Performance,66,144,216,20.29,27.05,0.20,3895.20,973.8,Punjab,1
5/17/2021,Zinc,Mineral,70,151,227,8.66,11.54,0.22,1742.54,435.64,KP,0
5/17/2021,Collagen Peptides,Protein,475,176,264,20.33,27.1,0.23,4769.60,"1,192.40",Sindh,0
5/17/2021,Magnesium,Mineral,297,153,230,15.73,20.97,0.11,3208.41,802.1,Punjab,1
5/17/2021,Ashwagandha,Herbal,63,158,237,42.63,56.84,0.04,8980.72,"2,245.18",KP,1
5/17/2021,Melatonin,Sleep Aid,226,141,212,12.11,16.15,0.25,2277.15,569.29,Sindh,0
5/17/2021,Biotin,Vitamin,464,133,200,34.48,45.97,0.21,6114.01,"1,528.50",Balochistan,1
5/17/2021,Green Tea Extract,Fat Burner,171,124,186,23.69,31.58,0.06,3915.92,978.98,Balochistan,0
5/17/2021,Iron Supplement,Mineral,314,141,212,41.48,55.3,0.14,7797.30,"1,949.33",Punjab,1
5/17/2021,Electrolyte Powder,Hydration,50,146,219,34.79,46.38,0.11,6771.48,"1,692.87",Punjab,0
5/24/2021,Whey Protein,Protein,368,176,264,28.52,38.03,0.02,6693.28,"1,673.32",KP,0
5/24/2021,Vitamin C,Vitamin,85,147,221,40.37,53.83,0.04,7913.01,"1,978.25",Punjab,1
5/24/2021,Fish Oil,Omega,174,154,231,21.86,29.15,0.22,4489.10,"1,122.28",Sindh,1
5/24/2021,Multivitamin,Vitamin,250,148,222,24.92,33.23,0.21,4918.04,"1,229.51",Sindh,1
5/24/2021,Pre-Workout,Performance,416,163,245,11.94,15.92,0.00,2594.96,648.74,KP,1
5/24/2021,BCAA,Amino Acid,97,157,236,30.89,41.19,0.12,6466.83,"1,616.71",Sindh,1
5/24/2021,Creatine,Performance,152,147,221,12.62,16.82,0.05,2472.54,618.14,Sindh,1
5/24/2021,Zinc,Mineral,242,138,207,31.02,41.36,0.08,5707.68,"1,426.92",Sindh,1
5/24/2021,Collagen Peptides,Protein,273,138,207,20.92,27.89,0.00,3848.82,962.21,Punjab,0
5/24/2021,Magnesium,Mineral,113,168,252,27.89,37.18,0.16,6246.24,"1,561.56",Punjab,1
5/24/2021,Ashwagandha,Herbal,50,155,233,9.53,12.7,0.11,1968.50,492.13,Punjab,1
5/24/2021,Melatonin,Sleep Aid,88,167,251,38.35,51.13,0.05,8538.71,"2,134.68",Balochistan,1
5/24/2021,Biotin,Vitamin,291,143,215,13.14,17.52,0.13,2505.36,626.34,Balochistan,0
5/24/2021,Green Tea Extract,Fat Burner,130,148,222,39.33,52.44,0.18,7761.12,"1,940.28",Balochistan,0
5/24/2021,Iron Supplement,Mineral,103,141,212,29.14,38.85,0.06,5477.85,"1,369.46",Sindh,1
5/24/2021,Electrolyte Powder,Hydration,287,162,243,44.7,59.6,0.03,9655.20,"2,413.80",Punjab,0
5/31/2021,Whey Protein,Protein,268,146,219,40.52,54.03,0.10,7888.38,"1,972.10",Balochistan,1
5/31/2021,Vitamin C,Vitamin,373,122,183,16.68,22.24,0.17,2713.28,678.32,KP,0
5/31/2021,Fish Oil,Omega,59,133,200,31.79,42.39,0.18,5637.87,"1,409.47",Punjab,1
5/31/2021,Multivitamin,Vitamin,102,129,194,17.27,23.03,0.21,2970.87,742.72,Balochistan,0
5/31/2021,Pre-Workout,Performance,431,160,240,38.32,51.09,0.19,8174.40,"2,043.60",Sindh,1
5/31/2021,BCAA,Amino Acid,245,144,216,30.89,41.19,0.13,5931.36,"1,482.84",Sindh,1
5/31/2021,Creatine,Performance,263,145,218,21.14,28.18,0.16,4086.10,"1,021.53",Sindh,1
5/31/2021,Zinc,Mineral,360,136,204,12.78,17.04,0.16,2317.44,579.36,Punjab,0
5/31/2021,Collagen Peptides,Protein,192,173,260,43.13,57.51,0.02,9949.23,"2,487.31",Sindh,1
5/31/2021,Magnesium,Mineral,293,151,227,38.69,51.58,0.04,7788.58,"1,947.15",Balochistan,1
5/31/2021,Ashwagandha,Herbal,147,167,251,12.34,16.45,0.12,2747.15,686.79,Balochistan,0
5/31/2021,Melatonin,Sleep Aid,379,155,233,41.47,55.29,0.13,8569.95,"2,142.49",KP,1
5/31/2021,Biotin,Vitamin,404,171,257,34.94,46.59,0.18,7966.89,"1,991.72",Punjab,1
5/31/2021,Green Tea Extract,Fat Burner,165,139,209,15.74,20.99,0.11,2917.61,729.4,Sindh,0
5/31/2021,Iron Supplement,Mineral,307,161,242,37.21,49.61,0.21,7987.21,"1,996.80",Sindh,0
5/31/2021,Electrolyte Powder,Hydration,51,140,210,19.31,25.74,0.03,3603.60,900.9,Balochistan,1
06/07/2021,Whey Protein,Protein,474,139,209,41.57,55.42,0.03,7703.38,"1,925.85",Balochistan,1
06/07/2021,Vitamin C,Vitamin,147,157,236,42.1,56.13,0.14,8812.41,"2,203.10",Punjab,0
06/07/2021,Fish Oil,Omega,239,160,240,33.51,44.68,0.01,7148.80,"1,787.20",Punjab,1
06/07/2021,Multivitamin,Vitamin,427,148,222,15.8,21.06,0.17,3116.88,779.22,KP,0
06/07/2021,Pre-Workout,Performance,449,149,224,24.62,32.82,0.22,4890.18,"1,222.55",Sindh,1
06/07/2021,BCAA,Amino Acid,421,164,246,30.89,41.19,0.06,6755.16,"1,688.79",Balochistan,1
06/07/2021,Creatine,Performance,295,163,245,27.17,36.22,0.20,5903.86,"1,475.97",KP,0
06/07/2021,Zinc,Mineral,216,155,233,11.6,15.46,0.20,2396.30,599.08,Sindh,1
06/07/2021,Collagen Peptides,Protein,368,141,212,20.49,27.32,0.24,3852.12,963.03,Sindh,1
06/07/2021,Magnesium,Mineral,328,141,212,33.94,45.25,0.11,6380.25,"1,595.06",KP,0
06/07/2021,Ashwagandha,Herbal,205,158,237,40.13,53.51,0.03,8454.58,"2,113.65",Balochistan,0
06/07/2021,Melatonin,Sleep Aid,476,157,236,22.41,29.88,0.08,4691.16,"1,172.79",Balochistan,0
06/07/2021,Biotin,Vitamin,379,149,224,31.19,41.59,0.06,6196.91,"1,549.23",KP,1
06/07/2021,Green Tea Extract,Fat Burner,442,144,216,28.9,38.53,0.11,5548.32,"1,387.08",Balochistan,1
06/07/2021,Iron Supplement,Mineral,113,159,239,38.75,51.66,0.06,8213.94,"2,053.49",KP,1
06/07/2021,Electrolyte Powder,Hydration,185,153,230,25.73,34.3,0.08,5247.90,"1,311.98",Sindh,0
6/14/2021,Whey Protein,Protein,341,139,209,33.11,44.15,0.17,6136.85,"1,534.21",Sindh,1
6/14/2021,Vitamin C,Vitamin,246,159,239,40.66,54.21,0.22,8619.39,"2,154.85",Punjab,0
6/14/2021,Fish Oil,Omega,111,151,227,10.61,14.15,0.05,2136.65,534.16,Balochistan,1
6/14/2021,Multivitamin,Vitamin,148,153,230,44.56,59.41,0.10,9089.73,"2,272.43",Sindh,0
6/14/2021,Pre-Workout,Performance,323,162,243,14.95,19.93,0.12,3228.66,807.17,Punjab,0
6/14/2021,BCAA,Amino Acid,68,160,240,30.89,41.19,0.24,6590.40,"1,647.60",Sindh,0
6/14/2021,Creatine,Performance,197,147,221,34.92,46.56,0.06,6844.32,"1,711.08",Balochistan,0
6/14/2021,Zinc,Mineral,227,151,227,31.09,41.45,0.03,6258.95,"1,564.74",Balochistan,1
6/14/2021,Collagen Peptides,Protein,417,142,213,12.26,16.35,0.23,2321.70,580.43,KP,0
6/14/2021,Magnesium,Mineral,285,140,210,30.32,40.43,0.24,5660.20,"1,415.05",Balochistan,1
6/14/2021,Ashwagandha,Herbal,497,157,236,22.36,29.81,0.24,4680.17,"1,170.04",Sindh,0
6/14/2021,Melatonin,Sleep Aid,55,142,213,33.89,45.18,0.16,6415.56,"1,603.89",Balochistan,0
6/14/2021,Biotin,Vitamin,97,178,267,18.89,25.19,0.23,4483.82,"1,120.96",Balochistan,1
6/14/2021,Green Tea Extract,Fat Burner,481,141,212,38.39,51.19,0.03,7217.79,"1,804.45",KP,1
6/14/2021,Iron Supplement,Mineral,455,161,242,34.2,45.6,0.10,7341.60,"1,835.40",KP,0
6/14/2021,Electrolyte Powder,Hydration,474,134,201,25.54,34.05,0.09,4562.70,"1,140.68",KP,1
6/21/2021,Whey Protein,Protein,443,123,185,23.86,31.81,0.05,3912.63,978.16,KP,1
6/21/2021,Vitamin C,Vitamin,117,162,243,18.69,24.92,0.16,4037.04,"1,009.26",Sindh,0
6/21/2021,Fish Oil,Omega,298,140,210,9.02,12.02,0.02,1682.80,420.7,KP,1
6/21/2021,Multivitamin,Vitamin,112,136,204,44.84,59.79,0.07,8131.44,"2,032.86",Sindh,0
6/21/2021,Pre-Workout,Performance,268,151,227,40.25,53.67,0.10,8104.17,"2,026.04",Balochistan,0
6/21/2021,BCAA,Amino Acid,448,139,209,30.89,41.19,0.17,5725.41,"1,431.35",Balochistan,0
6/21/2021,Creatine,Performance,134,153,230,14.67,19.56,0.10,2992.68,748.17,Balochistan,0
6/21/2021,Zinc,Mineral,64,146,219,17.06,22.75,0.03,3321.50,830.38,Punjab,1
6/21/2021,Collagen Peptides,Protein,282,143,215,14.03,18.7,0.19,2674.10,668.53,Balochistan,1
6/21/2021,Magnesium,Mineral,442,152,228,26.5,35.33,0.14,5370.16,"1,342.54",Balochistan,1
6/21/2021,Ashwagandha,Herbal,390,142,213,40.17,53.56,0.05,7605.52,"1,901.38",Balochistan,1
6/21/2021,Melatonin,Sleep Aid,444,168,252,28.18,37.57,0.09,6311.76,"1,577.94",Punjab,0
6/21/2021,Biotin,Vitamin,312,153,230,15.11,20.15,0.11,3082.95,770.74,Punjab,0
6/21/2021,Green Tea Extract,Fat Burner,296,153,230,28.05,37.4,0.18,5722.20,"1,430.55",Sindh,0
6/21/2021,Iron Supplement,Mineral,270,155,233,34.13,45.51,0.17,7054.05,"1,763.51",Sindh,1
6/21/2021,Electrolyte Powder,Hydration,85,147,221,32.6,43.47,0.05,6390.09,"1,597.52",KP,1
6/28/2021,Whey Protein,Protein,278,170,255,42.05,56.07,0.24,9531.90,"2,382.98",Balochistan,1
6/28/2021,Vitamin C,Vitamin,263,154,231,39.74,52.99,0.06,8160.46,"2,040.12",KP,1
6/28/2021,Fish Oil,Omega,190,154,231,10.71,14.28,0.05,2199.12,549.78,Sindh,0
6/28/2021,Multivitamin,Vitamin,186,145,218,33.6,44.8,0.09,6496.00,"1,624.00",Sindh,0
6/28/2021,Pre-Workout,Performance,112,127,191,27.02,36.03,0.19,4575.81,"1,143.95",Punjab,0
6/28/2021,BCAA,Amino Acid,153,147,221,30.89,41.19,0.08,6054.93,"1,513.73",Punjab,1
6/28/2021,Creatine,Performance,102,166,249,29.54,39.39,0.21,6538.74,"1,634.69",Sindh,1
6/28/2021,Zinc,Mineral,215,150,225,33.5,44.66,0.02,6699.00,"1,674.75",Sindh,0
6/28/2021,Collagen Peptides,Protein,67,160,240,30.66,40.88,0.16,6540.80,"1,635.20",Balochistan,1
6/28/2021,Magnesium,Mineral,279,163,245,17.21,22.95,0.18,3740.85,935.21,Punjab,1
6/28/2021,Ashwagandha,Herbal,102,119,179,14.2,18.93,0.08,2252.67,563.17,Balochistan,0
6/28/2021,Melatonin,Sleep Aid,250,150,225,17.65,23.53,0.01,3529.50,882.38,Punjab,0
6/28/2021,Biotin,Vitamin,334,146,219,40.01,53.35,0.19,7789.10,"1,947.28",KP,0
6/28/2021,Green Tea Extract,Fat Burner,155,150,225,33.61,44.81,0.05,6721.50,"1,680.38",Balochistan,1
6/28/2021,Iron Supplement,Mineral,303,134,201,39.91,53.21,0.12,7130.14,"1,782.54",Sindh,0
6/28/2021,Electrolyte Powder,Hydration,115,154,231,23.69,31.59,0.20,4864.86,"1,216.22",Sindh,1
07/05/2021,Whey Protein,Protein,129,175,263,24.85,33.13,0.20,5797.75,"1,449.44",Balochistan,1
07/05/2021,Vitamin C,Vitamin,325,152,228,25.04,33.39,0.24,5075.28,"1,268.82",KP,1
07/05/2021,Fish Oil,Omega,491,162,243,25.04,33.39,0.16,5409.18,"1,352.30",KP,1
07/05/2021,Multivitamin,Vitamin,495,152,228,19.4,25.86,0.07,3930.72,982.68,Punjab,1
07/05/2021,Pre-Workout,Performance,478,123,185,37.97,50.63,0.03,6227.49,"1,556.87",Balochistan,1
07/05/2021,BCAA,Amino Acid,188,148,222,30.89,41.19,0.11,6096.12,"1,524.03",KP,1
07/05/2021,Creatine,Performance,258,154,231,13.37,17.82,0.11,2744.28,686.07,KP,0
07/05/2021,Zinc,Mineral,347,159,239,22.06,29.41,0.04,4676.19,"1,169.05",Sindh,1
07/05/2021,Collagen Peptides,Protein,345,153,230,26.81,35.75,0.04,5469.75,"1,367.44",Balochistan,1
07/05/2021,Magnesium,Mineral,343,165,248,25.94,34.58,0.24,5705.70,"1,426.43",Sindh,1
07/05/2021,Ashwagandha,Herbal,76,153,230,30.23,40.3,0.02,6165.90,"1,541.48",Sindh,1
07/05/2021,Melatonin,Sleep Aid,319,158,237,33.91,45.21,0.15,7143.18,"1,785.80",Sindh,0
07/05/2021,Biotin,Vitamin,211,150,225,29.38,39.17,0.13,5875.50,"1,468.88",KP,1
07/05/2021,Green Tea Extract,Fat Burner,264,139,209,16.56,22.08,0.13,3069.12,767.28,Balochistan,1
07/05/2021,Iron Supplement,Mineral,401,148,222,20.63,27.51,0.11,4071.48,"1,017.87",KP,1
07/05/2021,Electrolyte Powder,Hydration,140,152,228,13.12,17.49,0.14,2658.48,664.62,Sindh,0
07/12/2021,Whey Protein,Protein,403,140,210,12.39,16.52,0.08,2312.80,578.2,Punjab,0
07/12/2021,Vitamin C,Vitamin,235,134,201,29.54,39.39,0.02,5278.26,"1,319.57",Sindh,1
07/12/2021,Fish Oil,Omega,385,182,273,24.38,32.5,0.01,5915.00,"1,478.75",Sindh,0
07/12/2021,Multivitamin,Vitamin,239,147,221,15.26,20.34,0.16,2989.98,747.5,KP,0
07/12/2021,Pre-Workout,Performance,184,137,206,28.69,38.25,0.21,5240.25,"1,310.06",Sindh,1
07/12/2021,BCAA,Amino Acid,449,161,242,30.89,41.19,0.17,6631.59,"1,657.90",Balochistan,1
07/12/2021,Creatine,Performance,382,176,264,31.61,42.14,0.10,7416.64,"1,854.16",Punjab,0
07/12/2021,Zinc,Mineral,372,144,216,41.3,55.07,0.07,7930.08,"1,982.52",Balochistan,0
07/12/2021,Collagen Peptides,Protein,213,148,222,18.56,24.75,0.00,3663.00,915.75,Punjab,0
07/12/2021,Magnesium,Mineral,338,142,213,13.92,18.56,0.22,2635.52,658.88,KP,1
07/12/2021,Ashwagandha,Herbal,392,130,195,32.01,42.68,0.24,5548.40,"1,387.10",Balochistan,0
07/12/2021,Melatonin,Sleep Aid,330,173,260,36.22,48.29,0.02,8354.17,"2,088.54",Balochistan,0
07/12/2021,Biotin,Vitamin,104,140,210,37.89,50.52,0.03,7072.80,"1,768.20",Balochistan,0
07/12/2021,Green Tea Extract,Fat Burner,313,174,261,44.18,58.9,0.25,10248.60,"2,562.15",Balochistan,1
07/12/2021,Iron Supplement,Mineral,358,137,206,23.42,31.22,0.08,4277.14,"1,069.29",KP,1
07/12/2021,Electrolyte Powder,Hydration,209,190,285,35,46.67,0.00,8867.30,"2,216.83",Sindh,1
7/19/2021,Whey Protein,Protein,487,170,255,14.46,19.28,0.16,3277.60,819.4,Balochistan,0
7/19/2021,Vitamin C,Vitamin,303,157,236,16.96,22.61,0.24,3549.77,887.44,Sindh,1
7/19/2021,Fish Oil,Omega,239,148,222,24.47,32.62,0.11,4827.76,"1,206.94",KP,0
7/19/2021,Multivitamin,Vitamin,139,147,221,8.35,11.13,0.11,1636.11,409.03,Sindh,1
7/19/2021,Pre-Workout,Performance,215,157,236,41.61,55.48,0.00,8710.36,"2,177.59",Sindh,1
7/19/2021,BCAA,Amino Acid,446,161,242,30.89,41.19,0.03,6631.59,"1,657.90",Sindh,1
7/19/2021,Creatine,Performance,296,149,224,29.47,39.29,0.17,5854.21,"1,463.55",Balochistan,0
7/19/2021,Zinc,Mineral,305,156,234,26.76,35.68,0.20,5566.08,"1,391.52",Punjab,1
7/19/2021,Collagen Peptides,Protein,441,146,219,41.8,55.73,0.02,8136.58,"2,034.15",KP,0
7/19/2021,Magnesium,Mineral,409,147,221,32.99,43.98,0.02,6465.06,"1,616.27",Sindh,1
7/19/2021,Ashwagandha,Herbal,444,160,240,13.9,18.53,0.22,2964.80,741.2,Punjab,1
7/19/2021,Melatonin,Sleep Aid,202,167,251,27.83,37.1,0.23,6195.70,"1,548.93",Sindh,0
7/19/2021,Biotin,Vitamin,206,148,222,22.25,29.66,0.10,4389.68,"1,097.42",Balochistan,1
7/19/2021,Green Tea Extract,Fat Burner,165,141,212,10.12,13.49,0.17,1902.09,475.52,Punjab,0
7/19/2021,Iron Supplement,Mineral,113,144,216,17.63,23.5,0.19,3384.00,846,KP,1
7/19/2021,Electrolyte Powder,Hydration,177,139,209,25.14,33.52,0.22,4659.28,"1,164.82",Punjab,0
7/26/2021,Whey Protein,Protein,379,150,225,39.28,52.37,0.00,7855.50,"1,963.88",Sindh,1
7/26/2021,Vitamin C,Vitamin,411,169,254,27.86,37.14,0.13,6276.66,"1,569.17",Punjab,0
7/26/2021,Fish Oil,Omega,108,151,227,23.19,30.92,0.18,4668.92,"1,167.23",Sindh,0
7/26/2021,Multivitamin,Vitamin,216,136,204,22.8,30.4,0.17,4134.40,"1,033.60",Punjab,0
7/26/2021,Pre-Workout,Performance,448,155,233,23.18,30.91,0.23,4791.05,"1,197.76",Punjab,0
7/26/2021,BCAA,Amino Acid,119,132,198,30.89,41.19,0.24,5437.08,"1,359.27",Punjab,0
7/26/2021,Creatine,Performance,406,150,225,8.27,11.02,0.15,1653.00,413.25,Balochistan,0
7/26/2021,Zinc,Mineral,422,165,248,33.26,44.34,0.17,7316.10,"1,829.03",KP,1
7/26/2021,Collagen Peptides,Protein,483,142,213,37.52,50.02,0.11,7102.84,"1,775.71",Sindh,1
7/26/2021,Magnesium,Mineral,382,154,231,23.44,31.25,0.07,4812.50,"1,203.13",Sindh,0
7/26/2021,Ashwagandha,Herbal,219,151,227,24.01,32.01,0.02,4833.51,"1,208.38",Sindh,1
7/26/2021,Melatonin,Sleep Aid,498,139,209,22.98,30.64,0.06,4258.96,"1,064.74",Punjab,0
7/26/2021,Biotin,Vitamin,369,145,218,27.65,36.86,0.05,5344.70,"1,336.18",KP,0
7/26/2021,Green Tea Extract,Fat Burner,69,167,251,22.95,30.6,0.01,5110.20,"1,277.55",Balochistan,0
7/26/2021,Iron Supplement,Mineral,336,152,228,34.01,45.35,0.04,6893.20,"1,723.30",KP,0
7/26/2021,Electrolyte Powder,Hydration,83,134,201,15.53,20.71,0.02,2775.14,693.79,KP,0
08/02/2021,Whey Protein,Protein,230,135,203,27.52,36.69,0.04,4953.15,"1,238.29",KP,0
08/02/2021,Vitamin C,Vitamin,198,162,243,30.23,40.31,0.08,6530.22,"1,632.56",Sindh,0
08/02/2021,Fish Oil,Omega,111,143,215,15.86,21.15,0.05,3024.45,756.11,Balochistan,0
08/02/2021,Multivitamin,Vitamin,56,156,234,7.95,10.6,0.13,1653.60,413.4,KP,0
08/02/2021,Pre-Workout,Performance,113,149,224,42.3,56.4,0.21,8403.60,"2,100.90",KP,1
08/02/2021,BCAA,Amino Acid,374,140,210,30.89,41.19,0.19,5766.60,"1,441.65",KP,1
08/02/2021,Creatine,Performance,178,127,191,37.73,50.3,0.07,6388.10,"1,597.03",KP,1
08/02/2021,Zinc,Mineral,446,147,221,39.2,52.26,0.13,7682.22,"1,920.56",Balochistan,1
08/02/2021,Collagen Peptides,Protein,276,167,251,19.25,25.66,0.19,4285.22,"1,071.31",Balochistan,0
08/02/2021,Magnesium,Mineral,457,146,219,34.67,46.22,0.10,6748.12,"1,687.03",Punjab,0
08/02/2021,Ashwagandha,Herbal,261,145,218,14.1,18.8,0.19,2726.00,681.5,Punjab,0
08/02/2021,Melatonin,Sleep Aid,271,148,222,44.33,59.1,0.10,8746.80,"2,186.70",Balochistan,0
08/02/2021,Biotin,Vitamin,318,130,195,29.98,39.97,0.10,5196.10,"1,299.03",Sindh,1
08/02/2021,Green Tea Extract,Fat Burner,323,124,186,26.43,35.24,0.04,4369.76,"1,092.44",KP,0
08/02/2021,Iron Supplement,Mineral,166,133,200,30.37,40.49,0.05,5385.17,"1,346.29",KP,1
08/02/2021,Electrolyte Powder,Hydration,171,165,248,19.79,26.38,0.05,4352.70,"1,088.18",Punjab,0
08/09/2021,Whey Protein,Protein,59,151,227,13.67,18.22,0.20,2751.22,687.81,Balochistan,1
08/09/2021,Vitamin C,Vitamin,68,134,201,13.88,18.51,0.06,2480.34,620.09,KP,1
08/09/2021,Fish Oil,Omega,226,152,228,43.04,57.39,0.03,8723.28,"2,180.82",Sindh,1
08/09/2021,Multivitamin,Vitamin,376,140,210,20.21,26.95,0.04,3773.00,943.25,KP,1
08/09/2021,Pre-Workout,Performance,240,143,215,28.74,38.32,0.12,5479.76,"1,369.94",KP,0
08/09/2021,BCAA,Amino Acid,476,159,239,30.89,41.19,0.22,6549.21,"1,637.30",Punjab,0
08/09/2021,Creatine,Performance,226,135,203,23.9,31.86,0.10,4301.10,"1,075.28",Sindh,1
08/09/2021,Zinc,Mineral,223,150,225,25.37,33.83,0.19,5074.50,"1,268.63",Punjab,0
08/09/2021,Collagen Peptides,Protein,230,157,236,23.06,30.74,0.19,4826.18,"1,206.55",Punjab,0
08/09/2021,Magnesium,Mineral,186,133,200,22.58,30.1,0.21,4003.30,"1,000.83",Balochistan,1
08/09/2021,Ashwagandha,Herbal,129,156,234,29.48,39.31,0.09,6132.36,"1,533.09",Balochistan,1
08/09/2021,Melatonin,Sleep Aid,499,144,216,44.73,59.64,0.03,8588.16,"2,147.04",Balochistan,1
08/09/2021,Biotin,Vitamin,206,167,251,31.88,42.51,0.08,7099.17,"1,774.79",Sindh,1
08/09/2021,Green Tea Extract,Fat Burner,398,141,212,22.91,30.54,0.18,4306.14,"1,076.54",Sindh,1
08/09/2021,Iron Supplement,Mineral,234,176,264,26.36,35.15,0.15,6186.40,"1,546.60",Sindh,0
08/09/2021,Electrolyte Powder,Hydration,103,122,183,39.51,52.68,0.06,6426.96,"1,606.74",Balochistan,1
8/16/2021,Whey Protein,Protein,271,173,260,23.96,31.95,0.01,5527.35,"1,381.84",Sindh,1
8/16/2021,Vitamin C,Vitamin,325,149,224,33.37,44.49,0.12,6629.01,"1,657.25",Punjab,1
8/16/2021,Fish Oil,Omega,464,139,209,29.03,38.71,0.16,5380.69,"1,345.17",Punjab,1
8/16/2021,Multivitamin,Vitamin,495,154,231,33.57,44.76,0.10,6893.04,"1,723.26",Balochistan,0
8/16/2021,Pre-Workout,Performance,279,155,233,41.89,55.85,0.03,8656.75,"2,164.19",Balochistan,1
8/16/2021,BCAA,Amino Acid,404,133,200,30.89,41.19,0.09,5478.27,"1,369.57",KP,1
8/16/2021,Creatine,Performance,172,153,230,8.78,11.71,0.08,1791.63,447.91,KP,1
8/16/2021,Zinc,Mineral,205,157,236,33.68,44.91,0.08,7050.87,"1,762.72",KP,1
8/16/2021,Collagen Peptides,Protein,384,141,212,44.27,59.02,0.12,8321.82,"2,080.46",Sindh,1
8/16/2021,Magnesium,Mineral,387,135,203,29.2,38.93,0.02,5255.55,"1,313.89",Balochistan,0
8/16/2021,Ashwagandha,Herbal,264,145,218,36.77,49.03,0.19,7109.35,"1,777.34",Punjab,0
8/16/2021,Melatonin,Sleep Aid,290,154,231,31.08,41.44,0.14,6381.76,"1,595.44",KP,1
8/16/2021,Biotin,Vitamin,124,159,239,40.22,53.62,0.05,8525.58,"2,131.40",KP,0
8/16/2021,Green Tea Extract,Fat Burner,355,149,224,38.6,51.46,0.11,7667.54,"1,916.89",Punjab,0
8/16/2021,Iron Supplement,Mineral,135,151,227,30.57,40.76,0.21,6154.76,"1,538.69",Sindh,0
8/16/2021,Electrolyte Powder,Hydration,230,153,230,13.66,18.21,0.03,2786.13,696.53,Sindh,0
8/23/2021,Whey Protein,Protein,114,146,219,13.93,18.57,0.17,2711.22,677.81,KP,0
8/23/2021,Vitamin C,Vitamin,311,155,233,41.01,54.68,0.10,8475.40,"2,118.85",Punjab,0
8/23/2021,Fish Oil,Omega,388,149,224,39.89,53.18,0.23,7923.82,"1,980.96",Punjab,1
8/23/2021,Multivitamin,Vitamin,253,165,248,42.41,56.54,0.06,9329.10,"2,332.28",KP,0
8/23/2021,Pre-Workout,Performance,119,142,213,7.7,10.27,0.14,1458.34,364.59,KP,0
8/23/2021,BCAA,Amino Acid,252,143,215,30.89,41.19,0.15,5890.17,"1,472.54",Balochistan,0
8/23/2021,Creatine,Performance,145,141,212,24.4,32.53,0.00,4586.73,"1,146.68",KP,0
8/23/2021,Zinc,Mineral,75,156,234,35.11,46.81,0.14,7302.36,"1,825.59",KP,1
8/23/2021,Collagen Peptides,Protein,301,133,200,17.81,23.75,0.02,3158.75,789.69,Sindh,1
8/23/2021,Magnesium,Mineral,450,152,228,34.52,46.02,0.16,6995.04,"1,748.76",Punjab,1
8/23/2021,Ashwagandha,Herbal,443,160,240,31.4,41.87,0.14,6699.20,"1,674.80",KP,0
8/23/2021,Melatonin,Sleep Aid,157,157,236,42.85,57.13,0.20,8969.41,"2,242.35",Sindh,1
8/23/2021,Biotin,Vitamin,431,141,212,20.27,27.02,0.12,3809.82,952.46,Sindh,0
8/23/2021,Green Tea Extract,Fat Burner,264,150,225,44.17,58.89,0.03,8833.50,"2,208.38",Punjab,1
8/23/2021,Iron Supplement,Mineral,61,170,255,34.69,46.25,0.11,7862.50,"1,965.63",KP,1
8/23/2021,Electrolyte Powder,Hydration,111,144,216,29.18,38.91,0.12,5603.04,"1,400.76",Punjab,1
8/30/2021,Whey Protein,Protein,425,142,213,10.64,14.19,0.01,2014.98,503.75,KP,1
8/30/2021,Vitamin C,Vitamin,393,128,192,37.99,50.65,0.01,6483.20,"1,620.80",KP,0
8/30/2021,Fish Oil,Omega,69,141,212,25.69,34.25,0.08,4829.25,"1,207.31",Punjab,0
8/30/2021,Multivitamin,Vitamin,437,146,219,11.8,15.73,0.25,2296.58,574.15,Punjab,0
8/30/2021,Pre-Workout,Performance,143,144,216,21.14,28.19,0.21,4059.36,"1,014.84",Sindh,0
8/30/2021,BCAA,Amino Acid,296,158,237,30.89,41.19,0.18,6508.02,"1,627.01",Sindh,1
8/30/2021,Creatine,Performance,311,135,203,44.1,58.8,0.06,7938.00,"1,984.50",Punjab,1
8/30/2021,Zinc,Mineral,51,152,228,26.88,35.84,0.20,5447.68,"1,361.92",Sindh,1
8/30/2021,Collagen Peptides,Protein,133,119,179,29.09,38.78,0.24,4614.82,"1,153.71",Balochistan,0
8/30/2021,Magnesium,Mineral,477,140,210,15.05,20.06,0.23,2808.40,702.1,Balochistan,0
8/30/2021,Ashwagandha,Herbal,352,160,240,26.42,35.22,0.12,5635.20,"1,408.80",Punjab,1
8/30/2021,Melatonin,Sleep Aid,264,150,225,12.44,16.59,0.22,2488.50,622.13,Sindh,1
8/30/2021,Biotin,Vitamin,304,147,221,21.38,28.5,0.19,4189.50,"1,047.38",KP,0
8/30/2021,Green Tea Extract,Fat Burner,277,160,240,15.17,20.23,0.08,3236.80,809.2,Sindh,1
8/30/2021,Iron Supplement,Mineral,463,144,216,19.85,26.47,0.03,3811.68,952.92,Sindh,1
8/30/2021,Electrolyte Powder,Hydration,487,154,231,10.16,13.55,0.12,2086.70,521.68,KP,0
09/06/2021,Whey Protein,Protein,58,150,225,18.34,24.45,0.02,3667.50,916.88,Sindh,0
09/06/2021,Vitamin C,Vitamin,148,146,219,37.2,49.6,0.08,7241.60,"1,810.40",Balochistan,1
09/06/2021,Fish Oil,Omega,239,134,201,12.93,17.24,0.20,2310.16,577.54,Punjab,1
09/06/2021,Multivitamin,Vitamin,496,151,227,24.79,33.05,0.08,4990.55,"1,247.64",KP,0
09/06/2021,Pre-Workout,Performance,475,174,261,40.85,54.46,0.12,9476.04,"2,369.01",Sindh,1
09/06/2021,BCAA,Amino Acid,429,168,252,30.89,41.19,0.10,6919.92,"1,729.98",Sindh,0
09/06/2021,Creatine,Performance,273,140,210,27.03,36.04,0.07,5045.60,"1,261.40",Punjab,1
09/06/2021,Zinc,Mineral,416,152,228,19.61,26.15,0.12,3974.80,993.7,KP,1
09/06/2021,Collagen Peptides,Protein,147,147,221,43.56,58.08,0.13,8537.76,"2,134.44",KP,1
09/06/2021,Magnesium,Mineral,309,147,221,22.77,30.36,0.10,4462.92,"1,115.73",Punjab,1
09/06/2021,Ashwagandha,Herbal,477,151,227,12.56,16.74,0.12,2527.74,631.94,Sindh,0
09/06/2021,Melatonin,Sleep Aid,345,134,201,30.19,40.25,0.16,5393.50,"1,348.38",Balochistan,1
09/06/2021,Biotin,Vitamin,187,170,255,36.35,48.46,0.09,8238.20,"2,059.55",KP,0
09/06/2021,Green Tea Extract,Fat Burner,465,137,206,18.21,24.28,0.07,3326.36,831.59,Balochistan,0
09/06/2021,Iron Supplement,Mineral,292,113,170,17.78,23.7,0.05,2678.10,669.53,KP,1
09/06/2021,Electrolyte Powder,Hydration,464,162,243,7.72,10.29,0.11,1666.98,416.75,KP,0
9/13/2021,Whey Protein,Protein,120,133,200,33.83,45.1,0.18,5998.30,"1,499.58",Punjab,1
9/13/2021,Vitamin C,Vitamin,75,162,243,11,14.66,0.18,2374.92,593.73,Punjab,0
9/13/2021,Fish Oil,Omega,153,156,234,42.96,57.28,0.11,8935.68,"2,233.92",KP,0
9/13/2021,Multivitamin,Vitamin,90,149,224,10.35,13.8,0.13,2056.20,514.05,Punjab,1
9/13/2021,Pre-Workout,Performance,429,161,242,41.59,55.45,0.24,8927.45,"2,231.86",Punjab,1
9/13/2021,BCAA,Amino Acid,428,146,219,30.89,41.19,0.13,6013.74,"1,503.44",Sindh,1
9/13/2021,Creatine,Performance,181,164,246,10.99,14.65,0.15,2402.60,600.65,Punjab,0
9/13/2021,Zinc,Mineral,335,141,212,42.28,56.37,0.10,7948.17,"1,987.04",Balochistan,1
9/13/2021,Collagen Peptides,Protein,244,146,219,25.35,33.8,0.03,4934.80,"1,233.70",Balochistan,0
9/13/2021,Magnesium,Mineral,192,148,222,21.27,28.36,0.00,4197.28,"1,049.32",Punjab,0
9/13/2021,Ashwagandha,Herbal,260,150,225,20.06,26.74,0.17,4011.00,"1,002.75",Balochistan,0
9/13/2021,Melatonin,Sleep Aid,412,157,236,41.81,55.74,0.12,8751.18,"2,187.80",Punjab,0
9/13/2021,Biotin,Vitamin,344,138,207,9.09,12.12,0.16,1672.56,418.14,Sindh,0
9/13/2021,Green Tea Extract,Fat Burner,128,143,215,19.77,26.36,0.06,3769.48,942.37,Punjab,1
9/13/2021,Iron Supplement,Mineral,497,160,240,24.52,32.69,0.13,5230.40,"1,307.60",Punjab,1
9/13/2021,Electrolyte Powder,Hydration,147,155,233,9.18,12.24,0.07,1897.20,474.3,Punjab,1
9/20/2021,Whey Protein,Protein,136,135,203,19.12,25.49,0.13,3441.15,860.29,Punjab,0
9/20/2021,Vitamin C,Vitamin,273,146,219,20.11,26.81,0.07,3914.26,978.57,Balochistan,1
9/20/2021,Fish Oil,Omega,464,147,221,34.56,46.08,0.02,6773.76,"1,693.44",Balochistan,1
9/20/2021,Multivitamin,Vitamin,307,159,239,38.26,51.01,0.10,8110.59,"2,027.65",Balochistan,0
9/20/2021,Pre-Workout,Performance,361,150,225,27.69,36.92,0.14,5538.00,"1,384.50",Punjab,1
9/20/2021,BCAA,Amino Acid,186,169,254,30.89,41.19,0.24,6961.11,"1,740.28",Punjab,0
9/20/2021,Creatine,Performance,235,141,212,39.25,52.33,0.13,7378.53,"1,844.63",Punjab,1
9/20/2021,Zinc,Mineral,233,135,203,34.94,46.59,0.04,6289.65,"1,572.41",Balochistan,1
9/20/2021,Collagen Peptides,Protein,193,141,212,34.07,45.42,0.09,6404.22,"1,601.06",Sindh,1
9/20/2021,Magnesium,Mineral,142,131,197,21.37,28.49,0.16,3732.19,933.05,KP,0
9/20/2021,Ashwagandha,Herbal,93,139,209,30.61,40.81,0.11,5672.59,"1,418.15",Punjab,1
9/20/2021,Melatonin,Sleep Aid,335,175,263,15.3,20.4,0.08,3570.00,892.5,Sindh,0
9/20/2021,Biotin,Vitamin,267,157,236,24.05,32.06,0.18,5033.42,"1,258.36",KP,1
9/20/2021,Green Tea Extract,Fat Burner,377,139,209,44.1,58.8,0.08,8173.20,"2,043.30",Sindh,1
9/20/2021,Iron Supplement,Mineral,205,156,234,39.13,52.17,0.19,8138.52,"2,034.63",KP,1
9/20/2021,Electrolyte Powder,Hydration,189,165,248,39.61,52.81,0.03,8713.65,"2,178.41",KP,0
9/27/2021,Whey Protein,Protein,124,166,249,10.43,13.91,0.20,2309.06,577.27,Balochistan,1
9/27/2021,Vitamin C,Vitamin,234,136,204,33.26,44.34,0.13,6030.24,"1,507.56",Punjab,0
9/27/2021,Fish Oil,Omega,455,147,221,18.18,24.24,0.13,3563.28,890.82,Sindh,1
9/27/2021,Multivitamin,Vitamin,166,162,243,29.3,39.07,0.20,6329.34,"1,582.34",Punjab,0
9/27/2021,Pre-Workout,Performance,263,128,192,33.58,44.77,0.10,5730.56,"1,432.64",KP,1
9/27/2021,BCAA,Amino Acid,496,142,213,30.89,41.19,0.14,5848.98,"1,462.25",KP,0
9/27/2021,Creatine,Performance,121,151,227,41.72,55.62,0.07,8398.62,"2,099.66",Sindh,1
9/27/2021,Zinc,Mineral,302,152,228,44.95,59.93,0.06,9109.36,"2,277.34",KP,0
9/27/2021,Collagen Peptides,Protein,498,146,219,7.85,10.46,0.12,1527.16,381.79,Balochistan,0
9/27/2021,Magnesium,Mineral,368,142,213,18.79,25.05,0.04,3557.10,889.28,Punjab,0
9/27/2021,Ashwagandha,Herbal,218,140,210,14.96,19.94,0.13,2791.60,697.9,KP,1
9/27/2021,Melatonin,Sleep Aid,169,156,234,11.64,15.52,0.12,2421.12,605.28,Balochistan,1
9/27/2021,Biotin,Vitamin,239,153,230,27.29,36.38,0.13,5566.14,"1,391.54",Balochistan,0
9/27/2021,Green Tea Extract,Fat Burner,284,152,228,22.56,30.08,0.24,4572.16,"1,143.04",Punjab,0
9/27/2021,Iron Supplement,Mineral,205,142,213,23.72,31.62,0.21,4490.04,"1,122.51",Balochistan,0
9/27/2021,Electrolyte Powder,Hydration,183,138,207,18.4,24.53,0.07,3385.14,846.29,KP,0
10/04/2021,Whey Protein,Protein,417,158,237,7.54,10.05,0.18,1587.90,396.98,Balochistan,0
10/04/2021,Vitamin C,Vitamin,286,132,198,21.75,29,0.12,3828.00,957,Punjab,0
10/04/2021,Fish Oil,Omega,491,143,215,24.32,32.43,0.16,4637.49,"1,159.37",KP,0
10/04/2021,Multivitamin,Vitamin,474,138,207,17.11,22.81,0.10,3147.78,786.95,Balochistan,1
10/04/2021,Pre-Workout,Performance,331,156,234,33.14,44.18,0.00,6892.08,"1,723.02",Balochistan,1
10/04/2021,BCAA,Amino Acid,325,149,224,30.89,41.19,0.23,6137.31,"1,534.33",Balochistan,1
10/04/2021,Creatine,Performance,221,150,225,24.94,33.25,0.17,4987.50,"1,246.88",KP,1
10/04/2021,Zinc,Mineral,308,139,209,38.07,50.76,0.24,7055.64,"1,763.91",Balochistan,0
10/04/2021,Collagen Peptides,Protein,271,142,213,11.71,15.61,0.07,2216.62,554.16,Sindh,1
10/04/2021,Magnesium,Mineral,307,154,231,14.49,19.32,0.02,2975.28,743.82,Balochistan,1
10/04/2021,Ashwagandha,Herbal,261,150,225,20.57,27.42,0.04,4113.00,"1,028.25",KP,1
10/04/2021,Melatonin,Sleep Aid,261,149,224,23.54,31.38,0.24,4675.62,"1,168.91",Punjab,1
10/04/2021,Biotin,Vitamin,114,151,227,28.38,37.84,0.23,5713.84,"1,428.46",Punjab,0
10/04/2021,Green Tea Extract,Fat Burner,176,149,224,30.34,40.45,0.07,6027.05,"1,506.76",KP,0
10/04/2021,Iron Supplement,Mineral,128,151,227,10.34,13.79,0.17,2082.29,520.57,Punjab,0
10/04/2021,Electrolyte Powder,Hydration,402,138,207,34.52,46.02,0.13,6350.76,"1,587.69",Punjab,0
10/11/2021,Whey Protein,Protein,362,143,215,42.72,56.96,0.17,8145.28,"2,036.32",Sindh,0
10/11/2021,Vitamin C,Vitamin,423,149,224,11.04,14.72,0.25,2193.28,548.32,KP,1
10/11/2021,Fish Oil,Omega,291,129,194,21.12,28.16,0.21,3632.64,908.16,Sindh,0
10/11/2021,Multivitamin,Vitamin,367,148,222,36.54,48.72,0.01,7210.56,"1,802.64",Sindh,1
10/11/2021,Pre-Workout,Performance,250,137,206,20.55,27.4,0.12,3753.80,938.45,Sindh,0
10/11/2021,BCAA,Amino Acid,136,132,198,30.89,41.19,0.12,5437.08,"1,359.27",KP,1
10/11/2021,Creatine,Performance,197,159,239,31.7,42.26,0.21,6719.34,"1,679.84",Balochistan,0
10/11/2021,Zinc,Mineral,421,150,225,29.51,39.34,0.21,5901.00,"1,475.25",KP,1
10/11/2021,Collagen Peptides,Protein,108,157,236,21.72,28.96,0.09,4546.72,"1,136.68",Balochistan,1
10/11/2021,Magnesium,Mineral,403,168,252,38.43,51.24,0.10,8608.32,"2,152.08",KP,0
10/11/2021,Ashwagandha,Herbal,295,125,188,21.76,29.01,0.08,3626.25,906.56,KP,0
10/11/2021,Melatonin,Sleep Aid,463,159,239,15.8,21.06,0.07,3348.54,837.14,Sindh,0
10/11/2021,Biotin,Vitamin,204,135,203,42.89,57.19,0.20,7720.65,"1,930.16",Punjab,1
10/11/2021,Green Tea Extract,Fat Burner,147,147,221,37.16,49.55,0.13,7283.85,"1,820.96",Balochistan,0
10/11/2021,Iron Supplement,Mineral,477,159,239,17.36,23.15,0.09,3680.85,920.21,KP,0
10/11/2021,Electrolyte Powder,Hydration,241,144,216,22.45,29.93,0.00,4309.92,"1,077.48",Punjab,1
10/18/2021,Whey Protein,Protein,149,137,206,32.01,42.68,0.19,5847.16,"1,461.79",Sindh,0
10/18/2021,Vitamin C,Vitamin,105,150,225,35.15,46.86,0.17,7029.00,"1,757.25",Balochistan,1
10/18/2021,Fish Oil,Omega,325,169,254,44.35,59.13,0.22,9992.97,"2,498.24",Sindh,0
10/18/2021,Multivitamin,Vitamin,488,174,261,14.64,19.52,0.11,3396.48,849.12,Sindh,0
10/18/2021,Pre-Workout,Performance,425,146,219,21.99,29.32,0.08,4280.72,"1,070.18",Punjab,1
10/18/2021,BCAA,Amino Acid,255,166,249,30.89,41.19,0.04,6837.54,"1,709.39",Balochistan,0
10/18/2021,Creatine,Performance,227,132,198,18.23,24.31,0.05,3208.92,802.23,Sindh,0
10/18/2021,Zinc,Mineral,305,150,225,12.46,16.61,0.09,2491.50,622.88,Punjab,0
10/18/2021,Collagen Peptides,Protein,402,161,242,29.62,39.49,0.05,6357.89,"1,589.47",KP,1
10/18/2021,Magnesium,Mineral,204,136,204,15.93,21.24,0.13,2888.64,722.16,Sindh,0
10/18/2021,Ashwagandha,Herbal,465,176,264,31.56,42.08,0.20,7406.08,"1,851.52",Balochistan,0
10/18/2021,Melatonin,Sleep Aid,345,141,212,8.97,11.96,0.08,1686.36,421.59,Balochistan,0
10/18/2021,Biotin,Vitamin,404,122,183,33.98,45.31,0.20,5527.82,"1,381.96",KP,0
10/18/2021,Green Tea Extract,Fat Burner,79,157,236,13.5,18,0.10,2826.00,706.5,KP,1
10/18/2021,Iron Supplement,Mineral,203,177,266,26.53,35.37,0.08,6260.49,"1,565.12",Sindh,1
10/18/2021,Electrolyte Powder,Hydration,360,163,245,24.4,32.53,0.07,5302.39,"1,325.60",Sindh,0
10/25/2021,Whey Protein,Protein,308,146,219,43.77,58.36,0.11,8520.56,"2,130.14",Punjab,0
10/25/2021,Vitamin C,Vitamin,300,164,246,28.2,37.6,0.06,6166.40,"1,541.60",Sindh,1
10/25/2021,Fish Oil,Omega,334,151,227,36.78,49.04,0.05,7405.04,"1,851.26",KP,0
10/25/2021,Multivitamin,Vitamin,88,162,243,13.97,18.63,0.00,3018.06,754.52,Balochistan,1
10/25/2021,Pre-Workout,Performance,108,145,218,14.55,19.4,0.21,2813.00,703.25,KP,1
10/25/2021,BCAA,Amino Acid,54,139,209,30.89,41.19,0.05,5725.41,"1,431.35",KP,0
10/25/2021,Creatine,Performance,285,137,206,36.38,48.5,0.12,6644.50,"1,661.13",Sindh,1
10/25/2021,Zinc,Mineral,195,159,239,43.73,58.31,0.21,9271.29,"2,317.82",KP,1
10/25/2021,Collagen Peptides,Protein,359,137,206,12.69,16.92,0.19,2318.04,579.51,Balochistan,0
10/25/2021,Magnesium,Mineral,253,161,242,30.17,40.23,0.17,6477.03,"1,619.26",Punjab,0
10/25/2021,Ashwagandha,Herbal,279,143,215,7.85,10.47,0.01,1497.21,374.3,Sindh,0
10/25/2021,Melatonin,Sleep Aid,459,157,236,33.3,44.4,0.20,6970.80,"1,742.70",Sindh,0
10/25/2021,Biotin,Vitamin,312,144,216,25.94,34.59,0.19,4980.96,"1,245.24",Sindh,0
10/25/2021,Green Tea Extract,Fat Burner,115,141,212,44.69,59.58,0.05,8400.78,"2,100.20",Sindh,0
10/25/2021,Iron Supplement,Mineral,160,172,258,43.91,58.54,0.24,10068.88,"2,517.22",Punjab,0
10/25/2021,Electrolyte Powder,Hydration,259,139,209,36.03,48.04,0.25,6677.56,"1,669.39",KP,1
11/01/2021,Whey Protein,Protein,61,160,240,14.09,18.78,0.11,3004.80,751.2,Punjab,1
11/01/2021,Vitamin C,Vitamin,364,149,224,44.82,59.76,0.10,8904.24,"2,226.06",Punjab,0
11/01/2021,Fish Oil,Omega,103,145,218,33.59,44.78,0.23,6493.10,"1,623.28",Punjab,0
11/01/2021,Multivitamin,Vitamin,204,160,240,15.42,20.56,0.13,3289.60,822.4,Balochistan,1
11/01/2021,Pre-Workout,Performance,168,141,212,8.06,10.75,0.07,1515.75,378.94,KP,1
11/01/2021,BCAA,Amino Acid,54,153,230,30.89,41.19,0.10,6302.07,"1,575.52",Punjab,1
11/01/2021,Creatine,Performance,433,161,242,12.41,16.54,0.17,2662.94,665.74,Balochistan,1
11/01/2021,Zinc,Mineral,291,161,242,30.95,41.26,0.25,6642.86,"1,660.72",Balochistan,1
11/01/2021,Collagen Peptides,Protein,107,133,200,16.94,22.59,0.19,3004.47,751.12,Punjab,0
11/01/2021,Magnesium,Mineral,336,157,236,24.77,33.02,0.09,5184.14,"1,296.04",Punjab,1
11/01/2021,Ashwagandha,Herbal,317,155,233,32.95,43.93,0.05,6809.15,"1,702.29",Balochistan,1
11/01/2021,Melatonin,Sleep Aid,271,161,242,27.62,36.83,0.19,5929.63,"1,482.41",Punjab,1
11/01/2021,Biotin,Vitamin,222,147,221,13.6,18.13,0.25,2665.11,666.28,KP,0
11/01/2021,Green Tea Extract,Fat Burner,329,140,210,37.91,50.55,0.21,7077.00,"1,769.25",Punjab,1
11/01/2021,Iron Supplement,Mineral,77,142,213,11.83,15.77,0.10,2239.34,559.84,Punjab,1
11/01/2021,Electrolyte Powder,Hydration,159,145,218,26.39,35.19,0.16,5102.55,"1,275.64",Balochistan,0
11/08/2021,Whey Protein,Protein,404,124,186,39.86,53.15,0.12,6590.60,"1,647.65",KP,1
11/08/2021,Vitamin C,Vitamin,206,152,228,13.31,17.75,0.21,2698.00,674.5,Sindh,0
11/08/2021,Fish Oil,Omega,342,173,260,33.49,44.65,0.00,7724.45,"1,931.11",Punjab,1
11/08/2021,Multivitamin,Vitamin,471,137,206,26.88,35.84,0.07,4910.08,"1,227.52",KP,1
11/08/2021,Pre-Workout,Performance,281,153,230,9.68,12.91,0.09,1975.23,493.81,Balochistan,0
11/08/2021,BCAA,Amino Acid,398,152,228,30.89,41.19,0.09,6260.88,"1,565.22",Sindh,0
11/08/2021,Creatine,Performance,233,124,186,40.92,54.56,0.20,6765.44,"1,691.36",Sindh,0
11/08/2021,Zinc,Mineral,452,142,213,10.66,14.21,0.20,2017.82,504.46,Punjab,0
11/08/2021,Collagen Peptides,Protein,98,159,239,34.42,45.89,0.17,7296.51,"1,824.13",KP,0
11/08/2021,Magnesium,Mineral,207,119,179,21.49,28.65,0.04,3409.35,852.34,Sindh,1
11/08/2021,Ashwagandha,Herbal,310,171,257,39.19,52.25,0.00,8934.75,"2,233.69",Punjab,0
11/08/2021,Melatonin,Sleep Aid,454,169,254,30.24,40.32,0.11,6814.08,"1,703.52",Sindh,1
11/08/2021,Biotin,Vitamin,110,133,200,8.61,11.48,0.11,1526.84,381.71,KP,1
11/08/2021,Green Tea Extract,Fat Burner,317,166,249,30.53,40.7,0.13,6756.20,"1,689.05",Sindh,0
11/08/2021,Iron Supplement,Mineral,243,163,245,16.03,21.37,0.00,3483.31,870.83,Sindh,1
11/08/2021,Electrolyte Powder,Hydration,150,132,198,32.9,43.86,0.22,5789.52,"1,447.38",Sindh,1
11/15/2021,Whey Protein,Protein,392,174,261,7.96,10.61,0.17,1846.14,461.54,Punjab,0
11/15/2021,Vitamin C,Vitamin,423,141,212,17.62,23.49,0.13,3312.09,828.02,Sindh,1
11/15/2021,Fish Oil,Omega,335,150,225,22.02,29.36,0.06,4404.00,"1,101.00",Balochistan,0
11/15/2021,Multivitamin,Vitamin,336,144,216,35.88,47.84,0.17,6888.96,"1,722.24",Sindh,1
11/15/2021,Pre-Workout,Performance,267,153,230,25.66,34.21,0.14,5234.13,"1,308.53",Balochistan,1
11/15/2021,BCAA,Amino Acid,160,152,228,30.89,41.19,0.19,6260.88,"1,565.22",Balochistan,1
11/15/2021,Creatine,Performance,265,180,270,24.12,32.16,0.05,5788.80,"1,447.20",Punjab,0
11/15/2021,Zinc,Mineral,396,155,233,30.13,40.17,0.08,6226.35,"1,556.59",Sindh,0
11/15/2021,Collagen Peptides,Protein,484,166,249,19.68,26.24,0.07,4355.84,"1,088.96",KP,1
11/15/2021,Magnesium,Mineral,191,163,245,19.7,26.26,0.12,4280.38,"1,070.10",Sindh,0
11/15/2021,Ashwagandha,Herbal,397,134,201,41.16,54.88,0.24,7353.92,"1,838.48",Punjab,1
11/15/2021,Melatonin,Sleep Aid,74,139,209,19.99,26.65,0.04,3704.35,926.09,Balochistan,1
11/15/2021,Biotin,Vitamin,450,149,224,8.71,11.61,0.16,1729.89,432.47,Sindh,1
11/15/2021,Green Tea Extract,Fat Burner,153,144,216,8.03,10.7,0.00,1540.80,385.2,Sindh,1
11/15/2021,Iron Supplement,Mineral,163,131,197,14.14,18.85,0.01,2469.35,617.34,Punjab,1
11/15/2021,Electrolyte Powder,Hydration,248,168,252,32.71,43.61,0.00,7326.48,"1,831.62",Balochistan,0
11/22/2021,Whey Protein,Protein,312,156,234,41.01,54.68,0.07,8530.08,"2,132.52",Sindh,1
11/22/2021,Vitamin C,Vitamin,121,135,203,28.43,37.91,0.19,5117.85,"1,279.46",Punjab,0
11/22/2021,Fish Oil,Omega,359,140,210,35.9,47.86,0.25,6700.40,"1,675.10",Punjab,1
11/22/2021,Multivitamin,Vitamin,441,149,224,22.87,30.49,0.13,4543.01,"1,135.75",KP,0
11/22/2021,Pre-Workout,Performance,418,148,222,27.26,36.34,0.08,5378.32,"1,344.58",KP,1
11/22/2021,BCAA,Amino Acid,143,140,210,30.89,41.19,0.17,5766.60,"1,441.65",Balochistan,0
11/22/2021,Creatine,Performance,179,150,225,42.62,56.82,0.20,8523.00,"2,130.75",KP,0
11/22/2021,Zinc,Mineral,187,142,213,24.08,32.11,0.01,4559.62,"1,139.91",Punjab,0
11/22/2021,Collagen Peptides,Protein,336,153,230,32.09,42.79,0.12,6546.87,"1,636.72",KP,0
11/22/2021,Magnesium,Mineral,75,154,231,23.13,30.84,0.19,4749.36,"1,187.34",Punjab,0
11/22/2021,Ashwagandha,Herbal,98,139,209,21.45,28.6,0.21,3975.40,993.85,Punjab,0
11/22/2021,Melatonin,Sleep Aid,87,146,219,34.53,46.04,0.06,6721.84,"1,680.46",Punjab,1
11/22/2021,Biotin,Vitamin,387,157,236,17.3,23.06,0.13,3620.42,905.11,Punjab,0
11/22/2021,Green Tea Extract,Fat Burner,463,136,204,8.84,11.79,0.18,1603.44,400.86,Punjab,1
11/22/2021,Iron Supplement,Mineral,280,131,197,11.35,15.13,0.15,1982.03,495.51,Sindh,0
11/22/2021,Electrolyte Powder,Hydration,71,160,240,16.85,22.47,0.22,3595.20,898.8,Balochistan,1
11/29/2021,Whey Protein,Protein,118,128,192,25.99,34.65,0.21,4435.20,"1,108.80",Balochistan,0
11/29/2021,Vitamin C,Vitamin,104,140,210,24.77,33.02,0.01,4622.80,"1,155.70",Sindh,0
11/29/2021,Fish Oil,Omega,200,133,200,28.77,38.36,0.14,5101.88,"1,275.47",Sindh,1
11/29/2021,Multivitamin,Vitamin,271,149,224,22.41,29.88,0.16,4452.12,"1,113.03",Sindh,0
11/29/2021,Pre-Workout,Performance,324,161,242,39.68,52.9,0.10,8516.90,"2,129.23",Punjab,1
11/29/2021,BCAA,Amino Acid,301,140,210,30.89,41.19,0.20,5766.60,"1,441.65",Punjab,0
11/29/2021,Creatine,Performance,492,140,210,41.3,55.07,0.21,7709.80,"1,927.45",Sindh,1
11/29/2021,Zinc,Mineral,120,154,231,22.19,29.58,0.23,4555.32,"1,138.83",Sindh,0
11/29/2021,Collagen Peptides,Protein,433,147,221,26.18,34.91,0.11,5131.77,"1,282.94",Balochistan,1
11/29/2021,Magnesium,Mineral,237,135,203,16.59,22.12,0.05,2986.20,746.55,Balochistan,1
11/29/2021,Ashwagandha,Herbal,236,160,240,31,41.33,0.18,6612.80,"1,653.20",Balochistan,0
11/29/2021,Melatonin,Sleep Aid,325,149,224,21.6,28.8,0.16,4291.20,"1,072.80",Balochistan,1
11/29/2021,Biotin,Vitamin,189,164,246,13.9,18.53,0.03,3038.92,759.73,Balochistan,0
11/29/2021,Green Tea Extract,Fat Burner,315,143,215,40.82,54.43,0.06,7783.49,"1,945.87",Sindh,1
11/29/2021,Iron Supplement,Mineral,336,158,237,15.05,20.07,0.06,3171.06,792.77,Sindh,0
11/29/2021,Electrolyte Powder,Hydration,425,137,206,19.55,26.07,0.04,3571.59,892.9,Balochistan,1
12/06/2021,Whey Protein,Protein,203,161,242,8.57,11.42,0.16,1838.62,459.66,KP,1
12/06/2021,Vitamin C,Vitamin,399,144,216,28.89,38.52,0.23,5546.88,"1,386.72",Punjab,1
12/06/2021,Fish Oil,Omega,284,154,231,27.82,37.09,0.02,5711.86,"1,427.97",KP,1
12/06/2021,Multivitamin,Vitamin,432,141,212,27.96,37.28,0.18,5256.48,"1,314.12",Punjab,1
12/06/2021,Pre-Workout,Performance,446,138,207,26.72,35.63,0.08,4916.94,"1,229.24",Balochistan,0
12/06/2021,BCAA,Amino Acid,411,149,224,30.89,41.19,0.19,6137.31,"1,534.33",Balochistan,0
12/06/2021,Creatine,Performance,363,163,245,27.98,37.3,0.05,6079.90,"1,519.98",KP,0
12/06/2021,Zinc,Mineral,87,143,215,43.76,58.35,0.04,8344.05,"2,086.01",Punjab,1
12/06/2021,Collagen Peptides,Protein,391,157,236,9.02,12.02,0.10,1887.14,471.79,Balochistan,1
12/06/2021,Magnesium,Mineral,411,150,225,10.65,14.2,0.17,2130.00,532.5,Balochistan,1
12/06/2021,Ashwagandha,Herbal,61,163,245,25.16,33.55,0.10,5468.65,"1,367.16",KP,0
12/06/2021,Melatonin,Sleep Aid,216,148,222,23.72,31.62,0.24,4679.76,"1,169.94",Sindh,1
12/06/2021,Biotin,Vitamin,419,171,257,30.89,41.19,0.21,7043.49,"1,760.87",Sindh,1
12/06/2021,Green Tea Extract,Fat Burner,365,147,221,21.56,28.74,0.23,4224.78,"1,056.20",Balochistan,0
12/06/2021,Iron Supplement,Mineral,168,132,198,23.54,31.39,0.02,4143.48,"1,035.87",KP,1
12/06/2021,Electrolyte Powder,Hydration,72,135,203,7.77,10.36,0.08,1398.60,349.65,Punjab,0
12/13/2021,Whey Protein,Protein,165,149,224,40.28,53.71,0.09,8002.79,"2,000.70",Punjab,1
12/13/2021,Vitamin C,Vitamin,308,163,245,44.93,59.9,0.06,9763.70,"2,440.93",Sindh,1
12/13/2021,Fish Oil,Omega,229,169,254,41.56,55.41,0.08,9364.29,"2,341.07",KP,0
12/13/2021,Multivitamin,Vitamin,253,151,227,15.88,21.17,0.18,3196.67,799.17,Sindh,0
12/13/2021,Pre-Workout,Performance,308,152,228,43.34,57.78,0.01,8782.56,"2,195.64",KP,1
12/13/2021,BCAA,Amino Acid,166,140,210,30.89,41.19,0.12,5766.60,"1,441.65",Balochistan,0
12/13/2021,Creatine,Performance,344,158,237,10.84,14.45,0.17,2283.10,570.78,Punjab,0
12/13/2021,Zinc,Mineral,369,161,242,23.14,30.85,0.09,4966.85,"1,241.71",Punjab,0
12/13/2021,Collagen Peptides,Protein,448,134,201,12.83,17.1,0.18,2291.40,572.85,Sindh,0
12/13/2021,Magnesium,Mineral,107,148,222,42.28,56.37,0.13,8342.76,"2,085.69",KP,0
12/13/2021,Ashwagandha,Herbal,499,153,230,11.51,15.34,0.21,2347.02,586.76,Punjab,0
12/13/2021,Melatonin,Sleep Aid,458,128,192,21.64,28.85,0.03,3692.80,923.2,Balochistan,1
12/13/2021,Biotin,Vitamin,422,163,245,30.06,40.08,0.15,6533.04,"1,633.26",Sindh,0
12/13/2021,Green Tea Extract,Fat Burner,64,169,254,24.93,33.24,0.25,5617.56,"1,404.39",Balochistan,0
12/13/2021,Iron Supplement,Mineral,300,137,206,38.03,50.7,0.19,6945.90,"1,736.48",Punjab,0
12/13/2021,Electrolyte Powder,Hydration,108,158,237,39.83,53.1,0.22,8389.80,"2,097.45",Punjab,1
12/20/2021,Whey Protein,Protein,274,167,251,31.74,42.32,0.14,7067.44,"1,766.86",Sindh,0
12/20/2021,Vitamin C,Vitamin,221,159,239,31.79,42.39,0.13,6740.01,"1,685.00",KP,1
12/20/2021,Fish Oil,Omega,103,137,206,13.46,17.94,0.05,2457.78,614.45,KP,0
12/20/2021,Multivitamin,Vitamin,496,136,204,29.65,39.53,0.15,5376.08,"1,344.02",KP,0
12/20/2021,Pre-Workout,Performance,342,161,242,16.4,21.87,0.07,3521.07,880.27,Punjab,1
12/20/2021,BCAA,Amino Acid,137,163,245,30.89,41.19,0.10,6713.97,"1,678.49",Balochistan,0
12/20/2021,Creatine,Performance,475,138,207,30.04,40.05,0.08,5526.90,"1,381.73",Punjab,0
12/20/2021,Zinc,Mineral,461,164,246,38.95,51.93,0.03,8516.52,"2,129.13",Sindh,1
12/20/2021,Collagen Peptides,Protein,407,136,204,31.57,42.09,0.12,5724.24,"1,431.06",Punjab,1
12/20/2021,Magnesium,Mineral,198,145,218,26.28,35.04,0.11,5080.80,"1,270.20",Balochistan,0
12/20/2021,Ashwagandha,Herbal,107,157,236,39.49,52.65,0.24,8266.05,"2,066.51",KP,1
12/20/2021,Melatonin,Sleep Aid,52,158,237,32.89,43.85,0.12,6928.30,"1,732.08",Balochistan,1
12/20/2021,Biotin,Vitamin,52,162,243,16.94,22.59,0.09,3659.58,914.9,KP,1
12/20/2021,Green Tea Extract,Fat Burner,173,151,227,27.2,36.26,0.24,5475.26,"1,368.82",KP,1
12/20/2021,Iron Supplement,Mineral,398,136,204,23.4,31.2,0.09,4243.20,"1,060.80",Punjab,1
12/20/2021,Electrolyte Powder,Hydration,369,151,227,39.49,52.65,0.20,7950.15,"1,987.54",Balochistan,0
12/27/2021,Whey Protein,Protein,296,158,237,18.55,24.73,0.01,3907.34,976.84,Balochistan,1
12/27/2021,Vitamin C,Vitamin,408,145,218,33.55,44.73,0.19,6485.85,"1,621.46",Punjab,1
12/27/2021,Fish Oil,Omega,425,155,233,16.74,22.32,0.00,3459.60,864.9,Balochistan,0
12/27/2021,Multivitamin,Vitamin,54,135,203,13.75,18.33,0.13,2474.55,618.64,KP,0
12/27/2021,Pre-Workout,Performance,325,142,213,8.9,11.86,0.01,1684.12,421.03,KP,0
12/27/2021,BCAA,Amino Acid,303,143,215,30.89,41.19,0.11,5890.17,"1,472.54",KP,0
12/27/2021,Creatine,Performance,390,158,237,12.06,16.08,0.14,2540.64,635.16,Balochistan,1
12/27/2021,Zinc,Mineral,289,148,222,26.03,34.71,0.16,5137.08,"1,284.27",Sindh,0
12/27/2021,Collagen Peptides,Protein,62,159,239,27.53,36.71,0.17,5836.89,"1,459.22",KP,1
12/27/2021,Magnesium,Mineral,334,148,222,36.16,48.21,0.15,7135.08,"1,783.77",Punjab,0
12/27/2021,Ashwagandha,Herbal,493,168,252,35.57,47.42,0.19,7966.56,"1,991.64",KP,1
12/27/2021,Melatonin,Sleep Aid,239,124,186,23.54,31.39,0.08,3892.36,973.09,KP,1
12/27/2021,Biotin,Vitamin,473,152,228,11.42,15.23,0.15,2314.96,578.74,Punjab,1
12/27/2021,Green Tea Extract,Fat Burner,484,147,221,39.95,53.27,0.07,7830.69,"1,957.67",KP,1
12/27/2021,Iron Supplement,Mineral,159,148,222,29.09,38.79,0.15,5740.92,"1,435.23",KP,0
12/27/2021,Electrolyte Powder,Hydration,378,150,225,39.68,52.91,0.08,7936.50,"1,984.13",Sindh,1
01/03/2022,Whey Protein,Protein,386,130,195,9.25,12.33,0.18,1602.90,400.73,KP,1
01/03/2022,Vitamin C,Vitamin,252,148,222,29.63,39.51,0.16,5847.48,"1,461.87",Balochistan,0
01/03/2022,Fish Oil,Omega,104,142,213,41.48,55.3,0.23,7852.60,"1,963.15",Sindh,1
01/03/2022,Multivitamin,Vitamin,255,169,254,38.39,51.19,0.10,8651.11,"2,162.78",Sindh,1
01/03/2022,Pre-Workout,Performance,388,149,224,27.37,36.49,0.08,5437.01,"1,359.25",KP,0
01/03/2022,BCAA,Amino Acid,314,168,252,30.89,41.19,0.19,6919.92,"1,729.98",Punjab,0
01/03/2022,Creatine,Performance,486,147,221,39.74,52.99,0.18,7789.53,"1,947.38",KP,1
01/03/2022,Zinc,Mineral,95,154,231,25.28,33.7,0.05,5189.80,"1,297.45",Punjab,0
01/03/2022,Collagen Peptides,Protein,314,156,234,22.64,30.19,0.05,4709.64,"1,177.41",Sindh,0
01/03/2022,Magnesium,Mineral,372,166,249,40.08,53.44,0.13,8871.04,"2,217.76",Punjab,1
01/03/2022,Ashwagandha,Herbal,214,135,203,22.11,29.48,0.13,3979.80,994.95,KP,1
01/03/2022,Melatonin,Sleep Aid,125,166,249,13.98,18.64,0.09,3094.24,773.56,KP,0
01/03/2022,Biotin,Vitamin,324,154,231,43.58,58.11,0.16,8948.94,"2,237.24",Balochistan,1
01/03/2022,Green Tea Extract,Fat Burner,402,151,227,27.17,36.23,0.14,5470.73,"1,367.68",Punjab,1
01/03/2022,Iron Supplement,Mineral,455,139,209,21.15,28.2,0.24,3919.80,979.95,KP,1
01/03/2022,Electrolyte Powder,Hydration,251,160,240,17.46,23.28,0.14,3724.80,931.2,Punjab,1
01/10/2022,Whey Protein,Protein,443,149,224,15.54,20.72,0.02,3087.28,771.82,Punjab,1
01/10/2022,Vitamin C,Vitamin,473,156,234,38.51,51.35,0.21,8010.60,"2,002.65",Balochistan,1
01/10/2022,Fish Oil,Omega,398,146,219,23.71,31.61,0.13,4615.06,"1,153.77",KP,0
01/10/2022,Multivitamin,Vitamin,357,152,228,9.3,12.4,0.22,1884.80,471.2,Sindh,0
01/10/2022,Pre-Workout,Performance,418,153,230,7.63,10.17,0.06,1556.01,389,Punjab,0
01/10/2022,BCAA,Amino Acid,84,139,209,30.89,41.19,0.00,5725.41,"1,431.35",KP,0
01/10/2022,Creatine,Performance,471,166,249,14.56,19.41,0.07,3222.06,805.52,Sindh,1
01/10/2022,Zinc,Mineral,203,179,269,34.94,46.58,0.11,8337.82,"2,084.46",KP,1
01/10/2022,Collagen Peptides,Protein,365,148,222,37.45,49.93,0.06,7389.64,"1,847.41",Balochistan,0
01/10/2022,Magnesium,Mineral,146,138,207,37.85,50.47,0.24,6964.86,"1,741.22",Sindh,1
01/10/2022,Ashwagandha,Herbal,422,158,237,14.42,19.22,0.11,3036.76,759.19,Sindh,1
01/10/2022,Melatonin,Sleep Aid,183,153,230,27.68,36.9,0.17,5645.70,"1,411.43",Sindh,1
01/10/2022,Biotin,Vitamin,62,152,228,42.76,57.01,0.19,8665.52,"2,166.38",KP,1
01/10/2022,Green Tea Extract,Fat Burner,376,117,176,14.83,19.77,0.00,2313.09,578.27,Balochistan,0
01/10/2022,Iron Supplement,Mineral,323,156,234,26.59,35.45,0.22,5530.20,"1,382.55",Sindh,0
01/10/2022,Electrolyte Powder,Hydration,284,146,219,24.59,32.79,0.04,4787.34,"1,196.84",Balochistan,0
1/17/2022,Whey Protein,Protein,203,145,218,35.87,47.83,0.15,6935.35,"1,733.84",Sindh,1
1/17/2022,Vitamin C,Vitamin,183,139,209,25.74,34.32,0.06,4770.48,"1,192.62",Punjab,1
1/17/2022,Fish Oil,Omega,360,136,204,16.09,21.45,0.13,2917.20,729.3,Punjab,0
1/17/2022,Multivitamin,Vitamin,267,153,230,40.04,53.39,0.11,8168.67,"2,042.17",Sindh,0
1/17/2022,Pre-Workout,Performance,147,147,221,28.42,37.89,0.16,5569.83,"1,392.46",Punjab,0
1/17/2022,BCAA,Amino Acid,398,155,233,30.89,41.19,0.08,6384.45,"1,596.11",Punjab,1
1/17/2022,Creatine,Performance,129,122,183,33.94,45.25,0.06,5520.50,"1,380.13",Balochistan,0
1/17/2022,Zinc,Mineral,138,155,233,20.76,27.68,0.12,4290.40,"1,072.60",Sindh,1
1/17/2022,Collagen Peptides,Protein,198,149,224,23.76,31.68,0.05,4720.32,"1,180.08",Punjab,0
1/17/2022,Magnesium,Mineral,393,159,239,15.09,20.12,0.24,3199.08,799.77,Balochistan,0
1/17/2022,Ashwagandha,Herbal,494,171,257,34.59,46.12,0.02,7886.52,"1,971.63",Punjab,0
1/17/2022,Melatonin,Sleep Aid,347,144,216,20.21,26.95,0.20,3880.80,970.2,Punjab,0
1/17/2022,Biotin,Vitamin,218,137,206,22.82,30.42,0.09,4167.54,"1,041.89",Punjab,0
1/17/2022,Green Tea Extract,Fat Burner,295,131,197,38.9,51.86,0.02,6793.66,"1,698.42",KP,0
1/17/2022,Iron Supplement,Mineral,52,142,213,36.62,48.82,0.15,6932.44,"1,733.11",Sindh,1
1/17/2022,Electrolyte Powder,Hydration,237,160,240,38.75,51.66,0.18,8265.60,"2,066.40",Balochistan,0
1/24/2022,Whey Protein,Protein,162,168,252,15.06,20.08,0.11,3373.44,843.36,Sindh,0
1/24/2022,Vitamin C,Vitamin,70,134,201,26.48,35.31,0.01,4731.54,"1,182.89",Punjab,1
1/24/2022,Fish Oil,Omega,280,165,248,16.09,21.45,0.03,3539.25,884.81,Punjab,1
1/24/2022,Multivitamin,Vitamin,170,141,212,43.74,58.32,0.14,8223.12,"2,055.78",KP,0
1/24/2022,Pre-Workout,Performance,232,155,233,39.55,52.73,0.12,8173.15,"2,043.29",KP,1
1/24/2022,BCAA,Amino Acid,457,142,213,30.89,41.19,0.15,5848.98,"1,462.25",KP,1
1/24/2022,Creatine,Performance,326,174,261,26.29,35.05,0.09,6098.70,"1,524.68",KP,1
1/24/2022,Zinc,Mineral,264,161,242,28.38,37.84,0.18,6092.24,"1,523.06",KP,0
1/24/2022,Collagen Peptides,Protein,397,162,243,43.11,57.48,0.08,9311.76,"2,327.94",KP,0
1/24/2022,Magnesium,Mineral,130,150,225,43.86,58.48,0.01,8772.00,"2,193.00",KP,0
1/24/2022,Ashwagandha,Herbal,145,151,227,9.97,13.29,0.16,2006.79,501.7,Balochistan,0
1/24/2022,Melatonin,Sleep Aid,87,142,213,18.91,25.21,0.11,3579.82,894.96,KP,0
1/24/2022,Biotin,Vitamin,453,145,218,22.02,29.36,0.15,4257.20,"1,064.30",KP,0
1/24/2022,Green Tea Extract,Fat Burner,244,157,236,18.17,24.23,0.20,3804.11,951.03,KP,1
1/24/2022,Iron Supplement,Mineral,368,165,248,38.79,51.72,0.09,8533.80,"2,133.45",KP,1
1/24/2022,Electrolyte Powder,Hydration,210,136,204,15.6,20.8,0.03,2828.80,707.2,Balochistan,0
1/31/2022,Whey Protein,Protein,225,150,225,37.12,49.49,0.16,7423.50,"1,855.88",KP,0
1/31/2022,Vitamin C,Vitamin,206,147,221,23.05,30.73,0.21,4517.31,"1,129.33",KP,1
1/31/2022,Fish Oil,Omega,165,165,248,11.49,15.32,0.12,2527.80,631.95,Sindh,1
1/31/2022,Multivitamin,Vitamin,322,142,213,29.81,39.75,0.08,5644.50,"1,411.13",Punjab,1
1/31/2022,Pre-Workout,Performance,110,159,239,38.79,51.72,0.11,8223.48,"2,055.87",Balochistan,1
1/31/2022,BCAA,Amino Acid,302,166,249,30.89,41.19,0.05,6837.54,"1,709.39",Balochistan,1
1/31/2022,Creatine,Performance,386,148,222,41.42,55.22,0.05,8172.56,"2,043.14",Balochistan,1
1/31/2022,Zinc,Mineral,140,156,234,19.5,26,0.08,4056.00,"1,014.00",Sindh,0
1/31/2022,Collagen Peptides,Protein,321,137,206,15.88,21.17,0.02,2900.29,725.07,Sindh,0
1/31/2022,Magnesium,Mineral,79,165,248,33.84,45.12,0.14,7444.80,"1,861.20",Punjab,1
1/31/2022,Ashwagandha,Herbal,158,143,215,25.7,34.27,0.09,4900.61,"1,225.15",KP,0
1/31/2022,Melatonin,Sleep Aid,241,136,204,29.14,38.85,0.16,5283.60,"1,320.90",Sindh,0
1/31/2022,Biotin,Vitamin,230,146,219,16.75,22.33,0.17,3260.18,815.05,Sindh,1
1/31/2022,Green Tea Extract,Fat Burner,314,148,222,35.12,46.83,0.11,6930.84,"1,732.71",Sindh,1
1/31/2022,Iron Supplement,Mineral,106,157,236,40.45,53.93,0.09,8467.01,"2,116.75",Punjab,0
1/31/2022,Electrolyte Powder,Hydration,126,139,209,9.11,12.15,0.22,1688.85,422.21,Sindh,1
02/07/2022,Whey Protein,Protein,240,156,234,39.35,52.46,0.12,8183.76,"2,045.94",KP,1
02/07/2022,Vitamin C,Vitamin,351,145,218,33.7,44.93,0.06,6514.85,"1,628.71",Sindh,1
02/07/2022,Fish Oil,Omega,170,151,227,29.67,39.56,0.08,5973.56,"1,493.39",Sindh,0
02/07/2022,Multivitamin,Vitamin,477,177,266,40.39,53.85,0.17,9531.45,"2,382.86",Balochistan,0
02/07/2022,Pre-Workout,Performance,468,150,225,43.51,58.01,0.06,8701.50,"2,175.38",Punjab,0
02/07/2022,BCAA,Amino Acid,130,172,258,30.89,41.19,0.10,7084.68,"1,771.17",KP,0
02/07/2022,Creatine,Performance,368,157,236,41.51,55.34,0.12,8688.38,"2,172.10",KP,1
02/07/2022,Zinc,Mineral,278,152,228,25.1,33.46,0.21,5085.92,"1,271.48",Sindh,1
02/07/2022,Collagen Peptides,Protein,483,141,212,23.09,30.79,0.18,4341.39,"1,085.35",Sindh,1
02/07/2022,Magnesium,Mineral,311,176,264,17.05,22.73,0.23,4000.48,"1,000.12",Sindh,1
02/07/2022,Ashwagandha,Herbal,82,153,230,42.17,56.22,0.18,8601.66,"2,150.42",KP,1
02/07/2022,Melatonin,Sleep Aid,318,158,237,21.99,29.32,0.10,4632.56,"1,158.14",KP,1
02/07/2022,Biotin,Vitamin,58,156,234,44.56,59.41,0.09,9267.96,"2,316.99",KP,0
02/07/2022,Green Tea Extract,Fat Burner,341,174,261,34.41,45.88,0.19,7983.12,"1,995.78",KP,1
02/07/2022,Iron Supplement,Mineral,64,165,248,8.75,11.67,0.02,1925.55,481.39,KP,1
02/07/2022,Electrolyte Powder,Hydration,88,144,216,27.47,36.62,0.07,5273.28,"1,318.32",Sindh,1
2/14/2022,Whey Protein,Protein,500,145,218,18.76,25.01,0.13,3626.45,906.61,Balochistan,1
2/14/2022,Vitamin C,Vitamin,215,142,213,38.22,50.96,0.25,7236.32,"1,809.08",Balochistan,0
2/14/2022,Fish Oil,Omega,323,146,219,34.44,45.92,0.10,6704.32,"1,676.08",Punjab,0
2/14/2022,Multivitamin,Vitamin,275,152,228,31.75,42.33,0.24,6434.16,"1,608.54",Punjab,1
2/14/2022,Pre-Workout,Performance,305,118,177,25.15,33.53,0.08,3956.54,989.14,Sindh,0
2/14/2022,BCAA,Amino Acid,135,163,245,30.89,41.19,0.07,6713.97,"1,678.49",KP,1
2/14/2022,Creatine,Performance,148,160,240,35.03,46.71,0.03,7473.60,"1,868.40",Punjab,1
2/14/2022,Zinc,Mineral,260,151,227,32.09,42.79,0.16,6461.29,"1,615.32",Sindh,0
2/14/2022,Collagen Peptides,Protein,494,152,228,42.31,56.41,0.13,8574.32,"2,143.58",Balochistan,0
2/14/2022,Magnesium,Mineral,222,148,222,15.18,20.24,0.09,2995.52,748.88,KP,0
2/14/2022,Ashwagandha,Herbal,105,164,246,24.3,32.4,0.21,5313.60,"1,328.40",Sindh,1
2/14/2022,Melatonin,Sleep Aid,391,142,213,32.96,43.94,0.14,6239.48,"1,559.87",Punjab,1
2/14/2022,Biotin,Vitamin,81,143,215,33.31,44.41,0.25,6350.63,"1,587.66",Punjab,1
2/14/2022,Green Tea Extract,Fat Burner,387,175,263,36.43,48.57,0.01,8499.75,"2,124.94",Balochistan,0
2/14/2022,Iron Supplement,Mineral,349,149,224,39.84,53.12,0.21,7914.88,"1,978.72",Sindh,0
2/14/2022,Electrolyte Powder,Hydration,78,154,231,23.09,30.78,0.21,4740.12,"1,185.03",Balochistan,0
2/21/2022,Whey Protein,Protein,289,175,263,32.36,43.14,0.17,7549.50,"1,887.38",Punjab,1
2/21/2022,Vitamin C,Vitamin,362,144,216,36.07,48.09,0.08,6924.96,"1,731.24",Balochistan,1
2/21/2022,Fish Oil,Omega,199,126,189,25.72,34.29,0.02,4320.54,"1,080.14",KP,1
2/21/2022,Multivitamin,Vitamin,496,152,228,44.14,58.85,0.16,8945.20,"2,236.30",Sindh,0
2/21/2022,Pre-Workout,Performance,288,158,237,37.34,49.78,0.15,7865.24,"1,966.31",Balochistan,0
2/21/2022,BCAA,Amino Acid,175,156,234,30.89,41.19,0.15,6425.64,"1,606.41",Punjab,0
2/21/2022,Creatine,Performance,287,138,207,12.31,16.41,0.07,2264.58,566.15,KP,0
2/21/2022,Zinc,Mineral,444,144,216,42.8,57.06,0.06,8216.64,"2,054.16",KP,1
2/21/2022,Collagen Peptides,Protein,248,154,231,41.31,55.08,0.23,8482.32,"2,120.58",Sindh,1
2/21/2022,Magnesium,Mineral,354,140,210,21.89,29.19,0.04,4086.60,"1,021.65",Sindh,0
2/21/2022,Ashwagandha,Herbal,258,156,234,38.87,51.83,0.06,8085.48,"2,021.37",Sindh,1
2/21/2022,Melatonin,Sleep Aid,215,156,234,24.05,32.06,0.02,5001.36,"1,250.34",Punjab,0
2/21/2022,Biotin,Vitamin,288,147,221,33.85,45.13,0.24,6634.11,"1,658.53",KP,1
2/21/2022,Green Tea Extract,Fat Burner,367,148,222,30.36,40.48,0.03,5991.04,"1,497.76",Balochistan,0
2/21/2022,Iron Supplement,Mineral,273,137,206,27.35,36.46,0.22,4995.02,"1,248.76",Balochistan,0
2/21/2022,Electrolyte Powder,Hydration,142,142,213,40.28,53.71,0.04,7626.82,"1,906.71",Punjab,1
2/28/2022,Whey Protein,Protein,242,137,206,25.29,33.72,0.09,4619.64,"1,154.91",KP,0
2/28/2022,Vitamin C,Vitamin,51,165,248,34.42,45.89,0.22,7571.85,"1,892.96",Balochistan,0
2/28/2022,Fish Oil,Omega,408,144,216,8.43,11.24,0.09,1618.56,404.64,Balochistan,0
2/28/2022,Multivitamin,Vitamin,67,142,213,18.85,25.13,0.15,3568.46,892.12,Balochistan,1
2/28/2022,Pre-Workout,Performance,493,158,237,32.78,43.71,0.05,6906.18,"1,726.55",Balochistan,0
2/28/2022,BCAA,Amino Acid,442,141,212,30.89,41.19,0.14,5807.79,"1,451.95",Punjab,1
2/28/2022,Creatine,Performance,121,135,203,18.06,24.08,0.15,3250.80,812.7,Punjab,1
2/28/2022,Zinc,Mineral,53,160,240,16.7,22.27,0.24,3563.20,890.8,Balochistan,1
2/28/2022,Collagen Peptides,Protein,155,167,251,43.02,57.36,0.09,9579.12,"2,394.78",Balochistan,0
2/28/2022,Magnesium,Mineral,169,158,237,19.43,25.9,0.14,4092.20,"1,023.05",Sindh,1
2/28/2022,Ashwagandha,Herbal,449,119,179,24.68,32.9,0.03,3915.10,978.78,Balochistan,1
2/28/2022,Melatonin,Sleep Aid,165,139,209,14.91,19.88,0.14,2763.32,690.83,Sindh,1
2/28/2022,Biotin,Vitamin,163,179,269,34.07,45.42,0.02,8130.18,"2,032.55",KP,1
2/28/2022,Green Tea Extract,Fat Burner,356,150,225,43.19,57.58,0.24,8637.00,"2,159.25",Sindh,1
2/28/2022,Iron Supplement,Mineral,421,154,231,20.86,27.81,0.24,4282.74,"1,070.69",Punjab,0
2/28/2022,Electrolyte Powder,Hydration,439,153,230,9.25,12.33,0.24,1886.49,471.62,Punjab,0
03/07/2022,Whey Protein,Protein,302,148,222,38.89,51.85,0.01,7673.80,"1,918.45",Sindh,0
03/07/2022,Vitamin C,Vitamin,246,135,203,34.87,46.49,0.04,6276.15,"1,569.04",KP,1
03/07/2022,Fish Oil,Omega,157,143,215,39.72,52.96,0.10,7573.28,"1,893.32",Balochistan,1
03/07/2022,Multivitamin,Vitamin,426,137,206,40.19,53.58,0.09,7340.46,"1,835.12",KP,0
03/07/2022,Pre-Workout,Performance,411,176,264,14.15,18.87,0.22,3321.12,830.28,KP,0
03/07/2022,BCAA,Amino Acid,423,153,230,30.89,41.19,0.03,6302.07,"1,575.52",Sindh,0
03/07/2022,Creatine,Performance,329,159,239,36.35,48.46,0.11,7705.14,"1,926.29",KP,0
03/07/2022,Zinc,Mineral,235,145,218,34.84,46.45,0.10,6735.25,"1,683.81",KP,0
03/07/2022,Collagen Peptides,Protein,194,144,216,42.49,56.65,0.06,8157.60,"2,039.40",Sindh,0
03/07/2022,Magnesium,Mineral,469,148,222,24.38,32.51,0.19,4811.48,"1,202.87",Punjab,1
03/07/2022,Ashwagandha,Herbal,96,139,209,23.45,31.27,0.19,4346.53,"1,086.63",Balochistan,1
03/07/2022,Melatonin,Sleep Aid,75,157,236,25.55,34.07,0.01,5348.99,"1,337.25",Sindh,1
03/07/2022,Biotin,Vitamin,248,155,233,37.04,49.39,0.06,7655.45,"1,913.86",KP,1
03/07/2022,Green Tea Extract,Fat Burner,354,157,236,27.95,37.27,0.04,5851.39,"1,462.85",Sindh,1
03/07/2022,Iron Supplement,Mineral,486,167,251,38.99,51.98,0.15,8680.66,"2,170.17",Sindh,1
03/07/2022,Electrolyte Powder,Hydration,55,153,230,22.45,29.93,0.03,4579.29,"1,144.82",Balochistan,0
3/14/2022,Whey Protein,Protein,76,128,192,23.1,30.8,0.08,3942.40,985.6,Punjab,0
3/14/2022,Vitamin C,Vitamin,476,145,218,27.38,36.51,0.18,5293.95,"1,323.49",Punjab,1
3/14/2022,Fish Oil,Omega,283,175,263,38.68,51.57,0.09,9024.75,"2,256.19",Sindh,1
3/14/2022,Multivitamin,Vitamin,454,156,234,25.32,33.76,0.05,5266.56,"1,316.64",Sindh,1
3/14/2022,Pre-Workout,Performance,295,163,245,26.09,34.79,0.23,5670.77,"1,417.69",KP,0
3/14/2022,BCAA,Amino Acid,199,161,242,30.89,41.19,0.06,6631.59,"1,657.90",Punjab,1
3/14/2022,Creatine,Performance,85,149,224,41.1,54.8,0.10,8165.20,"2,041.30",KP,1
3/14/2022,Zinc,Mineral,373,165,248,30.82,41.09,0.01,6779.85,"1,694.96",Sindh,0
3/14/2022,Collagen Peptides,Protein,182,147,221,41.44,55.25,0.22,8121.75,"2,030.44",KP,0
3/14/2022,Magnesium,Mineral,301,129,194,20.12,26.82,0.17,3459.78,864.95,KP,0
3/14/2022,Ashwagandha,Herbal,351,134,201,15.47,20.62,0.21,2763.08,690.77,KP,1
3/14/2022,Melatonin,Sleep Aid,267,148,222,14.35,19.13,0.15,2831.24,707.81,Punjab,1
3/14/2022,Biotin,Vitamin,452,143,215,30.13,40.17,0.10,5744.31,"1,436.08",Punjab,0
3/14/2022,Green Tea Extract,Fat Burner,480,153,230,22.61,30.14,0.09,4611.42,"1,152.86",KP,1
3/14/2022,Iron Supplement,Mineral,123,160,240,42.77,57.02,0.07,9123.20,"2,280.80",Sindh,0
3/14/2022,Electrolyte Powder,Hydration,464,161,242,28.01,37.35,0.01,6013.35,"1,503.34",Balochistan,1
3/21/2022,Whey Protein,Protein,422,143,215,32.86,43.81,0.09,6264.83,"1,566.21",KP,1
3/21/2022,Vitamin C,Vitamin,429,136,204,20.07,26.76,0.01,3639.36,909.84,Sindh,0
3/21/2022,Fish Oil,Omega,90,165,248,35.25,47,0.16,7755.00,"1,938.75",Balochistan,0
3/21/2022,Multivitamin,Vitamin,302,135,203,39.55,52.73,0.17,7118.55,"1,779.64",Punjab,0
3/21/2022,Pre-Workout,Performance,256,139,209,28.89,38.52,0.19,5354.28,"1,338.57",Sindh,0
3/21/2022,BCAA,Amino Acid,185,164,246,30.89,41.19,0.24,6755.16,"1,688.79",KP,1
3/21/2022,Creatine,Performance,136,169,254,22.24,29.65,0.21,5010.85,"1,252.71",KP,0
3/21/2022,Zinc,Mineral,266,150,225,34.06,45.41,0.21,6811.50,"1,702.88",Balochistan,0
3/21/2022,Collagen Peptides,Protein,236,162,243,24.4,32.53,0.11,5269.86,"1,317.47",Sindh,0
3/21/2022,Magnesium,Mineral,123,176,264,43.25,57.66,0.05,10148.16,"2,537.04",Balochistan,1
3/21/2022,Ashwagandha,Herbal,233,162,243,30.26,40.35,0.14,6536.70,"1,634.18",Punjab,0
3/21/2022,Melatonin,Sleep Aid,298,163,245,39.32,52.43,0.10,8546.09,"2,136.52",Sindh,1
3/21/2022,Biotin,Vitamin,355,166,249,37.82,50.42,0.07,8369.72,"2,092.43",Punjab,1
3/21/2022,Green Tea Extract,Fat Burner,415,150,225,35.79,47.72,0.07,7158.00,"1,789.50",Sindh,1
3/21/2022,Iron Supplement,Mineral,177,130,195,36.8,49.07,0.04,6379.10,"1,594.78",Punjab,0
3/21/2022,Electrolyte Powder,Hydration,442,171,257,37.91,50.55,0.03,8644.05,"2,161.01",Balochistan,0
3/28/2022,Whey Protein,Protein,364,168,252,31.49,41.98,0.17,7052.64,"1,763.16",Sindh,0
3/28/2022,Vitamin C,Vitamin,293,156,234,41.24,54.99,0.08,8578.44,"2,144.61",Balochistan,1
3/28/2022,Fish Oil,Omega,314,166,249,26.81,35.75,0.03,5934.50,"1,483.63",Punjab,0
3/28/2022,Multivitamin,Vitamin,174,156,234,38.87,51.82,0.24,8083.92,"2,020.98",Punjab,0
3/28/2022,Pre-Workout,Performance,179,146,219,20.68,27.57,0.04,4025.22,"1,006.31",Balochistan,0
3/28/2022,BCAA,Amino Acid,185,146,219,30.89,41.19,0.05,6013.74,"1,503.44",Balochistan,0
3/28/2022,Creatine,Performance,343,143,215,41.92,55.89,0.03,7992.27,"1,998.07",KP,0
3/28/2022,Zinc,Mineral,52,142,213,9.38,12.5,0.03,1775.00,443.75,Balochistan,0
3/28/2022,Collagen Peptides,Protein,469,160,240,20.36,27.14,0.10,4342.40,"1,085.60",Sindh,1
3/28/2022,Magnesium,Mineral,99,170,255,40.67,54.23,0.08,9219.10,"2,304.78",Balochistan,1
3/28/2022,Ashwagandha,Herbal,231,154,231,25.56,34.08,0.10,5248.32,"1,312.08",KP,0
3/28/2022,Melatonin,Sleep Aid,499,163,245,34.77,46.36,0.07,7556.68,"1,889.17",Sindh,0
3/28/2022,Biotin,Vitamin,190,145,218,8.12,10.83,0.20,1570.35,392.59,Punjab,0
3/28/2022,Green Tea Extract,Fat Burner,297,153,230,14.06,18.75,0.22,2868.75,717.19,Punjab,0
3/28/2022,Iron Supplement,Mineral,367,145,218,39.69,52.92,0.25,7673.40,"1,918.35",Balochistan,0
3/28/2022,Electrolyte Powder,Hydration,147,161,242,20.83,27.77,0.14,4470.97,"1,117.74",Balochistan,1
04/04/2022,Whey Protein,Protein,424,157,236,20.13,26.84,0.04,4213.88,"1,053.47",Balochistan,0
04/04/2022,Vitamin C,Vitamin,200,169,254,15.74,20.99,0.08,3547.31,886.83,Punjab,0
04/04/2022,Fish Oil,Omega,209,151,227,13.66,18.21,0.06,2749.71,687.43,Balochistan,1
04/04/2022,Multivitamin,Vitamin,288,149,224,34.85,46.46,0.08,6922.54,"1,730.64",Balochistan,1
04/04/2022,Pre-Workout,Performance,245,142,213,36.46,48.61,0.23,6902.62,"1,725.66",Balochistan,0
04/04/2022,BCAA,Amino Acid,167,144,216,30.89,41.19,0.23,5931.36,"1,482.84",Punjab,0
04/04/2022,Creatine,Performance,484,134,201,11.5,15.33,0.09,2054.22,513.56,Sindh,1
04/04/2022,Zinc,Mineral,238,153,230,11.9,15.87,0.17,2428.11,607.03,Sindh,0
04/04/2022,Collagen Peptides,Protein,429,138,207,10.35,13.8,0.17,1904.40,476.1,Sindh,1
04/04/2022,Magnesium,Mineral,392,143,215,39.92,53.23,0.12,7611.89,"1,902.97",Sindh,1
04/04/2022,Ashwagandha,Herbal,339,152,228,14.72,19.63,0.19,2983.76,745.94,KP,1
04/04/2022,Melatonin,Sleep Aid,106,132,198,15.33,20.44,0.08,2698.08,674.52,Sindh,1
04/04/2022,Biotin,Vitamin,186,148,222,30.88,41.17,0.16,6093.16,"1,523.29",Sindh,1
04/04/2022,Green Tea Extract,Fat Burner,329,142,213,23.93,31.9,0.08,4529.80,"1,132.45",Balochistan,0
04/04/2022,Iron Supplement,Mineral,178,162,243,7.71,10.28,0.01,1665.36,416.34,Punjab,0
04/04/2022,Electrolyte Powder,Hydration,154,133,200,39.68,52.9,0.18,7035.70,"1,758.93",Balochistan,0
04/11/2022,Whey Protein,Protein,100,146,219,37.88,50.51,0.21,7374.46,"1,843.62",KP,0
04/11/2022,Vitamin C,Vitamin,394,150,225,11.69,15.59,0.14,2338.50,584.63,Punjab,0
04/11/2022,Fish Oil,Omega,261,148,222,17.14,22.85,0.01,3381.80,845.45,Balochistan,1
04/11/2022,Multivitamin,Vitamin,72,103,155,11.64,15.52,0.06,1598.56,399.64,Sindh,1
04/11/2022,Pre-Workout,Performance,229,134,201,39.68,52.9,0.17,7088.60,"1,772.15",Punjab,0
04/11/2022,BCAA,Amino Acid,200,152,228,30.89,41.19,0.17,6260.88,"1,565.22",Balochistan,1
04/11/2022,Creatine,Performance,147,166,249,23.62,31.49,0.16,5227.34,"1,306.84",Punjab,0
04/11/2022,Zinc,Mineral,472,137,206,40.2,53.6,0.06,7343.20,"1,835.80",Balochistan,0
04/11/2022,Collagen Peptides,Protein,253,134,201,14.15,18.86,0.09,2527.24,631.81,KP,1
04/11/2022,Magnesium,Mineral,279,133,200,9.44,12.59,0.01,1674.47,418.62,Sindh,1
04/11/2022,Ashwagandha,Herbal,336,138,207,16.52,22.03,0.13,3040.14,760.04,Balochistan,1
04/11/2022,Melatonin,Sleep Aid,235,139,209,19.11,25.48,0.23,3541.72,885.43,Sindh,1
04/11/2022,Biotin,Vitamin,367,148,222,38.18,50.9,0.07,7533.20,"1,883.30",KP,0
04/11/2022,Green Tea Extract,Fat Burner,392,174,261,9.08,12.11,0.11,2107.14,526.79,Balochistan,0
04/11/2022,Iron Supplement,Mineral,104,151,227,29.57,39.43,0.19,5953.93,"1,488.48",KP,1
04/11/2022,Electrolyte Powder,Hydration,71,137,206,29.76,39.68,0.22,5436.16,"1,359.04",KP,0
4/18/2022,Whey Protein,Protein,283,169,254,19.28,25.71,0.24,4344.99,"1,086.25",Punjab,1
4/18/2022,Vitamin C,Vitamin,184,160,240,12,16,0.13,2560.00,640,KP,0
4/18/2022,Fish Oil,Omega,161,161,242,41.65,55.53,0.00,8940.33,"2,235.08",Balochistan,1
4/18/2022,Multivitamin,Vitamin,312,174,261,12.38,16.51,0.02,2872.74,718.19,Sindh,0
4/18/2022,Pre-Workout,Performance,96,155,233,44.51,59.35,0.10,9199.25,"2,299.81",Sindh,1
4/18/2022,BCAA,Amino Acid,52,154,231,30.89,41.19,0.20,6343.26,"1,585.82",KP,0
4/18/2022,Creatine,Performance,126,155,233,25.9,34.53,0.05,5352.15,"1,338.04",KP,0
4/18/2022,Zinc,Mineral,367,132,198,18.67,24.89,0.14,3285.48,821.37,Balochistan,0
4/18/2022,Collagen Peptides,Protein,223,156,234,12.15,16.2,0.12,2527.20,631.8,Punjab,0
4/18/2022,Magnesium,Mineral,149,142,213,41.09,54.79,0.17,7780.18,"1,945.05",Balochistan,0
4/18/2022,Ashwagandha,Herbal,205,157,236,33.82,45.09,0.19,7079.13,"1,769.78",Punjab,1
4/18/2022,Melatonin,Sleep Aid,386,149,224,7.91,10.55,0.23,1571.95,392.99,Balochistan,0
4/18/2022,Biotin,Vitamin,217,140,210,38.36,51.15,0.06,7161.00,"1,790.25",Sindh,0
4/18/2022,Green Tea Extract,Fat Burner,181,166,249,8.29,11.05,0.12,1834.30,458.58,KP,0
4/18/2022,Iron Supplement,Mineral,350,157,236,10.4,13.87,0.04,2177.59,544.4,Sindh,0
4/18/2022,Electrolyte Powder,Hydration,430,137,206,23.1,30.8,0.02,4219.60,"1,054.90",Punjab,1
4/25/2022,Whey Protein,Protein,180,130,195,16.49,21.98,0.21,2857.40,714.35,KP,0
4/25/2022,Vitamin C,Vitamin,248,163,245,17.72,23.62,0.14,3850.06,962.52,KP,0
4/25/2022,Fish Oil,Omega,282,163,245,32.94,43.92,0.24,7158.96,"1,789.74",Sindh,1
4/25/2022,Multivitamin,Vitamin,175,164,246,14.86,19.81,0.14,3248.84,812.21,Punjab,1
4/25/2022,Pre-Workout,Performance,464,167,251,17.17,22.89,0.19,3822.63,955.66,Punjab,1
4/25/2022,BCAA,Amino Acid,258,143,215,30.89,41.19,0.04,5890.17,"1,472.54",KP,1
4/25/2022,Creatine,Performance,453,148,222,25.04,33.39,0.07,4941.72,"1,235.43",Punjab,1
4/25/2022,Zinc,Mineral,165,132,198,29.6,39.46,0.07,5208.72,"1,302.18",Balochistan,0
4/25/2022,Collagen Peptides,Protein,170,131,197,43.5,58,0.01,7598.00,"1,899.50",Balochistan,0
4/25/2022,Magnesium,Mineral,454,143,215,19.39,25.85,0.16,3696.55,924.14,Balochistan,0
4/25/2022,Ashwagandha,Herbal,165,140,210,27.32,36.43,0.23,5100.20,"1,275.05",Sindh,0
4/25/2022,Melatonin,Sleep Aid,500,166,249,44.22,58.96,0.24,9787.36,"2,446.84",KP,0
4/25/2022,Biotin,Vitamin,117,167,251,15.4,20.53,0.16,3428.51,857.13,Sindh,1
4/25/2022,Green Tea Extract,Fat Burner,379,164,246,10.16,13.54,0.10,2220.56,555.14,Balochistan,1
4/25/2022,Iron Supplement,Mineral,280,148,222,35.6,47.46,0.14,7024.08,"1,756.02",Sindh,1
4/25/2022,Electrolyte Powder,Hydration,166,143,215,20.2,26.93,0.19,3850.99,962.75,KP,0
05/02/2022,Whey Protein,Protein,121,166,249,16.43,21.91,0.21,3637.06,909.27,KP,1
05/02/2022,Vitamin C,Vitamin,67,138,207,20.92,27.89,0.21,3848.82,962.21,Punjab,1
05/02/2022,Fish Oil,Omega,433,158,237,22.35,29.8,0.25,4708.40,"1,177.10",KP,0
05/02/2022,Multivitamin,Vitamin,366,136,204,19.87,26.49,0.16,3602.64,900.66,Sindh,1
05/02/2022,Pre-Workout,Performance,73,159,239,37.91,50.54,0.11,8035.86,"2,008.97",Balochistan,0
05/02/2022,BCAA,Amino Acid,468,152,228,30.89,41.19,0.14,6260.88,"1,565.22",Balochistan,0
05/02/2022,Creatine,Performance,255,173,260,19.93,26.57,0.24,4596.61,"1,149.15",Sindh,1
05/02/2022,Zinc,Mineral,263,143,215,23.06,30.75,0.04,4397.25,"1,099.31",Punjab,1
05/02/2022,Collagen Peptides,Protein,169,147,221,14.6,19.47,0.14,2862.09,715.52,Punjab,1
05/02/2022,Magnesium,Mineral,363,160,240,30.96,41.28,0.01,6604.80,"1,651.20",KP,1
05/02/2022,Ashwagandha,Herbal,311,128,192,31.03,41.37,0.14,5295.36,"1,323.84",Punjab,0
05/02/2022,Melatonin,Sleep Aid,210,152,228,16.67,22.23,0.03,3378.96,844.74,KP,1
05/02/2022,Biotin,Vitamin,245,154,231,14.15,18.86,0.22,2904.44,726.11,KP,1
05/02/2022,Green Tea Extract,Fat Burner,174,156,234,17.33,23.1,0.24,3603.60,900.9,Punjab,1
05/02/2022,Iron Supplement,Mineral,308,143,215,35.96,47.95,0.07,6856.85,"1,714.21",Punjab,1
05/02/2022,Electrolyte Powder,Hydration,256,137,206,34.61,46.14,0.07,6321.18,"1,580.30",Punjab,1
05/09/2022,Whey Protein,Protein,396,149,224,37.09,49.45,0.19,7368.05,"1,842.01",KP,1
05/09/2022,Vitamin C,Vitamin,162,148,222,44.03,58.7,0.08,8687.60,"2,171.90",Sindh,0
05/09/2022,Fish Oil,Omega,453,156,234,30.5,40.67,0.07,6344.52,"1,586.13",Balochistan,0
05/09/2022,Multivitamin,Vitamin,161,133,200,20.54,27.38,0.19,3641.54,910.39,KP,0
05/09/2022,Pre-Workout,Performance,188,132,198,30.05,40.07,0.24,5289.24,"1,322.31",KP,1
05/09/2022,BCAA,Amino Acid,142,137,206,30.89,41.19,0.01,5643.03,"1,410.76",Sindh,1
05/09/2022,Creatine,Performance,261,134,201,23.61,31.48,0.12,4218.32,"1,054.58",KP,1
05/09/2022,Zinc,Mineral,398,156,234,18.54,24.72,0.00,3856.32,964.08,Balochistan,0
05/09/2022,Collagen Peptides,Protein,443,146,219,21.63,28.84,0.16,4210.64,"1,052.66",Sindh,1
05/09/2022,Magnesium,Mineral,130,140,210,30.53,40.7,0.22,5698.00,"1,424.50",KP,1
05/09/2022,Ashwagandha,Herbal,427,152,228,21.19,28.25,0.22,4294.00,"1,073.50",KP,0
05/09/2022,Melatonin,Sleep Aid,66,157,236,30.21,40.28,0.12,6323.96,"1,580.99",Punjab,0
05/09/2022,Biotin,Vitamin,366,142,213,28.13,37.5,0.10,5325.00,"1,331.25",Punjab,1
05/09/2022,Green Tea Extract,Fat Burner,406,158,237,30.53,40.7,0.13,6430.60,"1,607.65",KP,0
05/09/2022,Iron Supplement,Mineral,114,153,230,42.8,57.06,0.15,8730.18,"2,182.55",KP,0
05/09/2022,Electrolyte Powder,Hydration,320,148,222,13.56,18.08,0.07,2675.84,668.96,KP,0
5/16/2022,Whey Protein,Protein,326,143,215,12.39,16.52,0.19,2362.36,590.59,KP,0
5/16/2022,Vitamin C,Vitamin,315,153,230,16.22,21.63,0.15,3309.39,827.35,Balochistan,1
5/16/2022,Fish Oil,Omega,429,155,233,25.92,34.56,0.17,5356.80,"1,339.20",Punjab,0
5/16/2022,Multivitamin,Vitamin,302,144,216,10.25,13.67,0.05,1968.48,492.12,Balochistan,1
5/16/2022,Pre-Workout,Performance,134,161,242,20.08,26.77,0.02,4309.97,"1,077.49",Balochistan,0
5/16/2022,BCAA,Amino Acid,368,141,212,30.89,41.19,0.03,5807.79,"1,451.95",Sindh,0
5/16/2022,Creatine,Performance,241,149,224,36.44,48.59,0.22,7239.91,"1,809.98",Punjab,0
5/16/2022,Zinc,Mineral,230,172,258,11.75,15.67,0.01,2695.24,673.81,KP,0
5/16/2022,Collagen Peptides,Protein,359,156,234,36.61,48.81,0.13,7614.36,"1,903.59",Balochistan,0
5/16/2022,Magnesium,Mineral,470,153,230,28.55,38.06,0.13,5823.18,"1,455.80",Punjab,1
5/16/2022,Ashwagandha,Herbal,302,160,240,36.63,48.84,0.09,7814.40,"1,953.60",KP,1
5/16/2022,Melatonin,Sleep Aid,194,145,218,11.97,15.96,0.23,2314.20,578.55,KP,0
5/16/2022,Biotin,Vitamin,62,173,260,19.87,26.49,0.10,4582.77,"1,145.69",Balochistan,0
5/16/2022,Green Tea Extract,Fat Burner,362,154,231,22.1,29.46,0.12,4536.84,"1,134.21",Balochistan,1
5/16/2022,Iron Supplement,Mineral,378,139,209,18.44,24.59,0.19,3418.01,854.5,Punjab,1
5/16/2022,Electrolyte Powder,Hydration,437,142,213,7.93,10.57,0.11,1500.94,375.24,Sindh,1
5/23/2022,Whey Protein,Protein,445,141,212,25.91,34.55,0.15,4871.55,"1,217.89",Balochistan,1
5/23/2022,Vitamin C,Vitamin,261,146,219,29.61,39.48,0.09,5764.08,"1,441.02",Punjab,1
5/23/2022,Fish Oil,Omega,118,170,255,26.45,35.26,0.24,5994.20,"1,498.55",Balochistan,1
5/23/2022,Multivitamin,Vitamin,212,158,237,32.99,43.98,0.09,6948.84,"1,737.21",Balochistan,1
5/23/2022,Pre-Workout,Performance,82,157,236,23.24,30.98,0.05,4863.86,"1,215.97",KP,0
5/23/2022,BCAA,Amino Acid,365,187,281,30.89,41.19,0.05,7702.53,"1,925.63",Punjab,1
5/23/2022,Creatine,Performance,282,161,242,41.7,55.6,0.05,8951.60,"2,237.90",Sindh,0
5/23/2022,Zinc,Mineral,451,180,270,11.46,15.28,0.05,2750.40,687.6,KP,0
5/23/2022,Collagen Peptides,Protein,85,161,242,32.24,42.99,0.08,6921.39,"1,730.35",Sindh,0
5/23/2022,Magnesium,Mineral,355,156,234,37.95,50.6,0.04,7893.60,"1,973.40",Punjab,1
5/23/2022,Ashwagandha,Herbal,269,126,189,32.11,42.81,0.21,5394.06,"1,348.52",KP,1
5/23/2022,Melatonin,Sleep Aid,96,144,216,15.44,20.58,0.20,2963.52,740.88,KP,0
5/23/2022,Biotin,Vitamin,170,135,203,36.56,48.74,0.08,6579.90,"1,644.98",KP,1
5/23/2022,Green Tea Extract,Fat Burner,358,122,183,13.22,17.63,0.21,2150.86,537.72,Balochistan,0
5/23/2022,Iron Supplement,Mineral,78,142,213,9.38,12.51,0.10,1776.42,444.11,Balochistan,0
5/23/2022,Electrolyte Powder,Hydration,229,142,213,35.66,47.55,0.02,6752.10,"1,688.03",Sindh,1
5/30/2022,Whey Protein,Protein,282,151,227,19.24,25.65,0.14,3873.15,968.29,Balochistan,1
5/30/2022,Vitamin C,Vitamin,148,150,225,15.21,20.28,0.19,3042.00,760.5,Sindh,0
5/30/2022,Fish Oil,Omega,329,181,272,33.11,44.14,0.24,7989.34,"1,997.34",Punjab,0
5/30/2022,Multivitamin,Vitamin,198,166,249,21.01,28.01,0.15,4649.66,"1,162.42",Sindh,1
5/30/2022,Pre-Workout,Performance,169,151,227,35.39,47.19,0.13,7125.69,"1,781.42",Punjab,0
5/30/2022,BCAA,Amino Acid,380,127,191,30.89,41.19,0.24,5231.13,"1,307.78",Punjab,0
5/30/2022,Creatine,Performance,199,156,234,15.53,20.7,0.24,3229.20,807.3,Sindh,0
5/30/2022,Zinc,Mineral,315,131,197,29,38.66,0.20,5064.46,"1,266.12",KP,1
5/30/2022,Collagen Peptides,Protein,269,135,203,32.96,43.95,0.21,5933.25,"1,483.31",KP,0
5/30/2022,Magnesium,Mineral,163,153,230,31.73,42.3,0.25,6471.90,"1,617.98",Punjab,1
5/30/2022,Ashwagandha,Herbal,423,167,251,16.95,22.6,0.24,3774.20,943.55,Balochistan,1
5/30/2022,Melatonin,Sleep Aid,270,144,216,16.67,22.22,0.21,3199.68,799.92,Punjab,0
5/30/2022,Biotin,Vitamin,136,170,255,12.05,16.06,0.00,2730.20,682.55,Balochistan,0
5/30/2022,Green Tea Extract,Fat Burner,281,143,215,36.82,49.09,0.00,7019.87,"1,754.97",Sindh,1
5/30/2022,Iron Supplement,Mineral,285,143,215,15.99,21.32,0.12,3048.76,762.19,Sindh,0
5/30/2022,Electrolyte Powder,Hydration,335,142,213,36.08,48.11,0.25,6831.62,"1,707.91",Punjab,1
06/06/2022,Whey Protein,Protein,109,142,213,15.66,20.88,0.03,2964.96,741.24,Balochistan,1
06/06/2022,Vitamin C,Vitamin,201,154,231,33.01,44.01,0.07,6777.54,"1,694.39",KP,0
06/06/2022,Fish Oil,Omega,287,157,236,15.47,20.63,0.09,3238.91,809.73,Balochistan,0
06/06/2022,Multivitamin,Vitamin,326,130,195,39.5,52.66,0.05,6845.80,"1,711.45",Sindh,0
06/06/2022,Pre-Workout,Performance,96,159,239,22.25,29.67,0.02,4717.53,"1,179.38",KP,0
06/06/2022,BCAA,Amino Acid,70,161,242,30.89,41.19,0.08,6631.59,"1,657.90",Balochistan,0
06/06/2022,Creatine,Performance,266,156,234,36.2,48.27,0.21,7530.12,"1,882.53",Balochistan,1
06/06/2022,Zinc,Mineral,495,156,234,44.34,59.12,0.17,9222.72,"2,305.68",Balochistan,0
06/06/2022,Collagen Peptides,Protein,256,138,207,19.55,26.07,0.25,3597.66,899.42,Balochistan,1
06/06/2022,Magnesium,Mineral,230,151,227,23.72,31.63,0.12,4776.13,"1,194.03",Balochistan,0
06/06/2022,Ashwagandha,Herbal,86,147,221,9.55,12.73,0.21,1871.31,467.83,Punjab,0
06/06/2022,Melatonin,Sleep Aid,85,147,221,29.69,39.58,0.00,5818.26,"1,454.57",Balochistan,0
06/06/2022,Biotin,Vitamin,408,154,231,14.69,19.59,0.16,3016.86,754.22,Sindh,1
06/06/2022,Green Tea Extract,Fat Burner,437,143,215,29.26,39.01,0.17,5578.43,"1,394.61",KP,0
06/06/2022,Iron Supplement,Mineral,123,141,212,10.45,13.93,0.11,1964.13,491.03,KP,0
06/06/2022,Electrolyte Powder,Hydration,285,139,209,11.28,15.04,0.15,2090.56,522.64,Balochistan,0
6/13/2022,Whey Protein,Protein,328,155,233,25.74,34.32,0.03,5319.60,"1,329.90",Punjab,0
6/13/2022,Vitamin C,Vitamin,393,156,234,27.41,36.55,0.17,5701.80,"1,425.45",Balochistan,0
6/13/2022,Fish Oil,Omega,332,167,251,36.7,48.93,0.06,8171.31,"2,042.83",Punjab,1
6/13/2022,Multivitamin,Vitamin,444,169,254,36.72,48.96,0.18,8274.24,"2,068.56",KP,0
6/13/2022,Pre-Workout,Performance,367,153,230,43.78,58.37,0.20,8930.61,"2,232.65",Balochistan,0
6/13/2022,BCAA,Amino Acid,269,133,200,30.89,41.19,0.01,5478.27,"1,369.57",Punjab,0
6/13/2022,Creatine,Performance,324,146,219,37.58,50.1,0.23,7314.60,"1,828.65",Balochistan,1
6/13/2022,Zinc,Mineral,361,163,245,17.39,23.18,0.05,3778.34,944.59,Punjab,1
6/13/2022,Collagen Peptides,Protein,324,177,266,40.55,54.07,0.16,9570.39,"2,392.60",Sindh,1
6/13/2022,Magnesium,Mineral,243,147,221,8.68,11.57,0.17,1700.79,425.2,KP,0
6/13/2022,Ashwagandha,Herbal,218,152,228,17.9,23.87,0.12,3628.24,907.06,Punjab,0
6/13/2022,Melatonin,Sleep Aid,490,146,219,24.42,32.56,0.15,4753.76,"1,188.44",Balochistan,1
6/13/2022,Biotin,Vitamin,417,141,212,17.29,23.05,0.07,3250.05,812.51,Balochistan,0
6/13/2022,Green Tea Extract,Fat Burner,378,155,233,12.58,16.77,0.04,2599.35,649.84,Sindh,1
6/13/2022,Iron Supplement,Mineral,217,159,239,42.77,57.03,0.05,9067.77,"2,266.94",KP,0
6/13/2022,Electrolyte Powder,Hydration,436,140,210,41.8,55.73,0.14,7802.20,"1,950.55",Punjab,0
6/20/2022,Whey Protein,Protein,474,150,225,9.91,13.21,0.13,1981.50,495.38,KP,0
6/20/2022,Vitamin C,Vitamin,391,139,209,37.9,50.53,0.10,7023.67,"1,755.92",Punjab,0
6/20/2022,Fish Oil,Omega,432,147,221,36.15,48.2,0.25,7085.40,"1,771.35",Balochistan,1
6/20/2022,Multivitamin,Vitamin,152,147,221,15.15,20.2,0.17,2969.40,742.35,Punjab,1
6/20/2022,Pre-Workout,Performance,196,146,219,18.19,24.25,0.11,3540.50,885.13,Sindh,1
6/20/2022,BCAA,Amino Acid,410,140,210,30.89,41.19,0.13,5766.60,"1,441.65",Sindh,0
6/20/2022,Creatine,Performance,111,141,212,32.59,43.45,0.16,6126.45,"1,531.61",Balochistan,1
6/20/2022,Zinc,Mineral,407,144,216,35.94,47.92,0.08,6900.48,"1,725.12",KP,0
6/20/2022,Collagen Peptides,Protein,304,128,192,29.36,39.14,0.01,5009.92,"1,252.48",Balochistan,1
6/20/2022,Magnesium,Mineral,326,160,240,36.13,48.17,0.19,7707.20,"1,926.80",Balochistan,0
6/20/2022,Ashwagandha,Herbal,238,158,237,22.4,29.87,0.05,4719.46,"1,179.87",Punjab,1
6/20/2022,Melatonin,Sleep Aid,413,171,257,13.99,18.65,0.17,3189.15,797.29,Punjab,1
6/20/2022,Biotin,Vitamin,400,153,230,26.81,35.75,0.20,5469.75,"1,367.44",KP,0
6/20/2022,Green Tea Extract,Fat Burner,265,154,231,38.85,51.8,0.23,7977.20,"1,994.30",Sindh,0
6/20/2022,Iron Supplement,Mineral,246,150,225,35.8,47.73,0.18,7159.50,"1,789.88",Sindh,1
6/20/2022,Electrolyte Powder,Hydration,454,166,249,37.4,49.86,0.11,8276.76,"2,069.19",Sindh,1
6/27/2022,Whey Protein,Protein,316,136,204,32.32,43.09,0.14,5860.24,"1,465.06",Sindh,1
6/27/2022,Vitamin C,Vitamin,466,133,200,35.39,47.19,0.18,6276.27,"1,569.07",Balochistan,0
6/27/2022,Fish Oil,Omega,483,152,228,41.39,55.19,0.23,8388.88,"2,097.22",Punjab,0
6/27/2022,Multivitamin,Vitamin,211,172,258,38.57,51.43,0.14,8845.96,"2,211.49",Balochistan,0
6/27/2022,Pre-Workout,Performance,358,139,209,31.07,41.42,0.04,5757.38,"1,439.35",KP,1
6/27/2022,BCAA,Amino Acid,160,149,224,30.89,41.19,0.23,6137.31,"1,534.33",Punjab,1
6/27/2022,Creatine,Performance,285,156,234,25.8,34.4,0.05,5366.40,"1,341.60",Sindh,0
6/27/2022,Zinc,Mineral,495,140,210,35.63,47.5,0.04,6650.00,"1,662.50",Balochistan,1
6/27/2022,Collagen Peptides,Protein,452,137,206,32.12,42.83,0.21,5867.71,"1,466.93",Punjab,1
6/27/2022,Magnesium,Mineral,265,166,249,19.7,26.27,0.04,4360.82,"1,090.21",Balochistan,0
6/27/2022,Ashwagandha,Herbal,154,147,221,36.06,48.08,0.14,7067.76,"1,766.94",Punjab,0
6/27/2022,Melatonin,Sleep Aid,287,174,261,20.97,27.96,0.18,4865.04,"1,216.26",Punjab,1
6/27/2022,Biotin,Vitamin,241,137,206,25.04,33.39,0.10,4574.43,"1,143.61",Sindh,1
6/27/2022,Green Tea Extract,Fat Burner,315,172,258,25.55,34.07,0.17,5860.04,"1,465.01",Punjab,1
6/27/2022,Iron Supplement,Mineral,351,134,201,27.86,37.14,0.20,4976.76,"1,244.19",Punjab,0
6/27/2022,Electrolyte Powder,Hydration,319,145,218,14.04,18.72,0.20,2714.40,678.6,KP,1
07/04/2022,Whey Protein,Protein,285,147,221,38.39,51.19,0.12,7524.93,"1,881.23",Balochistan,0
07/04/2022,Vitamin C,Vitamin,75,148,222,9.68,12.9,0.17,1909.20,477.3,Punjab,0
07/04/2022,Fish Oil,Omega,273,163,245,16.39,21.85,0.08,3561.55,890.39,KP,0
07/04/2022,Multivitamin,Vitamin,127,153,230,29.72,39.62,0.07,6061.86,"1,515.47",KP,1
07/04/2022,Pre-Workout,Performance,434,147,221,13.01,17.34,0.14,2548.98,637.25,KP,0
07/04/2022,BCAA,Amino Acid,413,154,231,30.89,41.19,0.19,6343.26,"1,585.82",KP,1
07/04/2022,Creatine,Performance,218,145,218,20.72,27.62,0.04,4004.90,"1,001.23",Punjab,0
07/04/2022,Zinc,Mineral,173,147,221,32.12,42.83,0.23,6296.01,"1,574.00",Balochistan,0
07/04/2022,Collagen Peptides,Protein,158,138,207,39.53,52.7,0.14,7272.60,"1,818.15",KP,0
07/04/2022,Magnesium,Mineral,201,135,203,17.94,23.92,0.24,3229.20,807.3,Punjab,1
07/04/2022,Ashwagandha,Herbal,329,129,194,15.94,21.25,0.10,2741.25,685.31,KP,1
07/04/2022,Melatonin,Sleep Aid,470,151,227,15.29,20.39,0.20,3078.89,769.72,Sindh,1
07/04/2022,Biotin,Vitamin,143,149,224,20.03,26.71,0.24,3979.79,994.95,KP,1
07/04/2022,Green Tea Extract,Fat Burner,158,146,219,36.71,48.95,0.09,7146.70,"1,786.68",Sindh,1
07/04/2022,Iron Supplement,Mineral,384,153,230,34.23,45.64,0.22,6982.92,"1,745.73",KP,0
07/04/2022,Electrolyte Powder,Hydration,90,148,222,32.49,43.32,0.14,6411.36,"1,602.84",Sindh,1
07/11/2022,Whey Protein,Protein,97,160,240,28.24,37.65,0.12,6024.00,"1,506.00",Punjab,1
07/11/2022,Vitamin C,Vitamin,201,129,194,19.16,25.54,0.24,3294.66,823.67,Punjab,0
07/11/2022,Fish Oil,Omega,169,156,234,13.78,18.37,0.24,2865.72,716.43,KP,1
07/11/2022,Multivitamin,Vitamin,496,132,198,40.28,53.7,0.22,7088.40,"1,772.10",Sindh,0
07/11/2022,Pre-Workout,Performance,339,167,251,8.96,11.95,0.21,1995.65,498.91,Balochistan,1
07/11/2022,BCAA,Amino Acid,193,153,230,30.89,41.19,0.20,6302.07,"1,575.52",KP,0
07/11/2022,Creatine,Performance,466,152,228,44.86,59.81,0.03,9091.12,"2,272.78",Balochistan,1
07/11/2022,Zinc,Mineral,65,150,225,30.49,40.65,0.01,6097.50,"1,524.38",Sindh,1
07/11/2022,Collagen Peptides,Protein,329,166,249,23.49,31.32,0.23,5199.12,"1,299.78",Punjab,0
07/11/2022,Magnesium,Mineral,337,145,218,26.98,35.97,0.16,5215.65,"1,303.91",KP,0
07/11/2022,Ashwagandha,Herbal,354,148,222,27.52,36.69,0.08,5430.12,"1,357.53",Punjab,1
07/11/2022,Melatonin,Sleep Aid,478,158,237,9.62,12.83,0.04,2027.14,506.79,KP,0
07/11/2022,Biotin,Vitamin,257,142,213,8.19,10.92,0.19,1550.64,387.66,Sindh,1
07/11/2022,Green Tea Extract,Fat Burner,144,143,215,15.6,20.8,0.22,2974.40,743.6,KP,0
07/11/2022,Iron Supplement,Mineral,345,148,222,30.59,40.79,0.07,6036.92,"1,509.23",Sindh,1
07/11/2022,Electrolyte Powder,Hydration,117,168,252,44.93,59.91,0.00,10064.88,"2,516.22",KP,1
7/18/2022,Whey Protein,Protein,83,163,245,9.78,13.04,0.06,2125.52,531.38,Balochistan,1
7/18/2022,Vitamin C,Vitamin,311,159,239,16.41,21.88,0.13,3478.92,869.73,Sindh,1
7/18/2022,Fish Oil,Omega,80,162,243,44.33,59.11,0.18,9575.82,"2,393.96",Punjab,1
7/18/2022,Multivitamin,Vitamin,373,116,174,34.79,46.39,0.05,5381.24,"1,345.31",Sindh,1
7/18/2022,Pre-Workout,Performance,359,131,197,20.4,27.2,0.23,3563.20,890.8,Sindh,0
7/18/2022,BCAA,Amino Acid,136,151,227,30.89,41.19,0.10,6219.69,"1,554.92",KP,1
7/18/2022,Creatine,Performance,436,157,236,21.24,28.32,0.01,4446.24,"1,111.56",KP,0
7/18/2022,Zinc,Mineral,429,145,218,33.35,44.46,0.25,6446.70,"1,611.68",Sindh,0
7/18/2022,Collagen Peptides,Protein,383,136,204,28.71,38.28,0.16,5206.08,"1,301.52",Punjab,1
7/18/2022,Magnesium,Mineral,420,155,233,27.75,37,0.10,5735.00,"1,433.75",Punjab,1
7/18/2022,Ashwagandha,Herbal,415,153,230,43.25,57.66,0.17,8821.98,"2,205.50",Balochistan,0
7/18/2022,Melatonin,Sleep Aid,311,138,207,17.06,22.74,0.08,3138.12,784.53,KP,0
7/18/2022,Biotin,Vitamin,115,147,221,9.09,12.12,0.17,1781.64,445.41,Sindh,0
7/18/2022,Green Tea Extract,Fat Burner,165,148,222,38.54,51.38,0.11,7604.24,"1,901.06",Balochistan,0
7/18/2022,Iron Supplement,Mineral,154,147,221,14.14,18.85,0.14,2770.95,692.74,Balochistan,0
7/18/2022,Electrolyte Powder,Hydration,334,151,227,22.78,30.37,0.25,4585.87,"1,146.47",Balochistan,1
7/25/2022,Whey Protein,Protein,250,142,213,38.28,51.04,0.07,7247.68,"1,811.92",KP,1
7/25/2022,Vitamin C,Vitamin,175,142,213,44.03,58.7,0.09,8335.40,"2,083.85",KP,0
7/25/2022,Fish Oil,Omega,437,154,231,41.8,55.73,0.17,8582.42,"2,145.61",Balochistan,0
7/25/2022,Multivitamin,Vitamin,88,165,248,27.91,37.21,0.24,6139.65,"1,534.91",Punjab,1
7/25/2022,Pre-Workout,Performance,457,163,245,38.98,51.97,0.24,8471.11,"2,117.78",Punjab,1
7/25/2022,BCAA,Amino Acid,82,137,206,30.89,41.19,0.06,5643.03,"1,410.76",Sindh,1
7/25/2022,Creatine,Performance,170,157,236,14.72,19.63,0.09,3081.91,770.48,Sindh,1
7/25/2022,Zinc,Mineral,186,132,198,44.91,59.88,0.04,7904.16,"1,976.04",KP,1
7/25/2022,Collagen Peptides,Protein,86,144,216,15.18,20.24,0.08,2914.56,728.64,Balochistan,1
7/25/2022,Magnesium,Mineral,216,160,240,31.31,41.75,0.10,6680.00,"1,670.00",KP,1
7/25/2022,Ashwagandha,Herbal,412,188,282,15.86,21.15,0.13,3976.20,994.05,Punjab,1
7/25/2022,Melatonin,Sleep Aid,433,148,222,27.08,36.1,0.08,5342.80,"1,335.70",KP,1
7/25/2022,Biotin,Vitamin,254,181,272,32.06,42.74,0.01,7735.94,"1,933.99",KP,0
7/25/2022,Green Tea Extract,Fat Burner,77,152,228,8.34,11.12,0.04,1690.24,422.56,Punjab,0
7/25/2022,Iron Supplement,Mineral,398,157,236,32.56,43.41,0.05,6815.37,"1,703.84",Balochistan,1
7/25/2022,Electrolyte Powder,Hydration,166,147,221,44.81,59.75,0.23,8783.25,"2,195.81",Punjab,0
08/01/2022,Whey Protein,Protein,365,167,251,43.24,57.65,0.07,9627.55,"2,406.89",KP,1
08/01/2022,Vitamin C,Vitamin,117,130,195,34.76,46.34,0.24,6024.20,"1,506.05",Punjab,0
08/01/2022,Fish Oil,Omega,211,158,237,17.36,23.14,0.01,3656.12,914.03,Balochistan,0
08/01/2022,Multivitamin,Vitamin,356,145,218,9.84,13.12,0.04,1902.40,475.6,Sindh,0
08/01/2022,Pre-Workout,Performance,240,170,255,27.66,36.88,0.15,6269.60,"1,567.40",KP,1
08/01/2022,BCAA,Amino Acid,72,131,197,30.89,41.19,0.10,5395.89,"1,348.97",Sindh,0
08/01/2022,Creatine,Performance,486,152,228,27.46,36.61,0.11,5564.72,"1,391.18",KP,1
08/01/2022,Zinc,Mineral,257,164,246,35.03,46.71,0.19,7660.44,"1,915.11",Sindh,0
08/01/2022,Collagen Peptides,Protein,211,142,213,11,14.66,0.01,2081.72,520.43,Sindh,1
08/01/2022,Magnesium,Mineral,306,137,206,39.35,52.46,0.06,7187.02,"1,796.76",Sindh,0
08/01/2022,Ashwagandha,Herbal,442,164,246,10.22,13.63,0.14,2235.32,558.83,Balochistan,0
08/01/2022,Melatonin,Sleep Aid,245,150,225,14.48,19.3,0.00,2895.00,723.75,KP,1
08/01/2022,Biotin,Vitamin,200,152,228,26.42,35.23,0.23,5354.96,"1,338.74",Balochistan,1
08/01/2022,Green Tea Extract,Fat Burner,411,164,246,39.58,52.77,0.17,8654.28,"2,163.57",KP,0
08/01/2022,Iron Supplement,Mineral,263,138,207,8.71,11.61,0.12,1602.18,400.55,KP,0
08/01/2022,Electrolyte Powder,Hydration,479,156,234,21.02,28.02,0.11,4371.12,"1,092.78",Punjab,1
08/08/2022,Whey Protein,Protein,130,148,222,22.94,30.59,0.18,4527.32,"1,131.83",Sindh,1
08/08/2022,Vitamin C,Vitamin,195,141,212,23.72,31.62,0.21,4458.42,"1,114.61",KP,1
08/08/2022,Fish Oil,Omega,118,156,234,16.39,21.85,0.17,3408.60,852.15,Sindh,0
08/08/2022,Multivitamin,Vitamin,189,183,275,11.27,15.02,0.04,2748.66,687.17,KP,0
08/08/2022,Pre-Workout,Performance,151,158,237,20.1,26.8,0.04,4234.40,"1,058.60",Sindh,1
08/08/2022,BCAA,Amino Acid,118,149,224,30.89,41.19,0.08,6137.31,"1,534.33",Punjab,1
08/08/2022,Creatine,Performance,92,139,209,11.06,14.74,0.09,2048.86,512.22,Balochistan,0
08/08/2022,Zinc,Mineral,496,137,206,19.7,26.27,0.17,3598.99,899.75,Balochistan,0
08/08/2022,Collagen Peptides,Protein,285,153,230,8.3,11.07,0.18,1693.71,423.43,Sindh,0
08/08/2022,Magnesium,Mineral,118,165,248,19.76,26.34,0.04,4346.10,"1,086.53",Balochistan,1
08/08/2022,Ashwagandha,Herbal,163,158,237,27.74,36.98,0.17,5842.84,"1,460.71",KP,1
08/08/2022,Melatonin,Sleep Aid,376,165,248,9.92,13.23,0.16,2182.95,545.74,KP,0
08/08/2022,Biotin,Vitamin,311,152,228,40.46,53.95,0.10,8200.40,"2,050.10",Sindh,0
08/08/2022,Green Tea Extract,Fat Burner,159,140,210,11.78,15.71,0.14,2199.40,549.85,Sindh,1
08/08/2022,Iron Supplement,Mineral,141,144,216,43.92,58.56,0.18,8432.64,"2,108.16",Balochistan,1
08/08/2022,Electrolyte Powder,Hydration,187,131,197,15.5,20.67,0.13,2707.77,676.94,Balochistan,0
8/15/2022,Whey Protein,Protein,230,154,231,27.79,37.05,0.23,5705.70,"1,426.43",Punjab,0
8/15/2022,Vitamin C,Vitamin,144,150,225,24.74,32.98,0.05,4947.00,"1,236.75",KP,1
8/15/2022,Fish Oil,Omega,130,150,225,14.91,19.88,0.12,2982.00,745.5,Sindh,0
8/15/2022,Multivitamin,Vitamin,351,152,228,20.21,26.95,0.14,4096.40,"1,024.10",Balochistan,0
8/15/2022,Pre-Workout,Performance,468,156,234,26,34.67,0.07,5408.52,"1,352.13",Balochistan,1
8/15/2022,BCAA,Amino Acid,478,182,273,30.89,41.19,0.13,7496.58,"1,874.15",KP,1
8/15/2022,Creatine,Performance,304,147,221,39.62,52.82,0.08,7764.54,"1,941.14",Balochistan,1
8/15/2022,Zinc,Mineral,491,145,218,9.17,12.22,0.08,1771.90,442.98,KP,1
8/15/2022,Collagen Peptides,Protein,128,152,228,27.75,37,0.05,5624.00,"1,406.00",Balochistan,0
8/15/2022,Magnesium,Mineral,353,150,225,17.28,23.04,0.22,3456.00,864,Punjab,1
8/15/2022,Ashwagandha,Herbal,322,166,249,17.15,22.87,0.10,3796.42,949.11,Sindh,0
8/15/2022,Melatonin,Sleep Aid,137,145,218,30.8,41.06,0.04,5953.70,"1,488.43",Sindh,1
8/15/2022,Biotin,Vitamin,225,162,243,39.48,52.64,0.06,8527.68,"2,131.92",Punjab,1
8/15/2022,Green Tea Extract,Fat Burner,64,154,231,28.77,38.36,0.22,5907.44,"1,476.86",Sindh,1
8/15/2022,Iron Supplement,Mineral,353,155,233,10.64,14.19,0.04,2199.45,549.86,Punjab,0
8/15/2022,Electrolyte Powder,Hydration,167,148,222,19.07,25.43,0.15,3763.64,940.91,Sindh,1
8/22/2022,Whey Protein,Protein,207,154,231,9.89,13.19,0.08,2031.26,507.82,Balochistan,1
8/22/2022,Vitamin C,Vitamin,455,167,251,14.12,18.83,0.14,3144.61,786.15,KP,0
8/22/2022,Fish Oil,Omega,73,121,182,44.55,59.4,0.16,7187.40,"1,796.85",Punjab,1
8/22/2022,Multivitamin,Vitamin,182,149,224,20.43,27.24,0.16,4058.76,"1,014.69",Sindh,1
8/22/2022,Pre-Workout,Performance,383,137,206,12.06,16.08,0.05,2202.96,550.74,Punjab,1
8/22/2022,BCAA,Amino Acid,419,135,203,30.89,41.19,0.02,5560.65,"1,390.16",Sindh,1
8/22/2022,Creatine,Performance,289,167,251,42.5,56.67,0.06,9463.89,"2,365.97",Sindh,1
8/22/2022,Zinc,Mineral,408,157,236,37.39,49.85,0.09,7826.45,"1,956.61",Sindh,1
8/22/2022,Collagen Peptides,Protein,391,141,212,11.55,15.4,0.23,2171.40,542.85,Balochistan,0
8/22/2022,Magnesium,Mineral,479,151,227,43.5,58,0.08,8758.00,"2,189.50",Punjab,1
8/22/2022,Ashwagandha,Herbal,303,165,248,21.68,28.91,0.19,4770.15,"1,192.54",Sindh,1
8/22/2022,Melatonin,Sleep Aid,245,160,240,40.82,54.42,0.10,8707.20,"2,176.80",Balochistan,0
8/22/2022,Biotin,Vitamin,378,163,245,36.92,49.23,0.15,8024.49,"2,006.12",KP,0
8/22/2022,Green Tea Extract,Fat Burner,376,137,206,38.73,51.64,0.00,7074.68,"1,768.67",KP,1
8/22/2022,Iron Supplement,Mineral,163,145,218,32.17,42.89,0.15,6219.05,"1,554.76",KP,1
8/22/2022,Electrolyte Powder,Hydration,368,164,246,24.09,32.12,0.04,5267.68,"1,316.92",Punjab,0
8/29/2022,Whey Protein,Protein,387,141,212,25.17,33.56,0.01,4731.96,"1,182.99",Sindh,1
8/29/2022,Vitamin C,Vitamin,320,157,236,39.93,53.24,0.17,8358.68,"2,089.67",Balochistan,0
8/29/2022,Fish Oil,Omega,284,154,231,36.79,49.05,0.25,7553.70,"1,888.43",Punjab,1
8/29/2022,Multivitamin,Vitamin,197,157,236,23.91,31.88,0.21,5005.16,"1,251.29",Punjab,1
8/29/2022,Pre-Workout,Performance,91,141,212,34.21,45.61,0.09,6431.01,"1,607.75",Sindh,0
8/29/2022,BCAA,Amino Acid,94,131,197,30.89,41.19,0.06,5395.89,"1,348.97",Balochistan,1
8/29/2022,Creatine,Performance,210,136,204,12.04,16.05,0.23,2182.80,545.7,KP,1
8/29/2022,Zinc,Mineral,166,162,243,29.72,39.63,0.12,6420.06,"1,605.02",KP,0
8/29/2022,Collagen Peptides,Protein,206,159,239,9.24,12.32,0.14,1958.88,489.72,KP,0
8/29/2022,Magnesium,Mineral,71,172,258,17.62,23.49,0.10,4040.28,"1,010.07",Punjab,1
8/29/2022,Ashwagandha,Herbal,404,134,201,28.43,37.91,0.22,5079.94,"1,269.99",Punjab,0
8/29/2022,Melatonin,Sleep Aid,112,142,213,10.62,14.16,0.23,2010.72,502.68,KP,0
8/29/2022,Biotin,Vitamin,312,146,219,24.77,33.03,0.06,4822.38,"1,205.60",Sindh,0
8/29/2022,Green Tea Extract,Fat Burner,373,162,243,18.91,25.21,0.12,4084.02,"1,021.01",Sindh,0
8/29/2022,Iron Supplement,Mineral,277,139,209,29.35,39.13,0.14,5439.07,"1,359.77",Punjab,1
8/29/2022,Electrolyte Powder,Hydration,286,131,197,27.68,36.91,0.20,4835.21,"1,208.80",Punjab,1
09/05/2022,Whey Protein,Protein,148,162,243,14.59,19.45,0.19,3150.90,787.73,Balochistan,0
09/05/2022,Vitamin C,Vitamin,168,150,225,20.87,27.82,0.15,4173.00,"1,043.25",Punjab,0
09/05/2022,Fish Oil,Omega,388,147,221,16.01,21.34,0.11,3136.98,784.25,Balochistan,0
09/05/2022,Multivitamin,Vitamin,250,165,248,8.62,11.49,0.23,1895.85,473.96,Punjab,0
09/05/2022,Pre-Workout,Performance,62,151,227,19.3,25.73,0.12,3885.23,971.31,Balochistan,0
09/05/2022,BCAA,Amino Acid,440,156,234,30.89,41.19,0.05,6425.64,"1,606.41",Balochistan,1
09/05/2022,Creatine,Performance,384,142,213,42.91,57.21,0.04,8123.82,"2,030.96",Balochistan,1
09/05/2022,Zinc,Mineral,226,140,210,23.33,31.1,0.23,4354.00,"1,088.50",Balochistan,1
09/05/2022,Collagen Peptides,Protein,236,148,222,28.31,37.75,0.06,5587.00,"1,396.75",Balochistan,1
09/05/2022,Magnesium,Mineral,206,175,263,14.94,19.92,0.12,3486.00,871.5,KP,0
09/05/2022,Ashwagandha,Herbal,489,146,219,16.07,21.42,0.11,3127.32,781.83,Balochistan,0
09/05/2022,Melatonin,Sleep Aid,488,167,251,12.51,16.68,0.12,2785.56,696.39,Punjab,0
09/05/2022,Biotin,Vitamin,279,132,198,8.17,10.89,0.01,1437.48,359.37,KP,0
09/05/2022,Green Tea Extract,Fat Burner,231,142,213,30.08,40.11,0.11,5695.62,"1,423.91",Punjab,0
09/05/2022,Iron Supplement,Mineral,395,150,225,40.98,54.64,0.25,8196.00,"2,049.00",Sindh,1
09/05/2022,Electrolyte Powder,Hydration,242,133,200,32.29,43.05,0.17,5725.65,"1,431.41",KP,0
09/12/2022,Whey Protein,Protein,495,159,239,30.48,40.64,0.17,6461.76,"1,615.44",Balochistan,1
09/12/2022,Vitamin C,Vitamin,223,149,224,28.4,37.87,0.16,5642.63,"1,410.66",KP,1
09/12/2022,Fish Oil,Omega,240,158,237,26.99,35.99,0.17,5686.42,"1,421.61",Punjab,1
09/12/2022,Multivitamin,Vitamin,459,140,210,28.5,38,0.15,5320.00,"1,330.00",KP,1
09/12/2022,Pre-Workout,Performance,101,145,218,15.07,20.09,0.02,2913.05,728.26,Sindh,0
09/12/2022,BCAA,Amino Acid,469,140,210,30.89,41.19,0.12,5766.60,"1,441.65",Punjab,0
09/12/2022,Creatine,Performance,401,148,222,41.1,54.8,0.22,8110.40,"2,027.60",Punjab,1
09/12/2022,Zinc,Mineral,356,152,228,40.83,54.44,0.11,8274.88,"2,068.72",Balochistan,0
09/12/2022,Collagen Peptides,Protein,212,175,263,39.14,52.18,0.13,9131.50,"2,282.88",Sindh,1
09/12/2022,Magnesium,Mineral,207,137,206,44.39,59.19,0.07,8109.03,"2,027.26",Balochistan,1
09/12/2022,Ashwagandha,Herbal,337,150,225,36.11,48.15,0.04,7222.50,"1,805.63",Punjab,0
09/12/2022,Melatonin,Sleep Aid,356,130,195,18.44,24.59,0.06,3196.70,799.18,Balochistan,1
09/12/2022,Biotin,Vitamin,55,176,264,35.31,47.08,0.12,8286.08,"2,071.52",Sindh,0
09/12/2022,Green Tea Extract,Fat Burner,51,132,198,16.76,22.35,0.24,2950.20,737.55,Balochistan,1
09/12/2022,Iron Supplement,Mineral,171,147,221,36.95,49.27,0.03,7242.69,"1,810.67",KP,0
09/12/2022,Electrolyte Powder,Hydration,439,139,209,37.01,49.35,0.08,6859.65,"1,714.91",Punjab,1
9/19/2022,Whey Protein,Protein,418,149,224,15.81,21.08,0.05,3140.92,785.23,Sindh,1
9/19/2022,Vitamin C,Vitamin,411,162,243,15.45,20.6,0.09,3337.20,834.3,KP,1
9/19/2022,Fish Oil,Omega,124,158,237,41.61,55.48,0.21,8765.84,"2,191.46",Punjab,0
9/19/2022,Multivitamin,Vitamin,427,166,249,10.53,14.04,0.16,2330.64,582.66,Balochistan,0
9/19/2022,Pre-Workout,Performance,52,131,197,44.73,59.64,0.17,7812.84,"1,953.21",KP,0
9/19/2022,BCAA,Amino Acid,449,139,209,30.89,41.19,0.06,5725.41,"1,431.35",KP,0
9/19/2022,Creatine,Performance,383,138,207,19.81,26.41,0.21,3644.58,911.15,KP,0
9/19/2022,Zinc,Mineral,333,149,224,25.56,34.08,0.01,5077.92,"1,269.48",KP,0
9/19/2022,Collagen Peptides,Protein,143,161,242,10.75,14.33,0.15,2307.13,576.78,Balochistan,0
9/19/2022,Magnesium,Mineral,74,138,207,38.03,50.71,0.19,6997.98,"1,749.50",Punjab,1
9/19/2022,Ashwagandha,Herbal,289,147,221,37.15,49.53,0.17,7280.91,"1,820.23",Punjab,0
9/19/2022,Melatonin,Sleep Aid,246,142,213,15.85,21.13,0.18,3000.46,750.12,Balochistan,0
9/19/2022,Biotin,Vitamin,353,159,239,16.91,22.54,0.06,3583.86,895.97,KP,1
9/19/2022,Green Tea Extract,Fat Burner,414,160,240,39.46,52.61,0.24,8417.60,"2,104.40",KP,0
9/19/2022,Iron Supplement,Mineral,140,170,255,41.05,54.73,0.00,9304.10,"2,326.03",KP,0
9/19/2022,Electrolyte Powder,Hydration,256,149,224,12.27,16.36,0.10,2437.64,609.41,Balochistan,0
9/26/2022,Whey Protein,Protein,183,142,213,37.72,50.29,0.00,7141.18,"1,785.30",Sindh,0
9/26/2022,Vitamin C,Vitamin,481,137,206,17.03,22.71,0.06,3111.27,777.82,KP,1
9/26/2022,Fish Oil,Omega,268,155,233,14.09,18.78,0.06,2910.90,727.73,Balochistan,1
9/26/2022,Multivitamin,Vitamin,126,146,219,16.56,22.08,0.12,3223.68,805.92,Punjab,1
9/26/2022,Pre-Workout,Performance,273,146,219,33.29,44.38,0.25,6479.48,"1,619.87",KP,1
9/26/2022,BCAA,Amino Acid,282,154,231,30.89,41.19,0.12,6343.26,"1,585.82",Punjab,1
9/26/2022,Creatine,Performance,77,134,201,17.96,23.95,0.04,3209.30,802.33,Punjab,1
9/26/2022,Zinc,Mineral,251,134,201,24.61,32.81,0.13,4396.54,"1,099.14",Balochistan,1
9/26/2022,Collagen Peptides,Protein,319,135,203,44.44,59.25,0.02,7998.75,"1,999.69",Sindh,0
9/26/2022,Magnesium,Mineral,238,166,249,40.34,53.79,0.13,8929.14,"2,232.29",Sindh,0
9/26/2022,Ashwagandha,Herbal,450,143,215,18.97,25.29,0.22,3616.47,904.12,Balochistan,1
9/26/2022,Melatonin,Sleep Aid,190,156,234,17.15,22.86,0.15,3566.16,891.54,Sindh,0
9/26/2022,Biotin,Vitamin,68,161,242,31.62,42.16,0.22,6787.76,"1,696.94",Balochistan,1
9/26/2022,Green Tea Extract,Fat Burner,182,127,191,20.48,27.3,0.17,3467.10,866.78,Sindh,0
9/26/2022,Iron Supplement,Mineral,98,149,224,32.05,42.73,0.03,6366.77,"1,591.69",Sindh,1
9/26/2022,Electrolyte Powder,Hydration,481,171,257,8,10.67,0.05,1824.57,456.14,Balochistan,1
10/03/2022,Whey Protein,Protein,443,160,240,18.46,24.61,0.23,3937.60,984.4,KP,0
10/03/2022,Vitamin C,Vitamin,414,157,236,12.11,16.14,0.24,2533.98,633.5,KP,1
10/03/2022,Fish Oil,Omega,442,141,212,30.7,40.93,0.21,5771.13,"1,442.78",KP,0
10/03/2022,Multivitamin,Vitamin,134,146,219,8.86,11.81,0.21,1724.26,431.07,Punjab,0
10/03/2022,Pre-Workout,Performance,128,164,246,29.26,39.01,0.22,6397.64,"1,599.41",Balochistan,0
10/03/2022,BCAA,Amino Acid,296,159,239,30.89,41.19,0.23,6549.21,"1,637.30",Balochistan,0
10/03/2022,Creatine,Performance,360,137,206,16.74,22.32,0.04,3057.84,764.46,KP,1
10/03/2022,Zinc,Mineral,292,137,206,8.85,11.8,0.21,1616.60,404.15,Balochistan,0
10/03/2022,Collagen Peptides,Protein,431,145,218,10.13,13.51,0.25,1958.95,489.74,Sindh,0
10/03/2022,Magnesium,Mineral,161,137,206,36.13,48.17,0.11,6599.29,"1,649.82",Sindh,0
10/03/2022,Ashwagandha,Herbal,111,135,203,11,14.67,0.05,1980.45,495.11,Sindh,1
10/03/2022,Melatonin,Sleep Aid,119,171,257,23.53,31.37,0.13,5364.27,"1,341.07",Sindh,0
10/03/2022,Biotin,Vitamin,425,129,194,31.75,42.33,0.09,5460.57,"1,365.14",Balochistan,1
10/03/2022,Green Tea Extract,Fat Burner,280,153,230,8.81,11.75,0.19,1797.75,449.44,Punjab,0
10/03/2022,Iron Supplement,Mineral,357,160,240,15.16,20.21,0.14,3233.60,808.4,KP,1
10/03/2022,Electrolyte Powder,Hydration,446,168,252,14.82,19.76,0.15,3319.68,829.92,Sindh,0
10/10/2022,Whey Protein,Protein,276,133,200,17.2,22.93,0.07,3049.69,762.42,Punjab,0
10/10/2022,Vitamin C,Vitamin,249,146,219,18.14,24.19,0.03,3531.74,882.94,Sindh,0
10/10/2022,Fish Oil,Omega,422,128,192,14.6,19.47,0.09,2492.16,623.04,Sindh,0
10/10/2022,Multivitamin,Vitamin,422,147,221,26.18,34.9,0.10,5130.30,"1,282.58",Sindh,1
10/10/2022,Pre-Workout,Performance,177,128,192,31.95,42.6,0.12,5452.80,"1,363.20",Punjab,1
10/10/2022,BCAA,Amino Acid,334,171,257,30.89,41.19,0.13,7043.49,"1,760.87",Punjab,0
10/10/2022,Creatine,Performance,318,141,212,17.45,23.27,0.05,3281.07,820.27,Balochistan,0
10/10/2022,Zinc,Mineral,408,135,203,17.85,23.8,0.09,3213.00,803.25,Sindh,0
10/10/2022,Collagen Peptides,Protein,93,153,230,32.15,42.87,0.00,6559.11,"1,639.78",Punjab,0
10/10/2022,Magnesium,Mineral,414,131,197,38.06,50.74,0.22,6646.94,"1,661.74",Balochistan,1
10/10/2022,Ashwagandha,Herbal,401,153,230,18.33,24.44,0.10,3739.32,934.83,Sindh,1
10/10/2022,Melatonin,Sleep Aid,340,134,201,13.23,17.64,0.16,2363.76,590.94,Punjab,0
10/10/2022,Biotin,Vitamin,342,138,207,10.42,13.89,0.05,1916.82,479.21,KP,0
10/10/2022,Green Tea Extract,Fat Burner,374,146,219,29.57,39.43,0.06,5756.78,"1,439.20",Sindh,1
10/10/2022,Iron Supplement,Mineral,66,150,225,22.73,30.3,0.25,4545.00,"1,136.25",Balochistan,0
10/10/2022,Electrolyte Powder,Hydration,422,149,224,40.51,54.01,0.24,8047.49,"2,011.87",KP,0
10/17/2022,Whey Protein,Protein,271,162,243,27.96,37.28,0.04,6039.36,"1,509.84",KP,0
10/17/2022,Vitamin C,Vitamin,458,173,260,31.22,41.62,0.15,7200.26,"1,800.07",KP,1
10/17/2022,Fish Oil,Omega,115,144,216,14.52,19.36,0.20,2787.84,696.96,Balochistan,0
10/17/2022,Multivitamin,Vitamin,358,139,209,24.56,32.75,0.19,4552.25,"1,138.06",Punjab,1
10/17/2022,Pre-Workout,Performance,367,180,270,23.26,31.01,0.24,5581.80,"1,395.45",Punjab,1
10/17/2022,BCAA,Amino Acid,257,158,237,30.89,41.19,0.17,6508.02,"1,627.01",Punjab,1
10/17/2022,Creatine,Performance,438,157,236,18.39,24.52,0.08,3849.64,962.41,Sindh,1
10/17/2022,Zinc,Mineral,90,142,213,16.85,22.47,0.20,3190.74,797.69,Balochistan,0
10/17/2022,Collagen Peptides,Protein,447,163,245,14.51,19.35,0.14,3154.05,788.51,Balochistan,0
10/17/2022,Magnesium,Mineral,398,143,215,9.88,13.17,0.25,1883.31,470.83,KP,0
10/17/2022,Ashwagandha,Herbal,459,156,234,31.73,42.3,0.09,6598.80,"1,649.70",Sindh,1
10/17/2022,Melatonin,Sleep Aid,125,158,237,11.78,15.7,0.16,2480.60,620.15,Sindh,1
10/17/2022,Biotin,Vitamin,118,148,222,33.93,45.24,0.08,6695.52,"1,673.88",Balochistan,1
10/17/2022,Green Tea Extract,Fat Burner,387,125,188,28.79,38.39,0.09,4798.75,"1,199.69",KP,1
10/17/2022,Iron Supplement,Mineral,303,151,227,26.68,35.57,0.16,5371.07,"1,342.77",Sindh,1
10/17/2022,Electrolyte Powder,Hydration,184,142,213,13.37,17.83,0.16,2531.86,632.97,KP,1
10/24/2022,Whey Protein,Protein,353,147,221,35.87,47.83,0.21,7031.01,"1,757.75",Balochistan,1
10/24/2022,Vitamin C,Vitamin,443,154,231,8.08,10.77,0.03,1658.58,414.65,Sindh,0
10/24/2022,Fish Oil,Omega,169,158,237,26.12,34.82,0.12,5501.56,"1,375.39",KP,1
10/24/2022,Multivitamin,Vitamin,371,166,249,20.72,27.62,0.19,4584.92,"1,146.23",Balochistan,0
10/24/2022,Pre-Workout,Performance,470,156,234,42.46,56.61,0.22,8831.16,"2,207.79",Balochistan,1
10/24/2022,BCAA,Amino Acid,319,153,230,30.89,41.19,0.02,6302.07,"1,575.52",KP,1
10/24/2022,Creatine,Performance,132,166,249,28.57,38.09,0.11,6322.94,"1,580.74",Sindh,0
10/24/2022,Zinc,Mineral,468,154,231,9.8,13.06,0.12,2011.24,502.81,Sindh,1
10/24/2022,Collagen Peptides,Protein,116,131,197,13.26,17.68,0.19,2316.08,579.02,KP,1
10/24/2022,Magnesium,Mineral,164,152,228,40.82,54.42,0.19,8271.84,"2,067.96",Balochistan,1
10/24/2022,Ashwagandha,Herbal,249,162,243,24.68,32.9,0.22,5329.80,"1,332.45",Punjab,0
10/24/2022,Melatonin,Sleep Aid,59,181,272,40.25,53.67,0.10,9714.27,"2,428.57",Punjab,0
10/24/2022,Biotin,Vitamin,136,129,194,16.87,22.49,0.12,2901.21,725.3,Punjab,0
10/24/2022,Green Tea Extract,Fat Burner,215,151,227,27.73,36.97,0.13,5582.47,"1,395.62",KP,0
10/24/2022,Iron Supplement,Mineral,78,131,197,15.19,20.25,0.22,2652.75,663.19,Punjab,0
10/24/2022,Electrolyte Powder,Hydration,295,141,212,14.08,18.77,0.20,2646.57,661.64,Balochistan,1
10/31/2022,Whey Protein,Protein,109,165,248,35.95,47.93,0.02,7908.45,"1,977.11",KP,0
10/31/2022,Vitamin C,Vitamin,468,160,240,44.84,59.78,0.02,9564.80,"2,391.20",Punjab,0
10/31/2022,Fish Oil,Omega,488,149,224,38.15,50.86,0.23,7578.14,"1,894.54",Balochistan,0
10/31/2022,Multivitamin,Vitamin,238,177,266,10.58,14.1,0.11,2495.70,623.93,Punjab,1
10/31/2022,Pre-Workout,Performance,246,149,224,34.86,46.48,0.05,6925.52,"1,731.38",Balochistan,1
10/31/2022,BCAA,Amino Acid,217,143,215,30.89,41.19,0.04,5890.17,"1,472.54",KP,1
10/31/2022,Creatine,Performance,172,138,207,14.51,19.35,0.12,2670.30,667.58,Balochistan,1
10/31/2022,Zinc,Mineral,381,152,228,31.37,41.83,0.17,6358.16,"1,589.54",KP,0
10/31/2022,Collagen Peptides,Protein,163,148,222,10.12,13.49,0.21,1996.52,499.13,KP,0
10/31/2022,Magnesium,Mineral,386,140,210,7.97,10.63,0.05,1488.20,372.05,Punjab,1
10/31/2022,Ashwagandha,Herbal,244,161,242,38.01,50.68,0.00,8159.48,"2,039.87",KP,0
10/31/2022,Melatonin,Sleep Aid,278,157,236,31.87,42.49,0.02,6670.93,"1,667.73",Balochistan,0
10/31/2022,Biotin,Vitamin,465,149,224,12.97,17.29,0.05,2576.21,644.05,Balochistan,0
10/31/2022,Green Tea Extract,Fat Burner,366,140,210,22.32,29.76,0.16,4166.40,"1,041.60",Balochistan,1
10/31/2022,Iron Supplement,Mineral,186,161,242,12.25,16.33,0.01,2629.13,657.28,Sindh,0
10/31/2022,Electrolyte Powder,Hydration,286,129,194,8.33,11.11,0.16,1433.19,358.3,Sindh,0
11/07/2022,Whey Protein,Protein,237,147,221,18.63,24.84,0.04,3651.48,912.87,Sindh,1
11/07/2022,Vitamin C,Vitamin,375,134,201,16.52,22.03,0.08,2952.02,738.01,Sindh,0
11/07/2022,Fish Oil,Omega,52,145,218,19.67,26.23,0.05,3803.35,950.84,Sindh,1
11/07/2022,Multivitamin,Vitamin,416,121,182,23.39,31.18,0.05,3772.78,943.2,KP,0
11/07/2022,Pre-Workout,Performance,260,134,201,17.69,23.58,0.09,3159.72,789.93,Sindh,1
11/07/2022,BCAA,Amino Acid,339,147,221,30.89,41.19,0.22,6054.93,"1,513.73",Balochistan,0
11/07/2022,Creatine,Performance,413,156,234,10.34,13.78,0.12,2149.68,537.42,KP,0
11/07/2022,Zinc,Mineral,179,158,237,27.12,36.16,0.23,5713.28,"1,428.32",Balochistan,0
11/07/2022,Collagen Peptides,Protein,54,164,246,18.92,25.23,0.01,4137.72,"1,034.43",Sindh,0
11/07/2022,Magnesium,Mineral,77,153,230,13.1,17.46,0.21,2671.38,667.85,Sindh,1
11/07/2022,Ashwagandha,Herbal,285,162,243,21.23,28.3,0.08,4584.60,"1,146.15",Punjab,1
11/07/2022,Melatonin,Sleep Aid,447,164,246,31.16,41.54,0.13,6812.56,"1,703.14",Sindh,1
11/07/2022,Biotin,Vitamin,190,172,258,36.5,48.67,0.01,8371.24,"2,092.81",KP,1
11/07/2022,Green Tea Extract,Fat Burner,196,147,221,37.1,49.46,0.13,7270.62,"1,817.66",Balochistan,0
11/07/2022,Iron Supplement,Mineral,480,162,243,28.3,37.73,0.20,6112.26,"1,528.07",KP,1
11/07/2022,Electrolyte Powder,Hydration,106,139,209,31.06,41.41,0.18,5755.99,"1,439.00",Punjab,0
11/14/2022,Whey Protein,Protein,451,187,281,43.16,57.55,0.13,10761.85,"2,690.46",Balochistan,0
11/14/2022,Vitamin C,Vitamin,217,131,197,36.35,48.47,0.18,6349.57,"1,587.39",Balochistan,1
11/14/2022,Fish Oil,Omega,336,152,228,44.84,59.79,0.22,9088.08,"2,272.02",Sindh,1
11/14/2022,Multivitamin,Vitamin,443,145,218,24.08,32.11,0.16,4655.95,"1,163.99",Sindh,0
11/14/2022,Pre-Workout,Performance,75,143,215,12.96,17.28,0.21,2471.04,617.76,Sindh,1
11/14/2022,BCAA,Amino Acid,471,146,219,30.89,41.19,0.14,6013.74,"1,503.44",KP,1
11/14/2022,Creatine,Performance,337,167,251,25.25,33.66,0.24,5621.22,"1,405.31",Balochistan,0
11/14/2022,Zinc,Mineral,359,145,218,11.79,15.72,0.19,2279.40,569.85,Balochistan,0
11/14/2022,Collagen Peptides,Protein,116,140,210,44.45,59.27,0.09,8297.80,"2,074.45",Sindh,1
11/14/2022,Magnesium,Mineral,225,169,254,15.56,20.74,0.22,3505.06,876.27,Balochistan,1
11/14/2022,Ashwagandha,Herbal,129,130,195,22.15,29.53,0.13,3838.90,959.73,KP,1
11/14/2022,Melatonin,Sleep Aid,452,139,209,28.57,38.09,0.00,5294.51,"1,323.63",Punjab,0
11/14/2022,Biotin,Vitamin,255,128,192,9,12,0.21,1536.00,384,Balochistan,1
11/14/2022,Green Tea Extract,Fat Burner,60,144,216,35.48,47.31,0.05,6812.64,"1,703.16",Balochistan,1
11/14/2022,Iron Supplement,Mineral,163,158,237,36.23,48.3,0.11,7631.40,"1,907.85",Balochistan,0
11/14/2022,Electrolyte Powder,Hydration,280,148,222,41.33,55.11,0.01,8156.28,"2,039.07",Balochistan,1
11/21/2022,Whey Protein,Protein,366,167,251,42.47,56.62,0.16,9455.54,"2,363.89",Sindh,1
11/21/2022,Vitamin C,Vitamin,397,160,240,16.17,21.56,0.10,3449.60,862.4,KP,1
11/21/2022,Fish Oil,Omega,114,150,225,43.36,57.81,0.11,8671.50,"2,167.88",Balochistan,1
11/21/2022,Multivitamin,Vitamin,72,175,263,15.32,20.43,0.12,3575.25,893.81,KP,0
11/21/2022,Pre-Workout,Performance,115,146,219,38.49,51.32,0.11,7492.72,"1,873.18",Sindh,1
11/21/2022,BCAA,Amino Acid,164,150,225,30.89,41.19,0.15,6178.50,"1,544.63",Sindh,1
11/21/2022,Creatine,Performance,349,166,249,19.84,26.45,0.15,4390.70,"1,097.68",Sindh,0
11/21/2022,Zinc,Mineral,419,142,213,20.76,27.68,0.13,3930.56,982.64,Balochistan,0
11/21/2022,Collagen Peptides,Protein,170,152,228,19.04,25.39,0.03,3859.28,964.82,KP,1
11/21/2022,Magnesium,Mineral,441,165,248,22.76,30.35,0.12,5007.75,"1,251.94",Balochistan,0
11/21/2022,Ashwagandha,Herbal,278,156,234,34.55,46.07,0.02,7186.92,"1,796.73",Balochistan,1
11/21/2022,Melatonin,Sleep Aid,221,163,245,13.09,17.45,0.25,2844.35,711.09,Sindh,1
11/21/2022,Biotin,Vitamin,460,160,240,14.39,19.19,0.24,3070.40,767.6,Punjab,1
11/21/2022,Green Tea Extract,Fat Burner,251,165,248,20.07,26.76,0.25,4415.40,"1,103.85",KP,1
11/21/2022,Iron Supplement,Mineral,376,135,203,25.58,34.1,0.01,4603.50,"1,150.88",Punjab,0
11/21/2022,Electrolyte Powder,Hydration,139,147,221,20.81,27.75,0.25,4079.25,"1,019.81",Balochistan,1
11/28/2022,Whey Protein,Protein,383,153,230,35.02,46.69,0.25,7143.57,"1,785.89",Balochistan,0
11/28/2022,Vitamin C,Vitamin,206,152,228,38.81,51.75,0.23,7866.00,"1,966.50",Sindh,0
11/28/2022,Fish Oil,Omega,460,136,204,10.84,14.45,0.07,1965.20,491.3,Punjab,1
11/28/2022,Multivitamin,Vitamin,378,165,248,31.16,41.55,0.13,6855.75,"1,713.94",Sindh,1
11/28/2022,Pre-Workout,Performance,236,146,219,32.9,43.86,0.17,6403.56,"1,600.89",Punjab,0
11/28/2022,BCAA,Amino Acid,268,167,251,30.89,41.19,0.19,6878.73,"1,719.68",Punjab,0
11/28/2022,Creatine,Performance,186,168,252,21.35,28.47,0.22,4782.96,"1,195.74",Sindh,1
11/28/2022,Zinc,Mineral,406,150,225,17.87,23.83,0.16,3574.50,893.63,Balochistan,1
11/28/2022,Collagen Peptides,Protein,113,167,251,14.66,19.54,0.17,3263.18,815.8,Sindh,1
11/28/2022,Magnesium,Mineral,432,137,206,22.84,30.45,0.17,4171.65,"1,042.91",Balochistan,0
11/28/2022,Ashwagandha,Herbal,184,151,227,35.93,47.9,0.15,7232.90,"1,808.23",Balochistan,1
11/28/2022,Melatonin,Sleep Aid,423,144,216,30.56,40.75,0.21,5868.00,"1,467.00",KP,0
11/28/2022,Biotin,Vitamin,138,139,209,21.42,28.56,0.17,3969.84,992.46,KP,0
11/28/2022,Green Tea Extract,Fat Burner,164,164,246,33.17,44.23,0.05,7253.72,"1,813.43",Balochistan,1
11/28/2022,Iron Supplement,Mineral,393,164,246,19.88,26.51,0.13,4347.64,"1,086.91",Balochistan,1
11/28/2022,Electrolyte Powder,Hydration,256,151,227,28.24,37.65,0.16,5685.15,"1,421.29",Sindh,0
12/05/2022,Whey Protein,Protein,349,150,225,11.57,15.43,0.20,2314.50,578.63,Punjab,0
12/05/2022,Vitamin C,Vitamin,367,117,176,36.19,48.25,0.10,5645.25,"1,411.31",Punjab,0
12/05/2022,Fish Oil,Omega,196,151,227,34.38,45.84,0.03,6921.84,"1,730.46",KP,1
12/05/2022,Multivitamin,Vitamin,244,136,204,36.05,48.06,0.24,6536.16,"1,634.04",Sindh,1
12/05/2022,Pre-Workout,Performance,279,163,245,37.77,50.36,0.16,8208.68,"2,052.17",Punjab,0
12/05/2022,BCAA,Amino Acid,302,143,215,30.89,41.19,0.05,5890.17,"1,472.54",Balochistan,0
12/05/2022,Creatine,Performance,398,151,227,41.78,55.71,0.13,8412.21,"2,103.05",KP,1
12/05/2022,Zinc,Mineral,448,149,224,9.6,12.8,0.10,1907.20,476.8,Sindh,1
12/05/2022,Collagen Peptides,Protein,385,152,228,27.51,36.68,0.03,5575.36,"1,393.84",KP,0
12/05/2022,Magnesium,Mineral,489,168,252,20.38,27.17,0.15,4564.56,"1,141.14",Balochistan,1
12/05/2022,Ashwagandha,Herbal,89,145,218,41.84,55.78,0.21,8088.10,"2,022.03",KP,1
12/05/2022,Melatonin,Sleep Aid,288,151,227,42.47,56.62,0.24,8549.62,"2,137.41",Balochistan,1
12/05/2022,Biotin,Vitamin,459,136,204,27.8,37.07,0.00,5041.52,"1,260.38",Punjab,1
12/05/2022,Green Tea Extract,Fat Burner,80,167,251,20.9,27.86,0.22,4652.62,"1,163.16",Sindh,0
12/05/2022,Iron Supplement,Mineral,409,162,243,11.75,15.67,0.11,2538.54,634.64,Punjab,0
12/05/2022,Electrolyte Powder,Hydration,139,152,228,44.68,59.57,0.06,9054.64,"2,263.66",Punjab,1
12/12/2022,Whey Protein,Protein,465,151,227,23.99,31.99,0.19,4830.49,"1,207.62",Balochistan,0
12/12/2022,Vitamin C,Vitamin,290,154,231,8.44,11.25,0.14,1732.50,433.13,Balochistan,0
12/12/2022,Fish Oil,Omega,348,172,258,24.71,32.94,0.25,5665.68,"1,416.42",KP,1
12/12/2022,Multivitamin,Vitamin,147,166,249,26.78,35.71,0.21,5927.86,"1,481.97",KP,1
12/12/2022,Pre-Workout,Performance,52,141,212,25.49,33.99,0.21,4792.59,"1,198.15",KP,0
12/12/2022,BCAA,Amino Acid,407,153,230,30.89,41.19,0.18,6302.07,"1,575.52",Punjab,1
12/12/2022,Creatine,Performance,500,130,195,24.59,32.78,0.09,4261.40,"1,065.35",Balochistan,0
12/12/2022,Zinc,Mineral,95,156,234,38.89,51.85,0.07,8088.60,"2,022.15",Balochistan,0
12/12/2022,Collagen Peptides,Protein,171,147,221,43.7,58.27,0.20,8565.69,"2,141.42",Balochistan,1
12/12/2022,Magnesium,Mineral,88,135,203,28.42,37.89,0.07,5115.15,"1,278.79",Balochistan,0
12/12/2022,Ashwagandha,Herbal,355,141,212,26.3,35.06,0.06,4943.46,"1,235.87",Sindh,0
12/12/2022,Melatonin,Sleep Aid,265,148,222,21.11,28.14,0.00,4164.72,"1,041.18",KP,1
12/12/2022,Biotin,Vitamin,89,144,216,19.05,25.4,0.07,3657.60,914.4,Sindh,1
12/12/2022,Green Tea Extract,Fat Burner,289,134,201,33.47,44.62,0.16,5979.08,"1,494.77",KP,1
12/12/2022,Iron Supplement,Mineral,160,148,222,37.89,50.52,0.11,7476.96,"1,869.24",Punjab,0
12/12/2022,Electrolyte Powder,Hydration,98,148,222,36.01,48.01,0.04,7105.48,"1,776.37",Punjab,0
12/19/2022,Whey Protein,Protein,107,139,209,16.14,21.52,0.14,2991.28,747.82,KP,0
12/19/2022,Vitamin C,Vitamin,269,161,242,44.58,59.44,0.15,9569.84,"2,392.46",Punjab,0
12/19/2022,Fish Oil,Omega,359,164,246,35.6,47.46,0.05,7783.44,"1,945.86",KP,0
12/19/2022,Multivitamin,Vitamin,91,165,248,33.13,44.17,0.15,7288.05,"1,822.01",KP,0
12/19/2022,Pre-Workout,Performance,383,142,213,12.12,16.16,0.17,2294.72,573.68,Balochistan,1
12/19/2022,BCAA,Amino Acid,90,147,221,30.89,41.19,0.05,6054.93,"1,513.73",Balochistan,0
12/19/2022,Creatine,Performance,370,146,219,36.53,48.71,0.15,7111.66,"1,777.92",Sindh,1
12/19/2022,Zinc,Mineral,427,173,260,8.78,11.71,0.20,2025.83,506.46,Punjab,0
12/19/2022,Collagen Peptides,Protein,280,153,230,23.24,30.99,0.22,4741.47,"1,185.37",Balochistan,0
12/19/2022,Magnesium,Mineral,124,171,257,25.04,33.39,0.02,5709.69,"1,427.42",Punjab,1
12/19/2022,Ashwagandha,Herbal,484,128,192,27.65,36.87,0.04,4719.36,"1,179.84",Sindh,1
12/19/2022,Melatonin,Sleep Aid,285,147,221,13.52,18.03,0.02,2650.41,662.6,KP,1
12/19/2022,Biotin,Vitamin,380,158,237,24.47,32.63,0.13,5155.54,"1,288.89",Balochistan,0
12/19/2022,Green Tea Extract,Fat Burner,368,127,191,27.89,37.19,0.18,4723.13,"1,180.78",Sindh,0
12/19/2022,Iron Supplement,Mineral,238,146,219,36.78,49.04,0.09,7159.84,"1,789.96",KP,0
12/19/2022,Electrolyte Powder,Hydration,205,150,225,41.52,55.36,0.23,8304.00,"2,076.00",Sindh,1
12/26/2022,Whey Protein,Protein,380,150,225,42.59,56.79,0.11,8518.50,"2,129.63",Sindh,0
12/26/2022,Vitamin C,Vitamin,426,148,222,26.35,35.13,0.14,5199.24,"1,299.81",Sindh,1
12/26/2022,Fish Oil,Omega,353,160,240,21.26,28.34,0.19,4534.40,"1,133.60",Balochistan,1
12/26/2022,Multivitamin,Vitamin,182,138,207,20.44,27.25,0.03,3760.50,940.13,KP,0
12/26/2022,Pre-Workout,Performance,154,122,183,24.45,32.6,0.08,3977.20,994.3,Punjab,0
12/26/2022,BCAA,Amino Acid,94,135,203,30.89,41.19,0.15,5560.65,"1,390.16",KP,1
12/26/2022,Creatine,Performance,453,167,251,30.32,40.42,0.10,6750.14,"1,687.54",Sindh,1
12/26/2022,Zinc,Mineral,464,160,240,11.39,15.19,0.10,2430.40,607.6,Balochistan,0
12/26/2022,Collagen Peptides,Protein,139,148,222,22.93,30.57,0.15,4524.36,"1,131.09",KP,0
12/26/2022,Magnesium,Mineral,269,150,225,13.61,18.14,0.01,2721.00,680.25,Sindh,0
12/26/2022,Ashwagandha,Herbal,347,151,227,33.58,44.77,0.19,6760.27,"1,690.07",Sindh,0
12/26/2022,Melatonin,Sleep Aid,226,145,218,24.48,32.64,0.20,4732.80,"1,183.20",Sindh,0
12/26/2022,Biotin,Vitamin,368,156,234,42.72,56.96,0.14,8885.76,"2,221.44",Sindh,0
12/26/2022,Green Tea Extract,Fat Burner,357,146,219,31.91,42.54,0.04,6210.84,"1,552.71",Punjab,0
12/26/2022,Iron Supplement,Mineral,375,157,236,26.24,34.98,0.19,5491.86,"1,372.97",Punjab,1
12/26/2022,Electrolyte Powder,Hydration,301,129,194,15.73,20.97,0.06,2705.13,676.28,Sindh,1
01/02/2023,Whey Protein,Protein,206,150,225,10.04,13.38,0.04,2007.00,501.75,Balochistan,0
01/02/2023,Vitamin C,Vitamin,249,149,224,39.33,52.44,0.13,7813.56,"1,953.39",Sindh,0
01/02/2023,Fish Oil,Omega,80,138,207,17.72,23.62,0.21,3259.56,814.89,Punjab,1
01/02/2023,Multivitamin,Vitamin,447,160,240,40.55,54.06,0.08,8649.60,"2,162.40",Sindh,1
01/02/2023,Pre-Workout,Performance,243,149,224,31.7,42.27,0.24,6298.23,"1,574.56",KP,1
01/02/2023,BCAA,Amino Acid,376,171,257,30.89,41.19,0.10,7043.49,"1,760.87",Balochistan,0
01/02/2023,Creatine,Performance,456,166,249,27.55,36.73,0.01,6097.18,"1,524.30",Punjab,0
01/02/2023,Zinc,Mineral,397,155,233,29.35,39.13,0.04,6065.15,"1,516.29",Punjab,0
01/02/2023,Collagen Peptides,Protein,126,145,218,40.14,53.52,0.19,7760.40,"1,940.10",KP,1
01/02/2023,Magnesium,Mineral,456,168,252,35.39,47.19,0.04,7927.92,"1,981.98",Sindh,1
01/02/2023,Ashwagandha,Herbal,219,140,210,8.13,10.84,0.04,1517.60,379.4,KP,1
01/02/2023,Melatonin,Sleep Aid,105,140,210,33.45,44.6,0.01,6244.00,"1,561.00",Sindh,1
01/02/2023,Biotin,Vitamin,265,173,260,30.54,40.72,0.01,7044.56,"1,761.14",Sindh,0
01/02/2023,Green Tea Extract,Fat Burner,290,151,227,20.34,27.12,0.02,4095.12,"1,023.78",KP,1
01/02/2023,Iron Supplement,Mineral,366,156,234,21.89,29.19,0.03,4553.64,"1,138.41",Balochistan,1
01/02/2023,Electrolyte Powder,Hydration,105,131,197,12.57,16.76,0.15,2195.56,548.89,Sindh,1
01/09/2023,Whey Protein,Protein,119,139,209,24.64,32.85,0.10,4566.15,"1,141.54",Sindh,0
01/09/2023,Vitamin C,Vitamin,62,150,225,28.46,37.95,0.17,5692.50,"1,423.13",Sindh,0
01/09/2023,Fish Oil,Omega,320,149,224,14.49,19.32,0.14,2878.68,719.67,KP,1
01/09/2023,Multivitamin,Vitamin,428,167,251,23.22,30.96,0.15,5170.32,"1,292.58",Punjab,1
01/09/2023,Pre-Workout,Performance,457,160,240,41.38,55.17,0.00,8827.20,"2,206.80",Sindh,1
01/09/2023,BCAA,Amino Acid,285,163,245,30.89,41.19,0.01,6713.97,"1,678.49",Punjab,1
01/09/2023,Creatine,Performance,352,152,228,26.76,35.68,0.15,5423.36,"1,355.84",Sindh,0
01/09/2023,Zinc,Mineral,231,141,212,25.07,33.42,0.21,4712.22,"1,178.06",Punjab,1
01/09/2023,Collagen Peptides,Protein,259,170,255,36.41,48.54,0.03,8251.80,"2,062.95",KP,0
01/09/2023,Magnesium,Mineral,99,141,212,38.23,50.97,0.18,7186.77,"1,796.69",Sindh,0
01/09/2023,Ashwagandha,Herbal,267,158,237,33.71,44.95,0.25,7102.10,"1,775.53",Sindh,1
01/09/2023,Melatonin,Sleep Aid,219,133,200,39.41,52.54,0.24,6987.82,"1,746.96",KP,1
01/09/2023,Biotin,Vitamin,90,150,225,16.78,22.37,0.15,3355.50,838.88,Sindh,0
01/09/2023,Green Tea Extract,Fat Burner,279,144,216,27.35,36.46,0.11,5250.24,"1,312.56",Balochistan,0
01/09/2023,Iron Supplement,Mineral,54,143,215,9.28,12.37,0.05,1768.91,442.23,KP,1
01/09/2023,Electrolyte Powder,Hydration,479,161,242,11.57,15.43,0.19,2484.23,621.06,Sindh,1
1/16/2023,Whey Protein,Protein,323,178,267,19.76,26.34,0.07,4688.52,"1,172.13",Punjab,0
1/16/2023,Vitamin C,Vitamin,246,129,194,14.09,18.79,0.19,2423.91,605.98,Punjab,0
1/16/2023,Fish Oil,Omega,209,147,221,15.53,20.71,0.14,3044.37,761.09,Balochistan,1
1/16/2023,Multivitamin,Vitamin,421,128,192,16.61,22.15,0.06,2835.20,708.8,Punjab,0
1/16/2023,Pre-Workout,Performance,296,138,207,31.38,41.84,0.13,5773.92,"1,443.48",Balochistan,0
1/16/2023,BCAA,Amino Acid,209,138,207,30.89,41.19,0.20,5684.22,"1,421.06",Punjab,1
1/16/2023,Creatine,Performance,205,134,201,41.56,55.41,0.13,7424.94,"1,856.24",KP,0
1/16/2023,Zinc,Mineral,109,125,188,27.73,36.97,0.22,4621.25,"1,155.31",Punjab,1
1/16/2023,Collagen Peptides,Protein,116,140,210,39.97,53.29,0.23,7460.60,"1,865.15",Punjab,0
1/16/2023,Magnesium,Mineral,494,181,272,9.29,12.39,0.04,2242.59,560.65,Sindh,0
1/16/2023,Ashwagandha,Herbal,291,137,206,41.9,55.87,0.12,7654.19,"1,913.55",Sindh,1
1/16/2023,Melatonin,Sleep Aid,53,148,222,29.16,38.88,0.11,5754.24,"1,438.56",Sindh,0
1/16/2023,Biotin,Vitamin,253,149,224,13.34,17.79,0.05,2650.71,662.68,KP,0
1/16/2023,Green Tea Extract,Fat Burner,456,141,212,17.69,23.58,0.01,3324.78,831.2,Punjab,1
1/16/2023,Iron Supplement,Mineral,321,138,207,31.55,42.06,0.23,5804.28,"1,451.07",Sindh,0
1/16/2023,Electrolyte Powder,Hydration,387,137,206,31.57,42.09,0.17,5766.33,"1,441.58",KP,0
1/23/2023,Whey Protein,Protein,312,153,230,31.37,41.83,0.07,6399.99,"1,600.00",Balochistan,0
1/23/2023,Vitamin C,Vitamin,102,154,231,10.5,14,0.00,2156.00,539,KP,1
1/23/2023,Fish Oil,Omega,161,145,218,21.57,28.76,0.12,4170.20,"1,042.55",Sindh,0
1/23/2023,Multivitamin,Vitamin,321,155,233,43.64,58.19,0.23,9019.45,"2,254.86",KP,0
1/23/2023,Pre-Workout,Performance,405,171,257,27.62,36.82,0.19,6296.22,"1,574.06",Balochistan,1
1/23/2023,BCAA,Amino Acid,142,168,252,30.89,41.19,0.09,6919.92,"1,729.98",KP,0
1/23/2023,Creatine,Performance,147,157,236,19.72,26.29,0.20,4127.53,"1,031.88",Sindh,0
1/23/2023,Zinc,Mineral,278,139,209,22.21,29.61,0.25,4115.79,"1,028.95",KP,0
1/23/2023,Collagen Peptides,Protein,244,140,210,32.02,42.69,0.02,5976.60,"1,494.15",Punjab,0
1/23/2023,Magnesium,Mineral,105,173,260,10.04,13.38,0.25,2314.74,578.69,Punjab,1
1/23/2023,Ashwagandha,Herbal,51,136,204,13.92,18.56,0.21,2524.16,631.04,Punjab,0
1/23/2023,Melatonin,Sleep Aid,203,140,210,29.48,39.31,0.20,5503.40,"1,375.85",KP,0
1/23/2023,Biotin,Vitamin,278,139,209,31.66,42.21,0.04,5867.19,"1,466.80",Sindh,1
1/23/2023,Green Tea Extract,Fat Burner,210,150,225,42.65,56.86,0.15,8529.00,"2,132.25",Sindh,1
1/23/2023,Iron Supplement,Mineral,365,151,227,8.75,11.66,0.07,1760.66,440.17,KP,1
1/23/2023,Electrolyte Powder,Hydration,200,128,192,22.26,29.68,0.07,3799.04,949.76,KP,1
1/30/2023,Whey Protein,Protein,251,158,237,22.31,29.75,0.14,4700.50,"1,175.13",Punjab,1
1/30/2023,Vitamin C,Vitamin,427,154,231,25.82,34.43,0.16,5302.22,"1,325.56",KP,1
1/30/2023,Fish Oil,Omega,495,146,219,29.91,39.88,0.23,5822.48,"1,455.62",Balochistan,1
1/30/2023,Multivitamin,Vitamin,469,143,215,9.35,12.46,0.03,1781.78,445.45,KP,1
1/30/2023,Pre-Workout,Performance,471,164,246,39.81,53.08,0.11,8705.12,"2,176.28",Punjab,0
1/30/2023,BCAA,Amino Acid,212,146,219,30.89,41.19,0.17,6013.74,"1,503.44",Sindh,0
1/30/2023,Creatine,Performance,417,164,246,38.63,51.5,0.05,8446.00,"2,111.50",Punjab,0
1/30/2023,Zinc,Mineral,50,143,215,39.13,52.17,0.24,7460.31,"1,865.08",KP,0
1/30/2023,Collagen Peptides,Protein,190,140,210,25,33.33,0.22,4666.20,"1,166.55",Punjab,1
1/30/2023,Magnesium,Mineral,286,163,245,37.82,50.43,0.23,8220.09,"2,055.02",KP,0
1/30/2023,Ashwagandha,Herbal,460,145,218,27.35,36.47,0.17,5288.15,"1,322.04",Sindh,0
1/30/2023,Melatonin,Sleep Aid,384,136,204,14.84,19.79,0.23,2691.44,672.86,KP,0
1/30/2023,Biotin,Vitamin,137,159,239,19.42,25.89,0.08,4116.51,"1,029.13",Punjab,0
1/30/2023,Green Tea Extract,Fat Burner,103,152,228,19.03,25.37,0.17,3856.24,964.06,KP,1
1/30/2023,Iron Supplement,Mineral,266,135,203,25.61,34.14,0.09,4608.90,"1,152.23",KP,0
1/30/2023,Electrolyte Powder,Hydration,195,157,236,34.1,45.47,0.23,7138.79,"1,784.70",KP,1
02/06/2023,Whey Protein,Protein,211,154,231,39.92,53.22,0.07,8195.88,"2,048.97",Sindh,0
02/06/2023,Vitamin C,Vitamin,257,158,237,9.77,13.02,0.20,2057.16,514.29,Balochistan,1
02/06/2023,Fish Oil,Omega,217,157,236,39.84,53.12,0.04,8339.84,"2,084.96",KP,0
02/06/2023,Multivitamin,Vitamin,398,153,230,20.28,27.04,0.12,4137.12,"1,034.28",Balochistan,0
02/06/2023,Pre-Workout,Performance,414,148,222,28.73,38.31,0.06,5669.88,"1,417.47",Balochistan,0
02/06/2023,BCAA,Amino Acid,407,150,225,30.89,41.19,0.22,6178.50,"1,544.63",Punjab,1
02/06/2023,Creatine,Performance,225,156,234,13.86,18.48,0.20,2882.88,720.72,Sindh,0
02/06/2023,Zinc,Mineral,229,142,213,31.45,41.93,0.22,5954.06,"1,488.52",Punjab,0
02/06/2023,Collagen Peptides,Protein,106,159,239,9.56,12.74,0.19,2025.66,506.42,Sindh,1
02/06/2023,Magnesium,Mineral,377,127,191,10.59,14.12,0.18,1793.24,448.31,Punjab,0
02/06/2023,Ashwagandha,Herbal,77,179,269,30.23,40.3,0.05,7213.70,"1,803.43",Balochistan,1
02/06/2023,Melatonin,Sleep Aid,180,158,237,38.06,50.75,0.21,8018.50,"2,004.63",Sindh,1
02/06/2023,Biotin,Vitamin,258,144,216,26.2,34.93,0.05,5029.92,"1,257.48",KP,0
02/06/2023,Green Tea Extract,Fat Burner,298,147,221,37.87,50.49,0.10,7422.03,"1,855.51",Punjab,1
02/06/2023,Iron Supplement,Mineral,378,145,218,32.36,43.14,0.21,6255.30,"1,563.83",KP,0
02/06/2023,Electrolyte Powder,Hydration,59,146,219,14.48,19.31,0.07,2819.26,704.82,Punjab,1
2/13/2023,Whey Protein,Protein,81,168,252,24.95,33.26,0.02,5587.68,"1,396.92",Punjab,0
2/13/2023,Vitamin C,Vitamin,94,145,218,30.35,40.46,0.00,5866.70,"1,466.68",Punjab,0
2/13/2023,Fish Oil,Omega,117,145,218,27.56,36.75,0.03,5328.75,"1,332.19",Sindh,1
2/13/2023,Multivitamin,Vitamin,407,158,237,26.8,35.73,0.02,5645.34,"1,411.34",Sindh,1
2/13/2023,Pre-Workout,Performance,196,170,255,17.39,23.18,0.23,3940.60,985.15,KP,1
2/13/2023,BCAA,Amino Acid,336,155,233,30.89,41.19,0.10,6384.45,"1,596.11",Punjab,1
2/13/2023,Creatine,Performance,173,159,239,31.64,42.18,0.06,6706.62,"1,676.66",Balochistan,1
2/13/2023,Zinc,Mineral,375,162,243,19.01,25.34,0.03,4105.08,"1,026.27",Punjab,1
2/13/2023,Collagen Peptides,Protein,333,144,216,41.96,55.94,0.22,8055.36,"2,013.84",Sindh,0
2/13/2023,Magnesium,Mineral,68,169,254,15.73,20.97,0.20,3543.93,885.98,Balochistan,0
2/13/2023,Ashwagandha,Herbal,378,141,212,26.81,35.75,0.08,5040.75,"1,260.19",Sindh,1
2/13/2023,Melatonin,Sleep Aid,436,148,222,28.9,38.53,0.22,5702.44,"1,425.61",Sindh,1
2/13/2023,Biotin,Vitamin,237,136,204,24.88,33.17,0.17,4511.12,"1,127.78",Sindh,1
2/13/2023,Green Tea Extract,Fat Burner,337,146,219,28.16,37.55,0.03,5482.30,"1,370.58",Balochistan,0
2/13/2023,Iron Supplement,Mineral,393,139,209,11.67,15.56,0.01,2162.84,540.71,Balochistan,0
2/13/2023,Electrolyte Powder,Hydration,297,154,231,32.27,43.02,0.03,6625.08,"1,656.27",Sindh,1
2/20/2023,Whey Protein,Protein,226,134,201,35.51,47.35,0.05,6344.90,"1,586.23",Balochistan,0
2/20/2023,Vitamin C,Vitamin,149,162,243,15.38,20.5,0.20,3321.00,830.25,Punjab,0
2/20/2023,Fish Oil,Omega,300,157,236,28.64,38.18,0.18,5994.26,"1,498.57",Punjab,0
2/20/2023,Multivitamin,Vitamin,446,145,218,19.08,25.44,0.14,3688.80,922.2,Balochistan,0
2/20/2023,Pre-Workout,Performance,85,147,221,37.71,50.28,0.18,7391.16,"1,847.79",Punjab,0
2/20/2023,BCAA,Amino Acid,198,144,216,30.89,41.19,0.22,5931.36,"1,482.84",Sindh,1
2/20/2023,Creatine,Performance,328,147,221,44.16,58.88,0.17,8655.36,"2,163.84",Balochistan,0
2/20/2023,Zinc,Mineral,309,131,197,35.72,47.63,0.12,6239.53,"1,559.88",KP,0
2/20/2023,Collagen Peptides,Protein,419,168,252,16.84,22.45,0.23,3771.60,942.9,Balochistan,1
2/20/2023,Magnesium,Mineral,294,163,245,12.87,17.16,0.01,2797.08,699.27,KP,0
2/20/2023,Ashwagandha,Herbal,479,160,240,34.85,46.46,0.06,7433.60,"1,858.40",KP,1
2/20/2023,Melatonin,Sleep Aid,449,146,219,11.61,15.48,0.12,2260.08,565.02,Balochistan,1
2/20/2023,Biotin,Vitamin,342,157,236,27.91,37.21,0.01,5841.97,"1,460.49",KP,0
2/20/2023,Green Tea Extract,Fat Burner,418,124,186,33.19,44.25,0.05,5487.00,"1,371.75",Punjab,1
2/20/2023,Iron Supplement,Mineral,324,170,255,18.95,25.26,0.15,4294.20,"1,073.55",Punjab,0
2/20/2023,Electrolyte Powder,Hydration,157,143,215,7.85,10.47,0.00,1497.21,374.3,Punjab,0
2/27/2023,Whey Protein,Protein,275,160,240,42.38,56.5,0.03,9040.00,"2,260.00",KP,0
2/27/2023,Vitamin C,Vitamin,69,169,254,33.08,44.11,0.13,7454.59,"1,863.65",Sindh,0
2/27/2023,Fish Oil,Omega,255,142,213,39.47,52.62,0.18,7472.04,"1,868.01",Punjab,1
2/27/2023,Multivitamin,Vitamin,71,150,225,11.97,15.96,0.10,2394.00,598.5,Punjab,1
2/27/2023,Pre-Workout,Performance,283,139,209,23.2,30.93,0.01,4299.27,"1,074.82",Balochistan,1
2/27/2023,BCAA,Amino Acid,415,152,228,30.89,41.19,0.02,6260.88,"1,565.22",Balochistan,0
2/27/2023,Creatine,Performance,302,145,218,22.57,30.09,0.02,4363.05,"1,090.76",Punjab,1
2/27/2023,Zinc,Mineral,496,123,185,34.61,46.15,0.10,5676.45,"1,419.11",Balochistan,0
2/27/2023,Collagen Peptides,Protein,122,160,240,42.1,56.13,0.09,8980.80,"2,245.20",Punjab,1
2/27/2023,Magnesium,Mineral,372,145,218,35.66,47.55,0.08,6894.75,"1,723.69",Punjab,0
2/27/2023,Ashwagandha,Herbal,201,147,221,41.92,55.89,0.17,8215.83,"2,053.96",Balochistan,0
2/27/2023,Melatonin,Sleep Aid,91,161,242,9.77,13.03,0.02,2097.83,524.46,Punjab,0
2/27/2023,Biotin,Vitamin,278,148,222,19.24,25.65,0.10,3796.20,949.05,Balochistan,1
2/27/2023,Green Tea Extract,Fat Burner,73,164,246,17.51,23.34,0.03,3827.76,956.94,Sindh,1
2/27/2023,Iron Supplement,Mineral,451,132,198,28.19,37.59,0.02,4961.88,"1,240.47",Sindh,1
2/27/2023,Electrolyte Powder,Hydration,65,137,206,30.59,40.79,0.14,5588.23,"1,397.06",Punjab,0
03/06/2023,Whey Protein,Protein,230,145,218,15.99,21.32,0.22,3091.40,772.85,Sindh,0
03/06/2023,Vitamin C,Vitamin,366,155,233,31.61,42.14,0.01,6531.70,"1,632.93",Balochistan,1
03/06/2023,Fish Oil,Omega,91,131,197,16.98,22.64,0.10,2965.84,741.46,Balochistan,0
03/06/2023,Multivitamin,Vitamin,303,148,222,20.04,26.72,0.09,3954.56,988.64,Balochistan,0
03/06/2023,Pre-Workout,Performance,473,162,243,14.99,19.99,0.20,3238.38,809.6,Sindh,0
03/06/2023,BCAA,Amino Acid,72,139,209,30.89,41.19,0.03,5725.41,"1,431.35",Sindh,1
03/06/2023,Creatine,Performance,301,150,225,28.83,38.44,0.11,5766.00,"1,441.50",Punjab,0
03/06/2023,Zinc,Mineral,82,132,198,38.29,51.05,0.22,6738.60,"1,684.65",Punjab,1
03/06/2023,Collagen Peptides,Protein,315,133,200,30.31,40.41,0.18,5374.53,"1,343.63",Sindh,0
03/06/2023,Magnesium,Mineral,227,156,234,42.58,56.77,0.02,8856.12,"2,214.03",KP,1
03/06/2023,Ashwagandha,Herbal,175,127,191,37.22,49.63,0.14,6303.01,"1,575.75",Punjab,1
03/06/2023,Melatonin,Sleep Aid,346,141,212,28.53,38.04,0.06,5363.64,"1,340.91",KP,1
03/06/2023,Biotin,Vitamin,399,159,239,24.47,32.62,0.03,5186.58,"1,296.65",KP,1
03/06/2023,Green Tea Extract,Fat Burner,312,152,228,26.08,34.77,0.24,5285.04,"1,321.26",KP,1
03/06/2023,Iron Supplement,Mineral,363,153,230,19.61,26.15,0.09,4000.95,"1,000.24",Punjab,1
03/06/2023,Electrolyte Powder,Hydration,192,153,230,36.51,48.68,0.04,7448.04,"1,862.01",Sindh,1
3/13/2023,Whey Protein,Protein,369,137,206,13.43,17.9,0.23,2452.30,613.08,Balochistan,0
3/13/2023,Vitamin C,Vitamin,438,142,213,24.69,32.92,0.01,4674.64,"1,168.66",Balochistan,1
3/13/2023,Fish Oil,Omega,106,153,230,28.64,38.19,0.02,5843.07,"1,460.77",Sindh,0
3/13/2023,Multivitamin,Vitamin,251,172,258,20.32,27.09,0.08,4659.48,"1,164.87",Sindh,1
3/13/2023,Pre-Workout,Performance,220,155,233,24.73,32.97,0.23,5110.35,"1,277.59",KP,0
3/13/2023,BCAA,Amino Acid,399,139,209,30.89,41.19,0.08,5725.41,"1,431.35",Sindh,0
3/13/2023,Creatine,Performance,94,159,239,33.29,44.38,0.09,7056.42,"1,764.11",Balochistan,0
3/13/2023,Zinc,Mineral,106,173,260,26.26,35.01,0.21,6056.73,"1,514.18",KP,1
3/13/2023,Collagen Peptides,Protein,444,142,213,33.01,44.01,0.22,6249.42,"1,562.36",Sindh,1
3/13/2023,Magnesium,Mineral,447,127,191,16.23,21.64,0.07,2748.28,687.07,Balochistan,1
3/13/2023,Ashwagandha,Herbal,292,138,207,42.53,56.7,0.04,7824.60,"1,956.15",Sindh,0
3/13/2023,Melatonin,Sleep Aid,75,160,240,11.43,15.24,0.21,2438.40,609.6,KP,1
3/13/2023,Biotin,Vitamin,146,141,212,38.33,51.11,0.19,7206.51,"1,801.63",Sindh,0
3/13/2023,Green Tea Extract,Fat Burner,347,172,258,23.39,31.19,0.00,5364.68,"1,341.17",Balochistan,0
3/13/2023,Iron Supplement,Mineral,355,136,204,19.85,26.47,0.09,3599.92,899.98,Sindh,1
3/13/2023,Electrolyte Powder,Hydration,174,144,216,8.46,11.28,0.10,1624.32,406.08,Balochistan,1
3/20/2023,Whey Protein,Protein,169,145,218,16.96,22.61,0.22,3278.45,819.61,Punjab,1
3/20/2023,Vitamin C,Vitamin,125,141,212,12.83,17.11,0.06,2412.51,603.13,Balochistan,1
3/20/2023,Fish Oil,Omega,162,140,210,25.93,34.57,0.19,4839.80,"1,209.95",Balochistan,1
3/20/2023,Multivitamin,Vitamin,111,133,200,19.49,25.98,0.04,3455.34,863.84,KP,1
3/20/2023,Pre-Workout,Performance,65,160,240,27.67,36.89,0.01,5902.40,"1,475.60",Sindh,0
3/20/2023,BCAA,Amino Acid,143,161,242,30.89,41.19,0.17,6631.59,"1,657.90",KP,1
3/20/2023,Creatine,Performance,384,152,228,21.8,29.06,0.18,4417.12,"1,104.28",Punjab,1
3/20/2023,Zinc,Mineral,130,150,225,39.59,52.78,0.12,7917.00,"1,979.25",Balochistan,0
3/20/2023,Collagen Peptides,Protein,265,137,206,32.15,42.87,0.22,5873.19,"1,468.30",Sindh,1
3/20/2023,Magnesium,Mineral,148,155,233,19.93,26.57,0.25,4118.35,"1,029.59",Punjab,1
3/20/2023,Ashwagandha,Herbal,232,159,239,30.32,40.43,0.10,6428.37,"1,607.09",Punjab,1
3/20/2023,Melatonin,Sleep Aid,187,152,228,7.79,10.38,0.14,1577.76,394.44,Sindh,0
3/20/2023,Biotin,Vitamin,363,149,224,44.05,58.73,0.06,8750.77,"2,187.69",Balochistan,1
3/20/2023,Green Tea Extract,Fat Burner,238,125,188,21.75,29,0.01,3625.00,906.25,Punjab,0
3/20/2023,Iron Supplement,Mineral,388,139,209,44.53,59.37,0.20,8252.43,"2,063.11",Sindh,0
3/20/2023,Electrolyte Powder,Hydration,64,157,236,24.05,32.06,0.20,5033.42,"1,258.36",Punjab,0
3/27/2023,Whey Protein,Protein,265,157,236,17,22.67,0.22,3559.19,889.8,Balochistan,1
3/27/2023,Vitamin C,Vitamin,312,139,209,23.17,30.89,0.19,4293.71,"1,073.43",KP,0
3/27/2023,Fish Oil,Omega,53,146,219,29.42,39.22,0.10,5726.12,"1,431.53",Sindh,0
3/27/2023,Multivitamin,Vitamin,121,168,252,39.87,53.16,0.09,8930.88,"2,232.72",KP,0
3/27/2023,Pre-Workout,Performance,367,171,257,28.76,38.35,0.19,6557.85,"1,639.46",KP,1
3/27/2023,BCAA,Amino Acid,249,151,227,30.89,41.19,0.21,6219.69,"1,554.92",KP,0
3/27/2023,Creatine,Performance,407,148,222,21.1,28.13,0.03,4163.24,"1,040.81",KP,1
3/27/2023,Zinc,Mineral,283,142,213,33.32,44.43,0.02,6309.06,"1,577.27",Punjab,1
3/27/2023,Collagen Peptides,Protein,247,131,197,17.54,23.39,0.14,3064.09,766.02,Punjab,0
3/27/2023,Magnesium,Mineral,415,166,249,14.1,18.8,0.07,3120.80,780.2,Sindh,1
3/27/2023,Ashwagandha,Herbal,178,161,242,28.37,37.83,0.06,6090.63,"1,522.66",KP,0
3/27/2023,Melatonin,Sleep Aid,241,164,246,40.16,53.55,0.16,8782.20,"2,195.55",KP,0
3/27/2023,Biotin,Vitamin,196,142,213,33.38,44.51,0.10,6320.42,"1,580.11",KP,1
3/27/2023,Green Tea Extract,Fat Burner,412,146,219,39.48,52.64,0.16,7685.44,"1,921.36",Balochistan,1
3/27/2023,Iron Supplement,Mineral,260,151,227,36.7,48.93,0.08,7388.43,"1,847.11",Sindh,1
3/27/2023,Electrolyte Powder,Hydration,142,162,243,13.45,17.93,0.10,2904.66,726.17,KP,0
04/03/2023,Whey Protein,Protein,358,174,261,18.64,24.85,0.06,4323.90,"1,080.98",Balochistan,1
04/03/2023,Vitamin C,Vitamin,383,156,234,21.64,28.85,0.13,4500.60,"1,125.15",Balochistan,1
04/03/2023,Fish Oil,Omega,354,167,251,41.57,55.43,0.11,9256.81,"2,314.20",Sindh,1
04/03/2023,Multivitamin,Vitamin,460,124,186,25.39,33.85,0.11,4197.40,"1,049.35",Sindh,0
04/03/2023,Pre-Workout,Performance,492,176,264,24.44,32.59,0.05,5735.84,"1,433.96",Sindh,1
04/03/2023,BCAA,Amino Acid,182,132,198,30.89,41.19,0.09,5437.08,"1,359.27",Balochistan,0
04/03/2023,Creatine,Performance,468,152,228,29.42,39.23,0.11,5962.96,"1,490.74",Sindh,0
04/03/2023,Zinc,Mineral,109,127,191,14.92,19.89,0.14,2526.03,631.51,Sindh,1
04/03/2023,Collagen Peptides,Protein,343,154,231,23.3,31.06,0.21,4783.24,"1,195.81",Sindh,0
04/03/2023,Magnesium,Mineral,209,155,233,32,42.67,0.21,6613.85,"1,653.46",KP,1
04/03/2023,Ashwagandha,Herbal,238,153,230,28.64,38.19,0.04,5843.07,"1,460.77",Punjab,1
04/03/2023,Melatonin,Sleep Aid,459,170,255,18.02,24.02,0.04,4083.40,"1,020.85",Balochistan,1
04/03/2023,Biotin,Vitamin,460,143,215,32.66,43.55,0.16,6227.65,"1,556.91",Sindh,1
04/03/2023,Green Tea Extract,Fat Burner,408,151,227,9.61,12.81,0.16,1934.31,483.58,Punjab,0
04/03/2023,Iron Supplement,Mineral,264,161,242,15.98,21.31,0.24,3430.91,857.73,Punjab,0
04/03/2023,Electrolyte Powder,Hydration,287,142,213,20.18,26.91,0.24,3821.22,955.31,Sindh,1
04/10/2023,Whey Protein,Protein,277,150,225,19.73,26.3,0.16,3945.00,986.25,Sindh,1
04/10/2023,Vitamin C,Vitamin,183,162,243,20.99,27.98,0.08,4532.76,"1,133.19",Punjab,0
04/10/2023,Fish Oil,Omega,366,135,203,10.64,14.18,0.21,1914.30,478.58,Sindh,0
04/10/2023,Multivitamin,Vitamin,408,142,213,28.31,37.75,0.03,5360.50,"1,340.13",Sindh,1
04/10/2023,Pre-Workout,Performance,259,148,222,26.29,35.05,0.15,5187.40,"1,296.85",Punjab,0
04/10/2023,BCAA,Amino Acid,340,138,207,30.89,41.19,0.10,5684.22,"1,421.06",Balochistan,1
04/10/2023,Creatine,Performance,433,157,236,20.21,26.94,0.10,4229.58,"1,057.40",Sindh,0
04/10/2023,Zinc,Mineral,156,140,210,44.86,59.81,0.18,8373.40,"2,093.35",Sindh,0
04/10/2023,Collagen Peptides,Protein,90,148,222,42.13,56.17,0.15,8313.16,"2,078.29",Balochistan,1
04/10/2023,Magnesium,Mineral,278,153,230,20.15,26.87,0.10,4111.11,"1,027.78",Balochistan,1
04/10/2023,Ashwagandha,Herbal,456,172,258,37.12,49.49,0.04,8512.28,"2,128.07",KP,1
04/10/2023,Melatonin,Sleep Aid,291,151,227,31.31,41.75,0.07,6304.25,"1,576.06",Sindh,0
04/10/2023,Biotin,Vitamin,166,162,243,14.28,19.04,0.16,3084.48,771.12,KP,1
04/10/2023,Green Tea Extract,Fat Burner,422,154,231,8.15,10.86,0.08,1672.44,418.11,Sindh,0
04/10/2023,Iron Supplement,Mineral,133,162,243,17.2,22.93,0.08,3714.66,928.67,KP,0
04/10/2023,Electrolyte Powder,Hydration,197,170,255,32.11,42.81,0.10,7277.70,"1,819.43",Punjab,0
4/17/2023,Whey Protein,Protein,277,146,219,31.29,41.72,0.15,6091.12,"1,522.78",Sindh,1
4/17/2023,Vitamin C,Vitamin,482,135,203,23.07,30.76,0.16,4152.60,"1,038.15",Punjab,0
4/17/2023,Fish Oil,Omega,177,116,174,14.77,19.69,0.13,2284.04,571.01,KP,1
4/17/2023,Multivitamin,Vitamin,348,158,237,29.79,39.72,0.22,6275.76,"1,568.94",Balochistan,0
4/17/2023,Pre-Workout,Performance,304,169,254,14.91,19.88,0.00,3359.72,839.93,Sindh,0
4/17/2023,BCAA,Amino Acid,396,174,261,30.89,41.19,0.19,7167.06,"1,791.77",Balochistan,0
4/17/2023,Creatine,Performance,221,144,216,27.86,37.15,0.10,5349.60,"1,337.40",KP,1
4/17/2023,Zinc,Mineral,457,159,239,35.51,47.35,0.09,7528.65,"1,882.16",Balochistan,0
4/17/2023,Collagen Peptides,Protein,369,145,218,28.59,38.12,0.03,5527.40,"1,381.85",Balochistan,1
4/17/2023,Magnesium,Mineral,228,160,240,43.46,57.95,0.13,9272.00,"2,318.00",Sindh,1
4/17/2023,Ashwagandha,Herbal,466,125,188,20.6,27.47,0.21,3433.75,858.44,Balochistan,1
4/17/2023,Melatonin,Sleep Aid,475,141,212,21.55,28.73,0.00,4050.93,"1,012.73",KP,1
4/17/2023,Biotin,Vitamin,382,156,234,23.7,31.6,0.01,4929.60,"1,232.40",Sindh,0
4/17/2023,Green Tea Extract,Fat Burner,66,160,240,23.26,31.01,0.02,4961.60,"1,240.40",KP,1
4/17/2023,Iron Supplement,Mineral,165,136,204,27.35,36.46,0.24,4958.56,"1,239.64",Balochistan,1
4/17/2023,Electrolyte Powder,Hydration,173,153,230,26.86,35.81,0.22,5478.93,"1,369.73",Sindh,1
4/24/2023,Whey Protein,Protein,73,144,216,16.93,22.57,0.08,3250.08,812.52,Sindh,0
4/24/2023,Vitamin C,Vitamin,340,137,206,25.59,34.12,0.11,4674.44,"1,168.61",Balochistan,0
4/24/2023,Fish Oil,Omega,234,153,230,23.64,31.52,0.11,4822.56,"1,205.64",Punjab,0
4/24/2023,Multivitamin,Vitamin,178,168,252,14.97,19.96,0.12,3353.28,838.32,KP,0
4/24/2023,Pre-Workout,Performance,84,143,215,34.06,45.41,0.19,6493.63,"1,623.41",Balochistan,0
4/24/2023,BCAA,Amino Acid,229,146,219,30.89,41.19,0.18,6013.74,"1,503.44",Balochistan,1
4/24/2023,Creatine,Performance,358,156,234,16.69,22.25,0.18,3471.00,867.75,KP,0
4/24/2023,Zinc,Mineral,473,157,236,29.96,39.94,0.11,6270.58,"1,567.65",KP,0
4/24/2023,Collagen Peptides,Protein,459,142,213,37.73,50.3,0.06,7142.60,"1,785.65",Punjab,0
4/24/2023,Magnesium,Mineral,63,156,234,33.9,45.2,0.17,7051.20,"1,762.80",Punjab,0
4/24/2023,Ashwagandha,Herbal,150,146,219,13.38,17.84,0.17,2604.64,651.16,KP,0
4/24/2023,Melatonin,Sleep Aid,294,174,261,39.66,52.88,0.23,9201.12,"2,300.28",Punjab,1
4/24/2023,Biotin,Vitamin,468,164,246,8.31,11.08,0.20,1817.12,454.28,Sindh,0
4/24/2023,Green Tea Extract,Fat Burner,363,160,240,32.77,43.69,0.01,6990.40,"1,747.60",KP,1
4/24/2023,Iron Supplement,Mineral,330,137,206,15.92,21.22,0.02,2907.14,726.79,Sindh,1
4/24/2023,Electrolyte Powder,Hydration,350,137,206,16.41,21.88,0.09,2997.56,749.39,Sindh,0
05/01/2023,Whey Protein,Protein,347,142,213,38.09,50.78,0.04,7210.76,"1,802.69",Sindh,0
05/01/2023,Vitamin C,Vitamin,200,144,216,27.85,37.13,0.09,5346.72,"1,336.68",Sindh,0
05/01/2023,Fish Oil,Omega,367,146,219,43.73,58.31,0.13,8513.26,"2,128.32",Balochistan,0
05/01/2023,Multivitamin,Vitamin,222,143,215,13.71,18.28,0.10,2614.04,653.51,Sindh,0
05/01/2023,Pre-Workout,Performance,424,131,197,20.18,26.91,0.03,3525.21,881.3,Balochistan,0
05/01/2023,BCAA,Amino Acid,60,167,251,30.89,41.19,0.15,6878.73,"1,719.68",Sindh,1
05/01/2023,Creatine,Performance,197,140,210,29.71,39.61,0.09,5545.40,"1,386.35",Punjab,0
05/01/2023,Zinc,Mineral,285,133,200,24.02,32.02,0.16,4258.66,"1,064.67",KP,0
05/01/2023,Collagen Peptides,Protein,57,166,249,25.53,34.04,0.23,5650.64,"1,412.66",KP,1
05/01/2023,Magnesium,Mineral,430,132,198,37.02,49.36,0.21,6515.52,"1,628.88",Sindh,0
05/01/2023,Ashwagandha,Herbal,90,152,228,23.97,31.96,0.17,4857.92,"1,214.48",KP,0
05/01/2023,Melatonin,Sleep Aid,481,155,233,13.54,18.05,0.10,2797.75,699.44,Sindh,1
05/01/2023,Biotin,Vitamin,468,155,233,30.5,40.66,0.20,6302.30,"1,575.58",Punjab,1
05/01/2023,Green Tea Extract,Fat Burner,452,148,222,27.98,37.31,0.16,5521.88,"1,380.47",KP,0
05/01/2023,Iron Supplement,Mineral,396,150,225,13.49,17.99,0.10,2698.50,674.63,Punjab,0
05/01/2023,Electrolyte Powder,Hydration,345,144,216,27.52,36.69,0.20,5283.36,"1,320.84",Punjab,0
05/08/2023,Whey Protein,Protein,344,159,239,41.36,55.15,0.23,8768.85,"2,192.21",KP,0
05/08/2023,Vitamin C,Vitamin,361,143,215,14.36,19.14,0.22,2737.02,684.26,Sindh,0
05/08/2023,Fish Oil,Omega,319,159,239,9.31,12.41,0.13,1973.19,493.3,KP,0
05/08/2023,Multivitamin,Vitamin,98,151,227,38.17,50.89,0.09,7684.39,"1,921.10",KP,0
05/08/2023,Pre-Workout,Performance,414,136,204,9.13,12.17,0.09,1655.12,413.78,Sindh,1
05/08/2023,BCAA,Amino Acid,344,162,243,30.89,41.19,0.16,6672.78,"1,668.20",Balochistan,0
05/08/2023,Creatine,Performance,369,137,206,31.55,42.07,0.19,5763.59,"1,440.90",KP,1
05/08/2023,Zinc,Mineral,250,158,237,43.63,58.17,0.05,9190.86,"2,297.72",Sindh,1
05/08/2023,Collagen Peptides,Protein,189,138,207,20.48,27.31,0.13,3768.78,942.2,KP,1
05/08/2023,Magnesium,Mineral,114,122,183,20.09,26.79,0.05,3268.38,817.1,Punjab,1
05/08/2023,Ashwagandha,Herbal,475,153,230,23.37,31.16,0.23,4767.48,"1,191.87",Sindh,0
05/08/2023,Melatonin,Sleep Aid,191,153,230,35,46.66,0.14,7138.98,"1,784.75",Punjab,1
05/08/2023,Biotin,Vitamin,363,135,203,25.85,34.46,0.02,4652.10,"1,163.03",Punjab,0
05/08/2023,Green Tea Extract,Fat Burner,292,150,225,10.36,13.81,0.09,2071.50,517.88,Balochistan,0
05/08/2023,Iron Supplement,Mineral,145,155,233,39.2,52.27,0.12,8101.85,"2,025.46",Balochistan,0
05/08/2023,Electrolyte Powder,Hydration,101,145,218,19.71,26.28,0.01,3810.60,952.65,Balochistan,0
5/15/2023,Whey Protein,Protein,114,146,219,40.18,53.57,0.13,7821.22,"1,955.31",Balochistan,1
5/15/2023,Vitamin C,Vitamin,388,135,203,31.63,42.17,0.06,5692.95,"1,423.24",Sindh,1
5/15/2023,Fish Oil,Omega,180,155,233,34.44,45.92,0.09,7117.60,"1,779.40",KP,1
5/15/2023,Multivitamin,Vitamin,409,159,239,23.37,31.16,0.15,4954.44,"1,238.61",Punjab,1
5/15/2023,Pre-Workout,Performance,479,173,260,10.65,14.2,0.22,2456.60,614.15,KP,1
5/15/2023,BCAA,Amino Acid,243,140,210,30.89,41.19,0.14,5766.60,"1,441.65",Punjab,1
5/15/2023,Creatine,Performance,379,158,237,36.83,49.1,0.04,7757.80,"1,939.45",Punjab,1
5/15/2023,Zinc,Mineral,347,156,234,25.56,34.08,0.17,5316.48,"1,329.12",Balochistan,1
5/15/2023,Collagen Peptides,Protein,199,165,248,13.08,17.44,0.14,2877.60,719.4,Sindh,0
5/15/2023,Magnesium,Mineral,460,149,224,19.82,26.42,0.12,3936.58,984.15,Sindh,0
5/15/2023,Ashwagandha,Herbal,174,141,212,18.66,24.88,0.11,3508.08,877.02,Punjab,1
5/15/2023,Melatonin,Sleep Aid,243,145,218,36.1,48.13,0.18,6978.85,"1,744.71",Balochistan,0
5/15/2023,Biotin,Vitamin,362,114,171,37.1,49.47,0.13,5639.58,"1,409.90",Balochistan,0
5/15/2023,Green Tea Extract,Fat Burner,344,123,185,31.44,41.92,0.21,5156.16,"1,289.04",Sindh,0
5/15/2023,Iron Supplement,Mineral,297,150,225,38.74,51.65,0.13,7747.50,"1,936.88",KP,1
5/15/2023,Electrolyte Powder,Hydration,156,169,254,41.59,55.45,0.05,9371.05,"2,342.76",KP,0
5/22/2023,Whey Protein,Protein,432,164,246,37.3,49.73,0.05,8155.72,"2,038.93",KP,0
5/22/2023,Vitamin C,Vitamin,338,154,231,25.25,33.67,0.17,5185.18,"1,296.30",KP,1
5/22/2023,Fish Oil,Omega,261,147,221,26.97,35.96,0.13,5286.12,"1,321.53",Balochistan,1
5/22/2023,Multivitamin,Vitamin,283,171,257,27.32,36.42,0.20,6227.82,"1,556.96",KP,0
5/22/2023,Pre-Workout,Performance,323,151,227,35.99,47.98,0.14,7244.98,"1,811.25",Balochistan,1
5/22/2023,BCAA,Amino Acid,365,168,252,30.89,41.19,0.14,6919.92,"1,729.98",Sindh,1
5/22/2023,Creatine,Performance,375,155,233,23.12,30.83,0.08,4778.65,"1,194.66",Punjab,0
5/22/2023,Zinc,Mineral,407,148,222,26.19,34.92,0.12,5168.16,"1,292.04",KP,0
5/22/2023,Collagen Peptides,Protein,251,145,218,40.43,53.91,0.24,7816.95,"1,954.24",Punjab,1
5/22/2023,Magnesium,Mineral,427,158,237,13.02,17.36,0.04,2742.88,685.72,KP,0
5/22/2023,Ashwagandha,Herbal,161,151,227,38.56,51.41,0.20,7762.91,"1,940.73",Balochistan,0
5/22/2023,Melatonin,Sleep Aid,86,127,191,33.26,44.34,0.23,5631.18,"1,407.80",Balochistan,1
5/22/2023,Biotin,Vitamin,455,153,230,19.95,26.6,0.02,4069.80,"1,017.45",Balochistan,1
5/22/2023,Green Tea Extract,Fat Burner,283,163,245,27.28,36.37,0.05,5928.31,"1,482.08",KP,0
5/22/2023,Iron Supplement,Mineral,86,150,225,29.53,39.37,0.01,5905.50,"1,476.38",Sindh,1
5/22/2023,Electrolyte Powder,Hydration,98,152,228,8.59,11.45,0.14,1740.40,435.1,Punjab,0
5/29/2023,Whey Protein,Protein,393,158,237,29.72,39.62,0.17,6259.96,"1,564.99",Sindh,1
5/29/2023,Vitamin C,Vitamin,487,165,248,35.44,47.25,0.16,7796.25,"1,949.06",Sindh,1
5/29/2023,Fish Oil,Omega,314,162,243,19.79,26.39,0.09,4275.18,"1,068.80",Punjab,0
5/29/2023,Multivitamin,Vitamin,257,179,269,44.78,59.7,0.17,10686.30,"2,671.58",KP,1
5/29/2023,Pre-Workout,Performance,243,163,245,24.23,32.3,0.08,5264.90,"1,316.23",Balochistan,0
5/29/2023,BCAA,Amino Acid,332,148,222,30.89,41.19,0.20,6096.12,"1,524.03",Sindh,1
5/29/2023,Creatine,Performance,466,139,209,32.64,43.52,0.23,6049.28,"1,512.32",Punjab,1
5/29/2023,Zinc,Mineral,386,165,248,30.8,41.07,0.02,6776.55,"1,694.14",Sindh,0
5/29/2023,Collagen Peptides,Protein,277,139,209,26.4,35.2,0.20,4892.80,"1,223.20",KP,1
5/29/2023,Magnesium,Mineral,273,153,230,23.53,31.37,0.24,4799.61,"1,199.90",Balochistan,0
5/29/2023,Ashwagandha,Herbal,160,141,212,30.43,40.57,0.13,5720.37,"1,430.09",Balochistan,1
5/29/2023,Melatonin,Sleep Aid,329,163,245,32.32,43.09,0.02,7023.67,"1,755.92",Sindh,0
5/29/2023,Biotin,Vitamin,332,174,261,18.21,24.28,0.04,4224.72,"1,056.18",KP,1
5/29/2023,Green Tea Extract,Fat Burner,354,145,218,43.74,58.32,0.09,8456.40,"2,114.10",Balochistan,1
5/29/2023,Iron Supplement,Mineral,313,168,252,43.23,57.64,0.17,9683.52,"2,420.88",Sindh,1
5/29/2023,Electrolyte Powder,Hydration,86,138,207,25.81,34.41,0.11,4748.58,"1,187.15",Sindh,1
06/05/2023,Whey Protein,Protein,417,156,234,35.04,46.72,0.18,7288.32,"1,822.08",KP,0
06/05/2023,Vitamin C,Vitamin,446,172,258,17.53,23.37,0.02,4019.64,"1,004.91",KP,0
06/05/2023,Fish Oil,Omega,114,154,231,13.64,18.19,0.01,2801.26,700.32,KP,0
06/05/2023,Multivitamin,Vitamin,453,148,222,17.21,22.95,0.22,3396.60,849.15,Punjab,0
06/05/2023,Pre-Workout,Performance,420,158,237,21.2,28.26,0.12,4465.08,"1,116.27",Punjab,0
06/05/2023,BCAA,Amino Acid,85,133,200,30.89,41.19,0.02,5478.27,"1,369.57",Sindh,1
06/05/2023,Creatine,Performance,343,181,272,31.64,42.18,0.24,7634.58,"1,908.65",Sindh,1
06/05/2023,Zinc,Mineral,398,149,224,15.08,20.1,0.22,2994.90,748.73,KP,1
06/05/2023,Collagen Peptides,Protein,238,154,231,35.25,47,0.17,7238.00,"1,809.50",Sindh,0
06/05/2023,Magnesium,Mineral,264,157,236,16.39,21.85,0.19,3430.45,857.61,Punjab,0
06/05/2023,Ashwagandha,Herbal,55,142,213,33.63,44.84,0.23,6367.28,"1,591.82",Balochistan,1
06/05/2023,Melatonin,Sleep Aid,181,155,233,41.39,55.18,0.02,8552.90,"2,138.23",Punjab,1
06/05/2023,Biotin,Vitamin,123,161,242,43.28,57.71,0.21,9291.31,"2,322.83",KP,0
06/05/2023,Green Tea Extract,Fat Burner,115,142,213,43.77,58.36,0.02,8287.12,"2,071.78",Balochistan,0
06/05/2023,Iron Supplement,Mineral,400,152,228,21.65,28.87,0.08,4388.24,"1,097.06",Balochistan,1
06/05/2023,Electrolyte Powder,Hydration,452,156,234,12.63,16.84,0.20,2627.04,656.76,Balochistan,1
06/12/2023,Whey Protein,Protein,389,167,251,41.02,54.69,0.22,9133.23,"2,283.31",Sindh,0
06/12/2023,Vitamin C,Vitamin,497,146,219,34.32,45.76,0.23,6680.96,"1,670.24",Punjab,1
06/12/2023,Fish Oil,Omega,294,154,231,18.43,24.57,0.24,3783.78,945.95,Punjab,0
06/12/2023,Multivitamin,Vitamin,78,131,197,35.03,46.7,0.07,6117.70,"1,529.43",Sindh,1
06/12/2023,Pre-Workout,Performance,195,149,224,37.1,49.47,0.08,7371.03,"1,842.76",Balochistan,0
06/12/2023,BCAA,Amino Acid,277,162,243,30.89,41.19,0.13,6672.78,"1,668.20",Punjab,1
06/12/2023,Creatine,Performance,63,144,216,25.64,34.18,0.21,4921.92,"1,230.48",Balochistan,0
06/12/2023,Zinc,Mineral,253,153,230,27.12,36.16,0.05,5532.48,"1,383.12",Balochistan,1
06/12/2023,Collagen Peptides,Protein,410,129,194,28.91,38.54,0.23,4971.66,"1,242.92",Balochistan,1
06/12/2023,Magnesium,Mineral,461,134,201,10.93,14.57,0.05,1952.38,488.1,Balochistan,1
06/12/2023,Ashwagandha,Herbal,405,150,225,25.1,33.47,0.23,5020.50,"1,255.13",KP,1
06/12/2023,Melatonin,Sleep Aid,117,128,192,32.76,43.68,0.22,5591.04,"1,397.76",Sindh,1
06/12/2023,Biotin,Vitamin,255,162,243,27.98,37.3,0.24,6042.60,"1,510.65",Balochistan,0
06/12/2023,Green Tea Extract,Fat Burner,460,165,248,28.29,37.72,0.15,6223.80,"1,555.95",KP,1
06/12/2023,Iron Supplement,Mineral,235,152,228,12.88,17.17,0.09,2609.84,652.46,Balochistan,1
06/12/2023,Electrolyte Powder,Hydration,263,170,255,31.61,42.14,0.03,7163.80,"1,790.95",Sindh,0
6/19/2023,Whey Protein,Protein,295,152,228,37.29,49.72,0.06,7557.44,"1,889.36",Sindh,0
6/19/2023,Vitamin C,Vitamin,271,182,273,33.11,44.15,0.24,8035.30,"2,008.83",KP,0
6/19/2023,Fish Oil,Omega,59,159,239,20.03,26.7,0.01,4245.30,"1,061.33",KP,0
6/19/2023,Multivitamin,Vitamin,251,164,246,20.72,27.63,0.02,4531.32,"1,132.83",Balochistan,1
6/19/2023,Pre-Workout,Performance,307,158,237,34.9,46.53,0.21,7351.74,"1,837.94",Balochistan,1
6/19/2023,BCAA,Amino Acid,69,155,233,30.89,41.19,0.16,6384.45,"1,596.11",Balochistan,0
6/19/2023,Creatine,Performance,246,129,194,27.89,37.19,0.07,4797.51,"1,199.38",Punjab,1
6/19/2023,Zinc,Mineral,111,151,227,37.52,50.02,0.12,7553.02,"1,888.26",Balochistan,0
6/19/2023,Collagen Peptides,Protein,362,135,203,22.88,30.5,0.20,4117.50,"1,029.38",Punjab,1
6/19/2023,Magnesium,Mineral,425,139,209,16.63,22.17,0.25,3081.63,770.41,KP,0
6/19/2023,Ashwagandha,Herbal,295,152,228,37.55,50.07,0.18,7610.64,"1,902.66",Balochistan,1
6/19/2023,Melatonin,Sleep Aid,129,155,233,32.62,43.49,0.18,6740.95,"1,685.24",KP,0
6/19/2023,Biotin,Vitamin,129,145,218,26.47,35.29,0.11,5117.05,"1,279.26",Punjab,1
6/19/2023,Green Tea Extract,Fat Burner,387,154,231,20.03,26.7,0.21,4111.80,"1,027.95",Sindh,1
6/19/2023,Iron Supplement,Mineral,403,157,236,28.07,37.43,0.16,5876.51,"1,469.13",Punjab,1
6/19/2023,Electrolyte Powder,Hydration,79,170,255,43.91,58.55,0.17,9953.50,"2,488.38",KP,0
6/26/2023,Whey Protein,Protein,161,163,245,23.53,31.37,0.06,5113.31,"1,278.33",KP,1
6/26/2023,Vitamin C,Vitamin,142,138,207,34.49,45.99,0.11,6346.62,"1,586.66",KP,1
6/26/2023,Fish Oil,Omega,374,160,240,44.07,58.76,0.16,9401.60,"2,350.40",Sindh,0
6/26/2023,Multivitamin,Vitamin,251,143,215,15.49,20.65,0.10,2952.95,738.24,Punjab,0
6/26/2023,Pre-Workout,Performance,251,138,207,20.72,27.62,0.11,3811.56,952.89,Punjab,0
6/26/2023,BCAA,Amino Acid,252,147,221,30.89,41.19,0.02,6054.93,"1,513.73",Balochistan,1
6/26/2023,Creatine,Performance,488,152,228,23.2,30.93,0.10,4701.36,"1,175.34",Sindh,1
6/26/2023,Zinc,Mineral,486,151,227,25.06,33.41,0.19,5044.91,"1,261.23",Balochistan,0
6/26/2023,Collagen Peptides,Protein,131,159,239,30.83,41.1,0.02,6534.90,"1,633.73",Punjab,1
6/26/2023,Magnesium,Mineral,300,146,219,39.83,53.1,0.15,7752.60,"1,938.15",Sindh,1
6/26/2023,Ashwagandha,Herbal,495,172,258,43.94,58.58,0.03,10075.76,"2,518.94",Balochistan,0
6/26/2023,Melatonin,Sleep Aid,146,162,243,10.91,14.55,0.15,2357.10,589.28,Balochistan,0
6/26/2023,Biotin,Vitamin,292,158,237,36.41,48.54,0.17,7669.32,"1,917.33",Balochistan,0
6/26/2023,Green Tea Extract,Fat Burner,380,147,221,43.25,57.67,0.02,8477.49,"2,119.37",KP,1
6/26/2023,Iron Supplement,Mineral,286,143,215,26.47,35.29,0.15,5046.47,"1,261.62",Punjab,0
6/26/2023,Electrolyte Powder,Hydration,129,161,242,43.71,58.28,0.05,9383.08,"2,345.77",KP,1
07/03/2023,Whey Protein,Protein,485,147,221,28.71,38.28,0.20,5627.16,"1,406.79",Balochistan,1
07/03/2023,Vitamin C,Vitamin,83,159,239,22.09,29.45,0.19,4682.55,"1,170.64",Balochistan,1
07/03/2023,Fish Oil,Omega,459,168,252,18.47,24.62,0.14,4136.16,"1,034.04",Punjab,1
07/03/2023,Multivitamin,Vitamin,239,147,221,39.62,52.82,0.13,7764.54,"1,941.14",KP,1
07/03/2023,Pre-Workout,Performance,151,140,210,26.84,35.79,0.19,5010.60,"1,252.65",Balochistan,1
07/03/2023,BCAA,Amino Acid,357,139,209,30.89,41.19,0.10,5725.41,"1,431.35",Balochistan,0
07/03/2023,Creatine,Performance,127,144,216,30.9,41.2,0.06,5932.80,"1,483.20",Sindh,1
07/03/2023,Zinc,Mineral,365,152,228,37.87,50.49,0.06,7674.48,"1,918.62",Punjab,0
07/03/2023,Collagen Peptides,Protein,194,152,228,40.31,53.75,0.20,8170.00,"2,042.50",KP,1
07/03/2023,Magnesium,Mineral,154,160,240,28.03,37.37,0.02,5979.20,"1,494.80",Sindh,1
07/03/2023,Ashwagandha,Herbal,418,163,245,13.85,18.47,0.20,3010.61,752.65,KP,1
07/03/2023,Melatonin,Sleep Aid,101,142,213,29.83,39.77,0.19,5647.34,"1,411.84",Balochistan,1
07/03/2023,Biotin,Vitamin,344,150,225,26.2,34.93,0.15,5239.50,"1,309.88",Balochistan,0
07/03/2023,Green Tea Extract,Fat Burner,77,146,219,7.64,10.18,0.15,1486.28,371.57,Sindh,1
07/03/2023,Iron Supplement,Mineral,228,150,225,28.13,37.5,0.07,5625.00,"1,406.25",Sindh,0
07/03/2023,Electrolyte Powder,Hydration,366,141,212,30.38,40.51,0.04,5711.91,"1,427.98",Punjab,0
07/10/2023,Whey Protein,Protein,264,138,207,34.97,46.62,0.17,6433.56,"1,608.39",KP,0
07/10/2023,Vitamin C,Vitamin,193,141,212,32.22,42.96,0.11,6057.36,"1,514.34",Punjab,0
07/10/2023,Fish Oil,Omega,161,155,233,36.79,49.05,0.18,7602.75,"1,900.69",Sindh,0
07/10/2023,Multivitamin,Vitamin,330,136,204,22.25,29.66,0.07,4033.76,"1,008.44",KP,0
07/10/2023,Pre-Workout,Performance,115,162,243,28.7,38.27,0.06,6199.74,"1,549.94",KP,0
07/10/2023,BCAA,Amino Acid,369,138,207,30.89,41.19,0.18,5684.22,"1,421.06",Punjab,0
07/10/2023,Creatine,Performance,305,155,233,15.14,20.19,0.08,3129.45,782.36,Balochistan,1
07/10/2023,Zinc,Mineral,297,157,236,38.07,50.76,0.09,7969.32,"1,992.33",Sindh,1
07/10/2023,Collagen Peptides,Protein,312,185,278,34.55,46.06,0.19,8521.10,"2,130.28",Punjab,1
07/10/2023,Magnesium,Mineral,186,150,225,36.45,48.6,0.16,7290.00,"1,822.50",Sindh,1
07/10/2023,Ashwagandha,Herbal,86,161,242,35.76,47.68,0.22,7676.48,"1,919.12",Punjab,1
07/10/2023,Melatonin,Sleep Aid,481,161,242,44.32,59.09,0.09,9513.49,"2,378.37",KP,1
07/10/2023,Biotin,Vitamin,154,157,236,9.97,13.29,0.19,2086.53,521.63,Punjab,0
07/10/2023,Green Tea Extract,Fat Burner,126,156,234,25.86,34.48,0.03,5378.88,"1,344.72",Balochistan,1
07/10/2023,Iron Supplement,Mineral,196,140,210,13.6,18.13,0.06,2538.20,634.55,Punjab,0
07/10/2023,Electrolyte Powder,Hydration,58,171,257,22.38,29.84,0.13,5102.64,"1,275.66",Punjab,1
7/17/2023,Whey Protein,Protein,222,171,257,18.59,24.78,0.24,4237.38,"1,059.35",Sindh,1
7/17/2023,Vitamin C,Vitamin,437,142,213,44.84,59.79,0.15,8490.18,"2,122.55",KP,1
7/17/2023,Fish Oil,Omega,276,129,194,22.73,30.31,0.15,3909.99,977.5,Punjab,1
7/17/2023,Multivitamin,Vitamin,286,173,260,33.52,44.69,0.22,7731.37,"1,932.84",Punjab,1
7/17/2023,Pre-Workout,Performance,444,140,210,12.74,16.98,0.13,2377.20,594.3,Punjab,0
7/17/2023,BCAA,Amino Acid,401,147,221,30.89,41.19,0.14,6054.93,"1,513.73",Sindh,1
7/17/2023,Creatine,Performance,387,143,215,43,57.33,0.10,8198.19,"2,049.55",Sindh,0
7/17/2023,Zinc,Mineral,461,146,219,16.13,21.5,0.15,3139.00,784.75,Punjab,0
7/17/2023,Collagen Peptides,Protein,334,149,224,23.32,31.09,0.00,4632.41,"1,158.10",KP,1
7/17/2023,Magnesium,Mineral,353,145,218,19.71,26.28,0.12,3810.60,952.65,KP,1
7/17/2023,Ashwagandha,Herbal,421,144,216,21,28,0.22,4032.00,"1,008.00",Punjab,1
7/17/2023,Melatonin,Sleep Aid,429,135,203,40.96,54.61,0.18,7372.35,"1,843.09",Sindh,1
7/17/2023,Biotin,Vitamin,80,166,249,24.53,32.7,0.13,5428.20,"1,357.05",Sindh,0
7/17/2023,Green Tea Extract,Fat Burner,476,124,186,26.81,35.75,0.12,4433.00,"1,108.25",KP,1
7/17/2023,Iron Supplement,Mineral,187,149,224,16.52,22.03,0.07,3282.47,820.62,Sindh,0
7/17/2023,Electrolyte Powder,Hydration,255,128,192,33.07,44.09,0.13,5643.52,"1,410.88",Balochistan,0
7/24/2023,Whey Protein,Protein,313,137,206,12.75,17,0.10,2329.00,582.25,Balochistan,1
7/24/2023,Vitamin C,Vitamin,238,152,228,42.8,57.06,0.18,8673.12,"2,168.28",KP,1
7/24/2023,Fish Oil,Omega,186,173,260,28.55,38.06,0.15,6584.38,"1,646.10",Punjab,1
7/24/2023,Multivitamin,Vitamin,400,164,246,28.31,37.74,0.18,6189.36,"1,547.34",Punjab,0
7/24/2023,Pre-Workout,Performance,163,167,251,31.62,42.16,0.10,7040.72,"1,760.18",Sindh,0
7/24/2023,BCAA,Amino Acid,76,169,254,30.89,41.19,0.03,6961.11,"1,740.28",Punjab,1
7/24/2023,Creatine,Performance,109,177,266,26.95,35.93,0.19,6359.61,"1,589.90",Balochistan,0
7/24/2023,Zinc,Mineral,309,158,237,26.03,34.71,0.21,5484.18,"1,371.05",Sindh,1
7/24/2023,Collagen Peptides,Protein,467,147,221,22.25,29.67,0.18,4361.49,"1,090.37",Balochistan,0
7/24/2023,Magnesium,Mineral,398,141,212,13.28,17.7,0.17,2495.70,623.93,KP,1
7/24/2023,Ashwagandha,Herbal,468,155,233,28.25,37.67,0.02,5838.85,"1,459.71",Sindh,0
7/24/2023,Melatonin,Sleep Aid,379,154,231,41.21,54.94,0.20,8460.76,"2,115.19",KP,0
7/24/2023,Biotin,Vitamin,73,153,230,24.72,32.96,0.20,5042.88,"1,260.72",KP,1
7/24/2023,Green Tea Extract,Fat Burner,325,124,186,34.91,46.55,0.13,5772.20,"1,443.05",Balochistan,0
7/24/2023,Iron Supplement,Mineral,463,132,198,19.54,26.05,0.07,3438.60,859.65,KP,0
7/24/2023,Electrolyte Powder,Hydration,477,152,228,31.55,42.07,0.07,6394.64,"1,598.66",Balochistan,1
7/31/2023,Whey Protein,Protein,74,140,210,36.84,49.12,0.18,6876.80,"1,719.20",KP,0
7/31/2023,Vitamin C,Vitamin,273,133,200,36.62,48.83,0.08,6494.39,"1,623.60",Punjab,1
7/31/2023,Fish Oil,Omega,133,133,200,8.21,10.94,0.10,1455.02,363.76,Balochistan,1
7/31/2023,Multivitamin,Vitamin,193,149,224,24.17,32.22,0.01,4800.78,"1,200.20",Balochistan,0
7/31/2023,Pre-Workout,Performance,406,160,240,34.32,45.76,0.09,7321.60,"1,830.40",KP,0
7/31/2023,BCAA,Amino Acid,115,152,228,30.89,41.19,0.01,6260.88,"1,565.22",Punjab,1
7/31/2023,Creatine,Performance,485,149,224,31.69,42.25,0.14,6295.25,"1,573.81",KP,1
7/31/2023,Zinc,Mineral,215,166,249,26.13,34.84,0.12,5783.44,"1,445.86",Sindh,1
7/31/2023,Collagen Peptides,Protein,218,148,222,8.12,10.82,0.04,1601.36,400.34,Balochistan,1
7/31/2023,Magnesium,Mineral,231,163,245,27.1,36.13,0.09,5889.19,"1,472.30",KP,0
7/31/2023,Ashwagandha,Herbal,370,129,194,20.54,27.38,0.25,3532.02,883.01,Balochistan,1
7/31/2023,Melatonin,Sleep Aid,183,140,210,38.82,51.76,0.05,7246.40,"1,811.60",Punjab,1
7/31/2023,Biotin,Vitamin,500,129,194,25.91,34.54,0.11,4455.66,"1,113.92",Balochistan,0
7/31/2023,Green Tea Extract,Fat Burner,110,134,201,27.35,36.46,0.13,4885.64,"1,221.41",Punjab,0
7/31/2023,Iron Supplement,Mineral,185,158,237,28.88,38.51,0.14,6084.58,"1,521.15",KP,0
7/31/2023,Electrolyte Powder,Hydration,313,130,195,18.03,24.04,0.13,3125.20,781.3,Sindh,1
08/07/2023,Whey Protein,Protein,51,158,237,29.67,39.56,0.24,6250.48,"1,562.62",Sindh,1
08/07/2023,Vitamin C,Vitamin,90,165,248,36.53,48.7,0.07,8035.50,"2,008.88",Punjab,1
08/07/2023,Fish Oil,Omega,68,169,254,9.86,13.15,0.15,2222.35,555.59,Punjab,1
08/07/2023,Multivitamin,Vitamin,363,162,243,40.31,53.74,0.20,8705.88,"2,176.47",Sindh,0
08/07/2023,Pre-Workout,Performance,153,146,219,23.15,30.87,0.24,4507.02,"1,126.76",Balochistan,1
08/07/2023,BCAA,Amino Acid,250,131,197,30.89,41.19,0.22,5395.89,"1,348.97",Balochistan,0
08/07/2023,Creatine,Performance,425,142,213,20.36,27.14,0.08,3853.88,963.47,Sindh,1
08/07/2023,Zinc,Mineral,139,154,231,19.01,25.35,0.05,3903.90,975.97,Balochistan,0
08/07/2023,Collagen Peptides,Protein,449,136,204,27.8,37.07,0.15,5041.52,"1,260.38",Sindh,1
08/07/2023,Magnesium,Mineral,117,153,230,25.49,33.98,0.16,5198.94,"1,299.74",KP,1
08/07/2023,Ashwagandha,Herbal,200,156,234,20.01,26.68,0.08,4162.08,"1,040.52",Sindh,0
08/07/2023,Melatonin,Sleep Aid,115,164,246,9.23,12.3,0.25,2017.20,504.3,Sindh,0
08/07/2023,Biotin,Vitamin,229,134,201,35.2,46.93,0.07,6288.62,"1,572.16",KP,1
08/07/2023,Green Tea Extract,Fat Burner,201,147,221,19.88,26.51,0.18,3896.97,974.24,Sindh,1
08/07/2023,Iron Supplement,Mineral,480,133,200,31.53,42.04,0.20,5591.32,"1,397.83",Punjab,1
08/07/2023,Electrolyte Powder,Hydration,419,153,230,19.18,25.57,0.01,3912.21,978.05,Punjab,0
8/14/2023,Whey Protein,Protein,283,146,219,34.07,45.42,0.21,6631.32,"1,657.83",Punjab,1
8/14/2023,Vitamin C,Vitamin,130,158,237,8,10.66,0.09,1684.28,421.07,KP,0
8/14/2023,Fish Oil,Omega,267,129,194,23.59,31.45,0.00,4057.05,"1,014.26",KP,0
8/14/2023,Multivitamin,Vitamin,345,142,213,31.19,41.58,0.06,5904.36,"1,476.09",Sindh,0
8/14/2023,Pre-Workout,Performance,85,168,252,22.21,29.61,0.18,4974.48,"1,243.62",Punjab,1
8/14/2023,BCAA,Amino Acid,169,154,231,30.89,41.19,0.24,6343.26,"1,585.82",Punjab,1
8/14/2023,Creatine,Performance,58,141,212,43.4,57.87,0.11,8159.67,"2,039.92",KP,0
8/14/2023,Zinc,Mineral,167,158,237,17.52,23.36,0.22,3690.88,922.72,KP,0
8/14/2023,Collagen Peptides,Protein,478,126,189,30.26,40.35,0.03,5084.10,"1,271.03",KP,0
8/14/2023,Magnesium,Mineral,495,154,231,16.12,21.49,0.20,3309.46,827.37,KP,0
8/14/2023,Ashwagandha,Herbal,178,156,234,11.8,15.73,0.18,2453.88,613.47,Punjab,1
8/14/2023,Melatonin,Sleep Aid,389,137,206,32,42.66,0.06,5844.42,"1,461.11",Punjab,1
8/14/2023,Biotin,Vitamin,384,147,221,9.51,12.68,0.11,1863.96,465.99,Sindh,1
8/14/2023,Green Tea Extract,Fat Burner,219,158,237,7.86,10.48,0.24,1655.84,413.96,KP,0
8/14/2023,Iron Supplement,Mineral,304,149,224,20.84,27.79,0.21,4140.71,"1,035.18",Sindh,0
8/14/2023,Electrolyte Powder,Hydration,389,149,224,44.87,59.83,0.14,8914.67,"2,228.67",Balochistan,0
8/21/2023,Whey Protein,Protein,306,147,221,42.85,57.13,0.04,8398.11,"2,099.53",Balochistan,0
8/21/2023,Vitamin C,Vitamin,438,135,203,9.83,13.1,0.02,1768.50,442.13,Punjab,1
8/21/2023,Fish Oil,Omega,452,150,225,9.18,12.24,0.24,1836.00,459,Punjab,0
8/21/2023,Multivitamin,Vitamin,199,142,213,29.2,38.93,0.06,5528.06,"1,382.02",Sindh,1
8/21/2023,Pre-Workout,Performance,173,150,225,18.42,24.56,0.20,3684.00,921,Balochistan,1
8/21/2023,BCAA,Amino Acid,56,156,234,30.89,41.19,0.08,6425.64,"1,606.41",Punjab,0
8/21/2023,Creatine,Performance,332,161,242,20.78,27.71,0.17,4461.31,"1,115.33",Sindh,0
8/21/2023,Zinc,Mineral,357,154,231,32.99,43.99,0.03,6774.46,"1,693.62",Punjab,0
8/21/2023,Collagen Peptides,Protein,395,151,227,9.64,12.85,0.10,1940.35,485.09,KP,0
8/21/2023,Magnesium,Mineral,390,173,260,23.56,31.41,0.14,5433.93,"1,358.48",Sindh,0
8/21/2023,Ashwagandha,Herbal,124,136,204,30.37,40.49,0.23,5506.64,"1,376.66",Balochistan,1
8/21/2023,Melatonin,Sleep Aid,190,139,209,37.83,50.44,0.07,7011.16,"1,752.79",Sindh,1
8/21/2023,Biotin,Vitamin,100,152,228,21.29,28.38,0.20,4313.76,"1,078.44",Balochistan,0
8/21/2023,Green Tea Extract,Fat Burner,304,122,183,39.51,52.68,0.19,6426.96,"1,606.74",Sindh,1
8/21/2023,Iron Supplement,Mineral,265,152,228,39.02,52.03,0.20,7908.56,"1,977.14",Punjab,0
8/21/2023,Electrolyte Powder,Hydration,404,149,224,40.46,53.95,0.16,8038.55,"2,009.64",Balochistan,1
8/28/2023,Whey Protein,Protein,495,154,231,22.28,29.71,0.08,4575.34,"1,143.84",Punjab,1
8/28/2023,Vitamin C,Vitamin,112,153,230,17.39,23.18,0.19,3546.54,886.64,Balochistan,1
8/28/2023,Fish Oil,Omega,90,127,191,40.69,54.25,0.19,6889.75,"1,722.44",KP,1
8/28/2023,Multivitamin,Vitamin,215,174,261,43.55,58.06,0.06,10102.44,"2,525.61",KP,1
8/28/2023,Pre-Workout,Performance,457,148,222,27.71,36.95,0.20,5468.60,"1,367.15",KP,1
8/28/2023,BCAA,Amino Acid,173,146,219,30.89,41.19,0.01,6013.74,"1,503.44",Balochistan,0
8/28/2023,Creatine,Performance,110,126,189,27.71,36.95,0.05,4655.70,"1,163.93",Punjab,1
8/28/2023,Zinc,Mineral,389,137,206,37.49,49.98,0.12,6847.26,"1,711.82",Sindh,1
8/28/2023,Collagen Peptides,Protein,202,158,237,35.2,46.93,0.12,7414.94,"1,853.74",Balochistan,0
8/28/2023,Magnesium,Mineral,221,165,248,8.74,11.65,0.07,1922.25,480.56,Punjab,0
8/28/2023,Ashwagandha,Herbal,72,158,237,36.02,48.03,0.18,7588.74,"1,897.19",KP,1
8/28/2023,Melatonin,Sleep Aid,394,163,245,22.59,30.12,0.12,4909.56,"1,227.39",KP,0
8/28/2023,Biotin,Vitamin,98,166,249,20.33,27.1,0.23,4498.60,"1,124.65",Balochistan,1
8/28/2023,Green Tea Extract,Fat Burner,77,137,206,44.66,59.54,0.21,8156.98,"2,039.25",Balochistan,0
8/28/2023,Iron Supplement,Mineral,479,139,209,27.22,36.29,0.22,5044.31,"1,261.08",Balochistan,1
8/28/2023,Electrolyte Powder,Hydration,197,126,189,17.62,23.49,0.18,2959.74,739.94,KP,1
09/04/2023,Whey Protein,Protein,489,157,236,24.49,32.65,0.19,5126.05,"1,281.51",KP,0
09/04/2023,Vitamin C,Vitamin,204,158,237,30.97,41.29,0.18,6523.82,"1,630.96",KP,1
09/04/2023,Fish Oil,Omega,370,149,224,35.14,46.85,0.17,6980.65,"1,745.16",Sindh,0
09/04/2023,Multivitamin,Vitamin,167,167,251,9.8,13.06,0.21,2181.02,545.26,KP,0
09/04/2023,Pre-Workout,Performance,182,164,246,8.66,11.54,0.23,1892.56,473.14,KP,1
09/04/2023,BCAA,Amino Acid,92,162,243,30.89,41.19,0.03,6672.78,"1,668.20",Balochistan,0
09/04/2023,Creatine,Performance,475,167,251,23.01,30.68,0.11,5123.56,"1,280.89",Punjab,1
09/04/2023,Zinc,Mineral,497,168,252,44.93,59.9,0.15,10063.20,"2,515.80",Sindh,0
09/04/2023,Collagen Peptides,Protein,88,138,207,31.87,42.49,0.23,5863.62,"1,465.91",Sindh,0
09/04/2023,Magnesium,Mineral,474,174,261,40.07,53.43,0.02,9296.82,"2,324.21",KP,0
09/04/2023,Ashwagandha,Herbal,500,154,231,9.62,12.83,0.17,1975.82,493.96,Punjab,0
09/04/2023,Melatonin,Sleep Aid,478,149,224,41.69,55.59,0.21,8282.91,"2,070.73",Balochistan,0
09/04/2023,Biotin,Vitamin,57,146,219,21.47,28.62,0.03,4178.52,"1,044.63",KP,0
09/04/2023,Green Tea Extract,Fat Burner,470,153,230,20.73,27.64,0.14,4228.92,"1,057.23",Balochistan,1
09/04/2023,Iron Supplement,Mineral,474,142,213,10.37,13.82,0.15,1962.44,490.61,KP,0
09/04/2023,Electrolyte Powder,Hydration,445,119,179,30.86,41.14,0.03,4895.66,"1,223.92",Balochistan,1
09/11/2023,Whey Protein,Protein,265,147,221,26.48,35.3,0.02,5189.10,"1,297.28",Punjab,1
09/11/2023,Vitamin C,Vitamin,246,151,227,11.08,14.77,0.11,2230.27,557.57,Punjab,1
09/11/2023,Fish Oil,Omega,140,158,237,40.2,53.6,0.24,8468.80,"2,117.20",Sindh,1
09/11/2023,Multivitamin,Vitamin,474,154,231,14.31,19.08,0.17,2938.32,734.58,Punjab,1
09/11/2023,Pre-Workout,Performance,289,149,224,26.06,34.75,0.11,5177.75,"1,294.44",KP,0
09/11/2023,BCAA,Amino Acid,254,150,225,30.89,41.19,0.22,6178.50,"1,544.63",Sindh,0
09/11/2023,Creatine,Performance,432,144,216,34.76,46.34,0.08,6672.96,"1,668.24",Sindh,1
09/11/2023,Zinc,Mineral,60,145,218,19.76,26.35,0.16,3820.75,955.19,Sindh,1
09/11/2023,Collagen Peptides,Protein,175,148,222,19.46,25.95,0.11,3840.60,960.15,Balochistan,1
09/11/2023,Magnesium,Mineral,438,161,242,34.94,46.59,0.20,7500.99,"1,875.25",Punjab,0
09/11/2023,Ashwagandha,Herbal,445,157,236,44.39,59.18,0.14,9291.26,"2,322.82",Sindh,1
09/11/2023,Melatonin,Sleep Aid,288,142,213,42.18,56.24,0.04,7986.08,"1,996.52",Sindh,1
09/11/2023,Biotin,Vitamin,487,142,213,32.26,43.01,0.08,6107.42,"1,526.86",Sindh,1
09/11/2023,Green Tea Extract,Fat Burner,156,132,198,15.32,20.42,0.07,2695.44,673.86,Punjab,0
09/11/2023,Iron Supplement,Mineral,467,126,189,13.66,18.21,0.23,2294.46,573.62,Punjab,1
09/11/2023,Electrolyte Powder,Hydration,223,156,234,16.52,22.02,0.14,3435.12,858.78,Sindh,1
9/18/2023,Whey Protein,Protein,494,160,240,32.65,43.53,0.11,6964.80,"1,741.20",Punjab,0
9/18/2023,Vitamin C,Vitamin,125,163,245,19.52,26.03,0.14,4242.89,"1,060.72",Sindh,1
9/18/2023,Fish Oil,Omega,269,152,228,18.1,24.13,0.05,3667.76,916.94,KP,1
9/18/2023,Multivitamin,Vitamin,110,153,230,19.73,26.31,0.15,4025.43,"1,006.36",KP,1
9/18/2023,Pre-Workout,Performance,255,131,197,21.3,28.4,0.17,3720.40,930.1,Punjab,1
9/18/2023,BCAA,Amino Acid,317,165,248,30.89,41.19,0.18,6796.35,"1,699.09",Sindh,0
9/18/2023,Creatine,Performance,241,161,242,14.72,19.63,0.15,3160.43,790.11,Punjab,0
9/18/2023,Zinc,Mineral,182,143,215,34.38,45.84,0.07,6555.12,"1,638.78",Punjab,1
9/18/2023,Collagen Peptides,Protein,372,135,203,29.72,39.63,0.09,5350.05,"1,337.51",KP,0
9/18/2023,Magnesium,Mineral,103,131,197,32.24,42.99,0.02,5631.69,"1,407.92",Punjab,0
9/18/2023,Ashwagandha,Herbal,356,133,200,13.96,18.61,0.02,2475.13,618.78,Sindh,0
9/18/2023,Melatonin,Sleep Aid,237,149,224,11.21,14.94,0.04,2226.06,556.52,Punjab,1
9/18/2023,Biotin,Vitamin,180,160,240,22.82,30.42,0.08,4867.20,"1,216.80",Punjab,0
9/18/2023,Green Tea Extract,Fat Burner,252,175,263,37.04,49.39,0.16,8643.25,"2,160.81",Balochistan,0
9/18/2023,Iron Supplement,Mineral,359,130,195,13.33,17.77,0.10,2310.10,577.53,Balochistan,0
9/18/2023,Electrolyte Powder,Hydration,440,161,242,32.69,43.58,0.04,7016.38,"1,754.10",KP,1
9/25/2023,Whey Protein,Protein,191,178,267,10.79,14.38,0.12,2559.64,639.91,Balochistan,1
9/25/2023,Vitamin C,Vitamin,496,152,228,44.03,58.71,0.21,8923.92,"2,230.98",KP,1
9/25/2023,Fish Oil,Omega,188,171,257,21.44,28.59,0.12,4888.89,"1,222.22",KP,1
9/25/2023,Multivitamin,Vitamin,275,156,234,43.41,57.88,0.04,9029.28,"2,257.32",Balochistan,0
9/25/2023,Pre-Workout,Performance,264,155,233,13.91,18.54,0.22,2873.70,718.43,Balochistan,0
9/25/2023,BCAA,Amino Acid,379,156,234,30.89,41.19,0.12,6425.64,"1,606.41",KP,1
9/25/2023,Creatine,Performance,295,145,218,25.05,33.4,0.05,4843.00,"1,210.75",Punjab,1
9/25/2023,Zinc,Mineral,151,162,243,44.96,59.95,0.17,9711.90,"2,427.98",Punjab,0
9/25/2023,Collagen Peptides,Protein,98,140,210,36.74,48.99,0.06,6858.60,"1,714.65",KP,1
9/25/2023,Magnesium,Mineral,230,143,215,13.94,18.59,0.03,2658.37,664.59,KP,1
9/25/2023,Ashwagandha,Herbal,449,161,242,21.14,28.19,0.11,4538.59,"1,134.65",Sindh,0
9/25/2023,Melatonin,Sleep Aid,239,139,209,27.9,37.2,0.15,5170.80,"1,292.70",Balochistan,1
9/25/2023,Biotin,Vitamin,397,162,243,26.45,35.26,0.21,5712.12,"1,428.03",Sindh,0
9/25/2023,Green Tea Extract,Fat Burner,92,141,212,40.84,54.45,0.19,7677.45,"1,919.36",Sindh,1
9/25/2023,Iron Supplement,Mineral,68,126,189,12.92,17.23,0.13,2170.98,542.75,Sindh,0
9/25/2023,Electrolyte Powder,Hydration,178,134,201,31.13,41.51,0.09,5562.34,"1,390.59",Sindh,0
10/02/2023,Whey Protein,Protein,394,143,215,42.81,57.08,0.08,8162.44,"2,040.61",Balochistan,1
10/02/2023,Vitamin C,Vitamin,215,164,246,34.13,45.51,0.16,7463.64,"1,865.91",Punjab,0
10/02/2023,Fish Oil,Omega,172,163,245,32.34,43.12,0.16,7028.56,"1,757.14",Sindh,0
10/02/2023,Multivitamin,Vitamin,389,151,227,36.08,48.1,0.13,7263.10,"1,815.78",Sindh,1
10/02/2023,Pre-Workout,Performance,420,159,239,13.7,18.26,0.24,2903.34,725.84,Punjab,1
10/02/2023,BCAA,Amino Acid,257,148,222,30.89,41.19,0.09,6096.12,"1,524.03",Punjab,0
10/02/2023,Creatine,Performance,120,163,245,37.43,49.9,0.14,8133.70,"2,033.43",Punjab,1
10/02/2023,Zinc,Mineral,453,153,230,9.4,12.53,0.22,1917.09,479.27,Punjab,1
10/02/2023,Collagen Peptides,Protein,486,144,216,25.86,34.48,0.24,4965.12,"1,241.28",Sindh,1
10/02/2023,Magnesium,Mineral,415,170,255,38.66,51.55,0.18,8763.50,"2,190.88",Punjab,1
10/02/2023,Ashwagandha,Herbal,478,152,228,29.9,39.87,0.17,6060.24,"1,515.06",Balochistan,1
10/02/2023,Melatonin,Sleep Aid,143,146,219,21.53,28.71,0.09,4191.66,"1,047.92",Sindh,0
10/02/2023,Biotin,Vitamin,334,175,263,7.55,10.06,0.19,1760.50,440.13,Balochistan,0
10/02/2023,Green Tea Extract,Fat Burner,121,154,231,36.68,48.9,0.11,7530.60,"1,882.65",KP,1
10/02/2023,Iron Supplement,Mineral,191,158,237,19.84,26.45,0.11,4179.10,"1,044.78",KP,1
10/02/2023,Electrolyte Powder,Hydration,369,148,222,28.46,37.95,0.17,5616.60,"1,404.15",Balochistan,0
10/09/2023,Whey Protein,Protein,367,166,249,15.95,21.27,0.17,3530.82,882.7,Sindh,1
10/09/2023,Vitamin C,Vitamin,86,150,225,37.72,50.29,0.15,7543.50,"1,885.88",Sindh,1
10/09/2023,Fish Oil,Omega,82,145,218,28.82,38.42,0.03,5570.90,"1,392.73",KP,1
10/09/2023,Multivitamin,Vitamin,261,140,210,39.13,52.17,0.11,7303.80,"1,825.95",Punjab,0
10/09/2023,Pre-Workout,Performance,69,169,254,28.73,38.31,0.07,6474.39,"1,618.60",Sindh,1
10/09/2023,BCAA,Amino Acid,237,153,230,30.89,41.19,0.22,6302.07,"1,575.52",Punjab,0
10/09/2023,Creatine,Performance,343,151,227,14.43,19.24,0.08,2905.24,726.31,Sindh,0
10/09/2023,Zinc,Mineral,169,148,222,13.05,17.4,0.13,2575.20,643.8,Sindh,1
10/09/2023,Collagen Peptides,Protein,496,151,227,44.61,59.48,0.03,8981.48,"2,245.37",Balochistan,0
10/09/2023,Magnesium,Mineral,432,134,201,21.47,28.63,0.18,3836.42,959.11,Sindh,0
10/09/2023,Ashwagandha,Herbal,190,155,233,28.06,37.41,0.13,5798.55,"1,449.64",Balochistan,1
10/09/2023,Melatonin,Sleep Aid,379,147,221,24.83,33.1,0.23,4865.70,"1,216.43",Balochistan,1
10/09/2023,Biotin,Vitamin,265,163,245,34.4,45.86,0.10,7475.18,"1,868.80",Sindh,0
10/09/2023,Green Tea Extract,Fat Burner,495,144,216,19.94,26.59,0.12,3828.96,957.24,Balochistan,0
10/09/2023,Iron Supplement,Mineral,444,143,215,16.08,21.44,0.05,3065.92,766.48,Sindh,0
10/09/2023,Electrolyte Powder,Hydration,447,156,234,15.79,21.05,0.11,3283.80,820.95,Balochistan,0
10/16/2023,Whey Protein,Protein,494,158,237,13.52,18.02,0.22,2847.16,711.79,Punjab,0
10/16/2023,Vitamin C,Vitamin,197,159,239,43.62,58.16,0.12,9247.44,"2,311.86",Balochistan,0
10/16/2023,Fish Oil,Omega,315,144,216,24.88,33.17,0.11,4776.48,"1,194.12",Balochistan,1
10/16/2023,Multivitamin,Vitamin,100,165,248,25.88,34.51,0.09,5694.15,"1,423.54",Balochistan,1
10/16/2023,Pre-Workout,Performance,265,132,198,33.06,44.08,0.23,5818.56,"1,454.64",Sindh,1
10/16/2023,BCAA,Amino Acid,441,155,233,30.89,41.19,0.03,6384.45,"1,596.11",Sindh,0
10/16/2023,Creatine,Performance,261,159,239,31.96,42.61,0.13,6774.99,"1,693.75",Balochistan,1
10/16/2023,Zinc,Mineral,411,144,216,34.69,46.25,0.04,6660.00,"1,665.00",Punjab,0
10/16/2023,Collagen Peptides,Protein,129,157,236,12.57,16.76,0.08,2631.32,657.83,Punjab,0
10/16/2023,Magnesium,Mineral,77,157,236,38.59,51.45,0.19,8077.65,"2,019.41",Punjab,1
10/16/2023,Ashwagandha,Herbal,431,158,237,35.56,47.41,0.05,7490.78,"1,872.70",Sindh,0
10/16/2023,Melatonin,Sleep Aid,264,140,210,37.26,49.68,0.18,6955.20,"1,738.80",Balochistan,1
10/16/2023,Biotin,Vitamin,67,125,188,33.72,44.96,0.07,5620.00,"1,405.00",Sindh,0
10/16/2023,Green Tea Extract,Fat Burner,296,152,228,31.6,42.13,0.08,6403.76,"1,600.94",Balochistan,1
10/16/2023,Iron Supplement,Mineral,461,164,246,42.41,56.54,0.13,9272.56,"2,318.14",KP,1
10/16/2023,Electrolyte Powder,Hydration,254,139,209,22.64,30.19,0.19,4196.41,"1,049.10",Sindh,0
10/23/2023,Whey Protein,Protein,388,150,225,21.65,28.86,0.05,4329.00,"1,082.25",Punjab,1
10/23/2023,Vitamin C,Vitamin,281,154,231,25.75,34.33,0.24,5286.82,"1,321.71",Sindh,1
10/23/2023,Fish Oil,Omega,341,132,198,44.09,58.78,0.18,7758.96,"1,939.74",Balochistan,0
10/23/2023,Multivitamin,Vitamin,210,143,215,34.28,45.7,0.07,6535.10,"1,633.78",Punjab,0
10/23/2023,Pre-Workout,Performance,482,154,231,38.52,51.36,0.21,7909.44,"1,977.36",Balochistan,1
10/23/2023,BCAA,Amino Acid,282,162,243,30.89,41.19,0.21,6672.78,"1,668.20",Punjab,0
10/23/2023,Creatine,Performance,356,140,210,12.82,17.09,0.17,2392.60,598.15,Punjab,1
10/23/2023,Zinc,Mineral,102,161,242,30.89,41.19,0.21,6631.59,"1,657.90",Punjab,0
10/23/2023,Collagen Peptides,Protein,413,153,230,14.69,19.58,0.24,2995.74,748.94,KP,0
10/23/2023,Magnesium,Mineral,344,151,227,27.76,37.01,0.15,5588.51,"1,397.13",Balochistan,1
10/23/2023,Ashwagandha,Herbal,207,148,222,15.62,20.82,0.13,3081.36,770.34,Sindh,1
10/23/2023,Melatonin,Sleep Aid,125,177,266,37.42,49.89,0.04,8830.53,"2,207.63",KP,0
10/23/2023,Biotin,Vitamin,238,154,231,11.75,15.66,0.03,2411.64,602.91,Balochistan,0
10/23/2023,Green Tea Extract,Fat Burner,438,135,203,20.89,27.85,0.14,3759.75,939.94,Balochistan,1
10/23/2023,Iron Supplement,Mineral,324,157,236,24.92,33.22,0.10,5215.54,"1,303.89",Sindh,1
10/23/2023,Electrolyte Powder,Hydration,153,144,216,35.38,47.17,0.09,6792.48,"1,698.12",KP,1
10/30/2023,Whey Protein,Protein,80,144,216,9.2,12.26,0.10,1765.44,441.36,Punjab,1
10/30/2023,Vitamin C,Vitamin,148,149,224,33.74,44.98,0.24,6702.02,"1,675.51",Sindh,1
10/30/2023,Fish Oil,Omega,91,128,192,27.58,36.77,0.00,4706.56,"1,176.64",Punjab,0
10/30/2023,Multivitamin,Vitamin,496,171,257,37.46,49.94,0.25,8539.74,"2,134.94",KP,1
10/30/2023,Pre-Workout,Performance,105,112,168,15.71,20.94,0.13,2345.28,586.32,Balochistan,1
10/30/2023,BCAA,Amino Acid,171,165,248,30.89,41.19,0.13,6796.35,"1,699.09",KP,1
10/30/2023,Creatine,Performance,148,148,222,41.87,55.82,0.10,8261.36,"2,065.34",KP,0
10/30/2023,Zinc,Mineral,55,144,216,44.81,59.75,0.01,8604.00,"2,151.00",KP,0
10/30/2023,Collagen Peptides,Protein,276,136,204,9.4,12.53,0.14,1704.08,426.02,Balochistan,0
10/30/2023,Magnesium,Mineral,385,134,201,15.65,20.87,0.06,2796.58,699.15,KP,1
10/30/2023,Ashwagandha,Herbal,484,153,230,8.16,10.88,0.06,1664.64,416.16,Punjab,1
10/30/2023,Melatonin,Sleep Aid,278,144,216,37.04,49.39,0.16,7112.16,"1,778.04",Punjab,1
10/30/2023,Biotin,Vitamin,109,157,236,29.81,39.74,0.20,6239.18,"1,559.80",Punjab,1
10/30/2023,Green Tea Extract,Fat Burner,417,152,228,35.47,47.29,0.05,7188.08,"1,797.02",Balochistan,0
10/30/2023,Iron Supplement,Mineral,246,162,243,25.24,33.65,0.05,5451.30,"1,362.83",Sindh,0
10/30/2023,Electrolyte Powder,Hydration,232,159,239,31.91,42.54,0.04,6763.86,"1,690.97",Sindh,0
11/06/2023,Whey Protein,Protein,144,153,230,35.12,46.82,0.24,7163.46,"1,790.87",Punjab,0
11/06/2023,Vitamin C,Vitamin,174,153,230,40.88,54.5,0.22,8338.50,"2,084.63",KP,0
11/06/2023,Fish Oil,Omega,409,150,225,23.52,31.36,0.11,4704.00,"1,176.00",Punjab,1
11/06/2023,Multivitamin,Vitamin,119,141,212,38.09,50.78,0.16,7159.98,"1,790.00",KP,0
11/06/2023,Pre-Workout,Performance,94,141,212,25.97,34.62,0.02,4881.42,"1,220.36",KP,1
11/06/2023,BCAA,Amino Acid,121,134,201,30.89,41.19,0.24,5519.46,"1,379.87",Sindh,0
11/06/2023,Creatine,Performance,474,148,222,32.9,43.87,0.15,6492.76,"1,623.19",KP,1
11/06/2023,Zinc,Mineral,140,163,245,31.6,42.13,0.22,6867.19,"1,716.80",KP,1
11/06/2023,Collagen Peptides,Protein,401,142,213,27.8,37.07,0.23,5263.94,"1,315.99",Punjab,0
11/06/2023,Magnesium,Mineral,279,146,219,16.86,22.48,0.24,3282.08,820.52,Punjab,1
11/06/2023,Ashwagandha,Herbal,236,167,251,31.76,42.35,0.22,7072.45,"1,768.11",Punjab,1
11/06/2023,Melatonin,Sleep Aid,300,124,186,24.43,32.57,0.10,4038.68,"1,009.67",Sindh,0
11/06/2023,Biotin,Vitamin,484,143,215,17.81,23.74,0.14,3394.82,848.71,KP,0
11/06/2023,Green Tea Extract,Fat Burner,358,135,203,14.5,19.33,0.06,2609.55,652.39,KP,0
11/06/2023,Iron Supplement,Mineral,158,131,197,8.36,11.15,0.09,1460.65,365.16,KP,1
11/06/2023,Electrolyte Powder,Hydration,343,130,195,41.6,55.47,0.03,7211.10,"1,802.78",Punjab,0
11/13/2023,Whey Protein,Protein,75,142,213,7.69,10.25,0.10,1455.50,363.88,KP,0
11/13/2023,Vitamin C,Vitamin,471,144,216,34.37,45.83,0.09,6599.52,"1,649.88",Punjab,0
11/13/2023,Fish Oil,Omega,175,175,263,18.98,25.31,0.12,4429.25,"1,107.31",Punjab,1
11/13/2023,Multivitamin,Vitamin,458,151,227,32.52,43.36,0.16,6547.36,"1,636.84",Punjab,1
11/13/2023,Pre-Workout,Performance,205,133,200,20.86,27.81,0.12,3698.73,924.68,Sindh,1
11/13/2023,BCAA,Amino Acid,446,149,224,30.89,41.19,0.21,6137.31,"1,534.33",Punjab,1
11/13/2023,Creatine,Performance,256,150,225,24.94,33.25,0.14,4987.50,"1,246.88",Punjab,1
11/13/2023,Zinc,Mineral,372,155,233,25.93,34.57,0.09,5358.35,"1,339.59",KP,0
11/13/2023,Collagen Peptides,Protein,203,148,222,33.1,44.13,0.01,6531.24,"1,632.81",Punjab,1
11/13/2023,Magnesium,Mineral,436,145,218,26.03,34.71,0.01,5032.95,"1,258.24",Sindh,0
11/13/2023,Ashwagandha,Herbal,151,147,221,26.24,34.98,0.18,5142.06,"1,285.52",KP,1
11/13/2023,Melatonin,Sleep Aid,474,160,240,41.4,55.2,0.01,8832.00,"2,208.00",KP,1
11/13/2023,Biotin,Vitamin,71,156,234,22.9,30.53,0.24,4762.68,"1,190.67",Sindh,1
11/13/2023,Green Tea Extract,Fat Burner,277,158,237,26.27,35.03,0.24,5534.74,"1,383.69",Punjab,1
11/13/2023,Iron Supplement,Mineral,275,168,252,17.21,22.95,0.23,3855.60,963.9,Sindh,1
11/13/2023,Electrolyte Powder,Hydration,417,162,243,39.41,52.55,0.16,8513.10,"2,128.28",KP,1
11/20/2023,Whey Protein,Protein,411,155,233,22.95,30.6,0.04,4743.00,"1,185.75",KP,1
11/20/2023,Vitamin C,Vitamin,239,139,209,25.56,34.08,0.13,4737.12,"1,184.28",Sindh,0
11/20/2023,Fish Oil,Omega,126,157,236,20.93,27.9,0.22,4380.30,"1,095.08",Balochistan,1
11/20/2023,Multivitamin,Vitamin,172,158,237,7.52,10.03,0.22,1584.74,396.19,Balochistan,1
11/20/2023,Pre-Workout,Performance,293,133,200,32.3,43.07,0.16,5728.31,"1,432.08",KP,0
11/20/2023,BCAA,Amino Acid,392,135,203,30.89,41.19,0.10,5560.65,"1,390.16",Punjab,1
11/20/2023,Creatine,Performance,288,168,252,39.37,52.49,0.01,8818.32,"2,204.58",KP,1
11/20/2023,Zinc,Mineral,64,141,212,37.61,50.14,0.10,7069.74,"1,767.44",Sindh,1
11/20/2023,Collagen Peptides,Protein,152,126,189,36,48,0.11,6048.00,"1,512.00",Punjab,0
11/20/2023,Magnesium,Mineral,500,157,236,12.86,17.14,0.19,2690.98,672.75,Balochistan,1
11/20/2023,Ashwagandha,Herbal,83,146,219,7.95,10.6,0.07,1547.60,386.9,KP,1
11/20/2023,Melatonin,Sleep Aid,304,140,210,12.05,16.07,0.03,2249.80,562.45,KP,1
11/20/2023,Biotin,Vitamin,224,153,230,20.47,27.29,0.17,4175.37,"1,043.84",Balochistan,0
11/20/2023,Green Tea Extract,Fat Burner,448,154,231,7.58,10.1,0.23,1555.40,388.85,KP,0
11/20/2023,Iron Supplement,Mineral,333,172,258,19.79,26.39,0.10,4539.08,"1,134.77",Sindh,0
11/20/2023,Electrolyte Powder,Hydration,75,152,228,8.45,11.27,0.18,1713.04,428.26,Punjab,1
11/27/2023,Whey Protein,Protein,175,137,206,26.44,35.25,0.03,4829.25,"1,207.31",Punjab,1
11/27/2023,Vitamin C,Vitamin,241,147,221,19.41,25.88,0.04,3804.36,951.09,KP,1
11/27/2023,Fish Oil,Omega,253,156,234,11.92,15.89,0.23,2478.84,619.71,Sindh,0
11/27/2023,Multivitamin,Vitamin,354,148,222,14.56,19.41,0.02,2872.68,718.17,Sindh,1
11/27/2023,Pre-Workout,Performance,460,147,221,13.76,18.34,0.11,2695.98,674,Balochistan,0
11/27/2023,BCAA,Amino Acid,114,149,224,30.89,41.19,0.23,6137.31,"1,534.33",KP,0
11/27/2023,Creatine,Performance,339,131,197,26.49,35.32,0.19,4626.92,"1,156.73",Balochistan,1
11/27/2023,Zinc,Mineral,494,155,233,41.07,54.76,0.20,8487.80,"2,121.95",KP,1
11/27/2023,Collagen Peptides,Protein,54,135,203,29.15,38.86,0.07,5246.10,"1,311.53",Sindh,1
11/27/2023,Magnesium,Mineral,461,154,231,32.1,42.8,0.23,6591.20,"1,647.80",Punjab,0
11/27/2023,Ashwagandha,Herbal,407,153,230,24.74,32.98,0.07,5045.94,"1,261.49",Balochistan,1
11/27/2023,Melatonin,Sleep Aid,339,154,231,21.89,29.19,0.13,4495.26,"1,123.82",Sindh,0
11/27/2023,Biotin,Vitamin,474,145,218,17.85,23.8,0.05,3451.00,862.75,Punjab,0
11/27/2023,Green Tea Extract,Fat Burner,104,164,246,8.73,11.64,0.06,1908.96,477.24,KP,1
11/27/2023,Iron Supplement,Mineral,316,163,245,42.35,56.46,0.11,9202.98,"2,300.75",Sindh,1
11/27/2023,Electrolyte Powder,Hydration,135,142,213,31.43,41.9,0.09,5949.80,"1,487.45",Punjab,0
12/04/2023,Whey Protein,Protein,302,143,215,17.84,23.79,0.01,3401.97,850.49,Sindh,1
12/04/2023,Vitamin C,Vitamin,453,158,237,28.46,37.95,0.03,5996.10,"1,499.03",Sindh,0
12/04/2023,Fish Oil,Omega,241,142,213,13.99,18.65,0.23,2648.30,662.08,KP,1
12/04/2023,Multivitamin,Vitamin,114,158,237,17.59,23.45,0.24,3705.10,926.28,Sindh,0
12/04/2023,Pre-Workout,Performance,98,142,213,12.34,16.45,0.06,2335.90,583.98,Sindh,0
12/04/2023,BCAA,Amino Acid,356,148,222,30.89,41.19,0.20,6096.12,"1,524.03",KP,0
12/04/2023,Creatine,Performance,106,127,191,35.15,46.86,0.23,5951.22,"1,487.81",Balochistan,0
12/04/2023,Zinc,Mineral,297,148,222,21.42,28.56,0.13,4226.88,"1,056.72",Sindh,1
12/04/2023,Collagen Peptides,Protein,412,158,237,38.59,51.45,0.07,8129.10,"2,032.28",KP,0
12/04/2023,Magnesium,Mineral,146,161,242,29.02,38.69,0.05,6229.09,"1,557.27",Punjab,0
12/04/2023,Ashwagandha,Herbal,202,151,227,33.14,44.18,0.24,6671.18,"1,667.80",Sindh,1
12/04/2023,Melatonin,Sleep Aid,205,144,216,13.88,18.51,0.01,2665.44,666.36,Balochistan,1
12/04/2023,Biotin,Vitamin,218,166,249,23.59,31.45,0.19,5220.70,"1,305.18",KP,0
12/04/2023,Green Tea Extract,Fat Burner,462,178,267,35.48,47.3,0.16,8419.40,"2,104.85",KP,1
12/04/2023,Iron Supplement,Mineral,154,150,225,40.19,53.58,0.09,8037.00,"2,009.25",KP,1
12/04/2023,Electrolyte Powder,Hydration,215,136,204,44.7,59.6,0.19,8105.60,"2,026.40",Punjab,0
12/11/2023,Whey Protein,Protein,487,142,213,26.36,35.15,0.12,4991.30,"1,247.83",Punjab,1
12/11/2023,Vitamin C,Vitamin,96,159,239,14.49,19.32,0.08,3071.88,767.97,Balochistan,1
12/11/2023,Fish Oil,Omega,248,158,237,27.21,36.28,0.03,5732.24,"1,433.06",Balochistan,0
12/11/2023,Multivitamin,Vitamin,291,172,258,8.16,10.88,0.13,1871.36,467.84,Sindh,1
12/11/2023,Pre-Workout,Performance,484,165,248,43.25,57.66,0.15,9513.90,"2,378.48",Punjab,0
12/11/2023,BCAA,Amino Acid,270,147,221,30.89,41.19,0.04,6054.93,"1,513.73",KP,1
12/11/2023,Creatine,Performance,498,165,248,13.16,17.54,0.03,2894.10,723.53,Sindh,0
12/11/2023,Zinc,Mineral,369,167,251,35.69,47.59,0.16,7947.53,"1,986.88",Balochistan,1
12/11/2023,Collagen Peptides,Protein,129,120,180,22.37,29.83,0.11,3579.60,894.9,Punjab,0
12/11/2023,Magnesium,Mineral,487,152,228,22.79,30.39,0.10,4619.28,"1,154.82",Balochistan,1
12/11/2023,Ashwagandha,Herbal,316,153,230,34.25,45.66,0.19,6985.98,"1,746.50",Sindh,1
12/11/2023,Melatonin,Sleep Aid,63,140,210,34.96,46.61,0.19,6525.40,"1,631.35",KP,1
12/11/2023,Biotin,Vitamin,86,162,243,43.18,57.57,0.04,9326.34,"2,331.59",Sindh,0
12/11/2023,Green Tea Extract,Fat Burner,285,153,230,38.98,51.97,0.19,7951.41,"1,987.85",Balochistan,0
12/11/2023,Iron Supplement,Mineral,462,159,239,19.24,25.65,0.04,4078.35,"1,019.59",KP,1
12/11/2023,Electrolyte Powder,Hydration,193,153,230,27.95,37.27,0.05,5702.31,"1,425.58",Sindh,0
12/18/2023,Whey Protein,Protein,476,146,219,7.71,10.28,0.25,1500.88,375.22,Sindh,0
12/18/2023,Vitamin C,Vitamin,157,184,276,8.48,11.31,0.06,2081.04,520.26,KP,1
12/18/2023,Fish Oil,Omega,452,128,192,10.8,14.4,0.21,1843.20,460.8,Sindh,0
12/18/2023,Multivitamin,Vitamin,387,169,254,43.91,58.55,0.13,9894.95,"2,473.74",Sindh,0
12/18/2023,Pre-Workout,Performance,323,153,230,39.23,52.3,0.16,8001.90,"2,000.48",Sindh,1
12/18/2023,BCAA,Amino Acid,489,161,242,30.89,41.19,0.05,6631.59,"1,657.90",Balochistan,1
12/18/2023,Creatine,Performance,51,112,168,10.39,13.85,0.10,1551.20,387.8,KP,0
12/18/2023,Zinc,Mineral,277,164,246,41.13,54.84,0.08,8993.76,"2,248.44",Balochistan,1
12/18/2023,Collagen Peptides,Protein,180,159,239,20.24,26.98,0.09,4289.82,"1,072.46",Punjab,0
12/18/2023,Magnesium,Mineral,349,126,189,19.11,25.48,0.01,3210.48,802.62,Sindh,1
12/18/2023,Ashwagandha,Herbal,103,144,216,34.04,45.38,0.13,6534.72,"1,633.68",Sindh,0
12/18/2023,Melatonin,Sleep Aid,251,153,230,35.03,46.71,0.15,7146.63,"1,786.66",Balochistan,1
12/18/2023,Biotin,Vitamin,223,169,254,40.07,53.43,0.22,9029.67,"2,257.42",Sindh,1
12/18/2023,Green Tea Extract,Fat Burner,416,150,225,24.35,32.47,0.22,4870.50,"1,217.63",KP,0
12/18/2023,Iron Supplement,Mineral,499,134,201,44.85,59.8,0.15,8013.20,"2,003.30",Punjab,1
12/18/2023,Electrolyte Powder,Hydration,362,160,240,21.44,28.59,0.18,4574.40,"1,143.60",Sindh,1
12/25/2023,Whey Protein,Protein,489,152,228,36.66,48.88,0.07,7429.76,"1,857.44",Sindh,1
12/25/2023,Vitamin C,Vitamin,341,142,213,20.33,27.11,0.14,3849.62,962.41,KP,0
12/25/2023,Fish Oil,Omega,115,150,225,27.55,36.73,0.11,5509.50,"1,377.38",Sindh,0
12/25/2023,Multivitamin,Vitamin,222,169,254,33.05,44.07,0.23,7447.83,"1,861.96",Balochistan,0
12/25/2023,Pre-Workout,Performance,62,166,249,26.02,34.69,0.11,5758.54,"1,439.64",KP,1
12/25/2023,BCAA,Amino Acid,443,148,222,30.89,41.19,0.23,6096.12,"1,524.03",KP,0
12/25/2023,Creatine,Performance,105,144,216,24.57,32.76,0.19,4717.44,"1,179.36",Balochistan,1
12/25/2023,Zinc,Mineral,86,167,251,29.3,39.06,0.04,6523.02,"1,630.76",Punjab,1
12/25/2023,Collagen Peptides,Protein,72,140,210,42.31,56.41,0.13,7897.40,"1,974.35",KP,0
12/25/2023,Magnesium,Mineral,440,141,212,30.87,41.16,0.11,5803.56,"1,450.89",Punjab,0
12/25/2023,Ashwagandha,Herbal,332,152,228,10.46,13.95,0.01,2120.40,530.1,Sindh,1
12/25/2023,Melatonin,Sleep Aid,87,130,195,36.49,48.65,0.18,6324.50,"1,581.13",KP,0
12/25/2023,Biotin,Vitamin,334,165,248,40.69,54.25,0.10,8951.25,"2,237.81",KP,0
12/25/2023,Green Tea Extract,Fat Burner,360,147,221,44.08,58.77,0.03,8639.19,"2,159.80",Punjab,1
12/25/2023,Iron Supplement,Mineral,294,143,215,13.21,17.61,0.01,2518.23,629.56,KP,0
12/25/2023,Electrolyte Powder,Hydration,359,166,249,12.14,16.18,0.16,2685.88,671.47,Balochistan,0
01/01/2024,Whey Protein,Protein,311,140,210,43.94,58.59,0.04,8202.60,"2,050.65",Punjab,1
01/01/2024,Vitamin C,Vitamin,487,143,215,16.59,22.12,0.22,3163.16,790.79,Punjab,1
01/01/2024,Fish Oil,Omega,470,147,221,13.71,18.28,0.11,2687.16,671.79,Sindh,1
01/01/2024,Multivitamin,Vitamin,103,146,219,7.54,10.05,0.20,1467.30,366.83,KP,1
01/01/2024,Pre-Workout,Performance,492,152,228,44.97,59.96,0.15,9113.92,"2,278.48",Balochistan,1
01/01/2024,BCAA,Amino Acid,352,157,236,30.89,41.19,0.06,6466.83,"1,616.71",Balochistan,1
01/01/2024,Creatine,Performance,397,168,252,23,30.67,0.09,5152.56,"1,288.14",Punjab,1
01/01/2024,Zinc,Mineral,143,159,239,18.43,24.57,0.23,3906.63,976.66,KP,0
01/01/2024,Collagen Peptides,Protein,447,161,242,20.4,27.2,0.22,4379.20,"1,094.80",Punjab,0
01/01/2024,Magnesium,Mineral,240,150,225,35.67,47.56,0.07,7134.00,"1,783.50",KP,0
01/01/2024,Ashwagandha,Herbal,393,172,258,11.42,15.23,0.05,2619.56,654.89,Punjab,0
01/01/2024,Melatonin,Sleep Aid,454,138,207,23.26,31.01,0.22,4279.38,"1,069.85",Balochistan,0
01/01/2024,Biotin,Vitamin,118,153,230,40.49,53.99,0.11,8260.47,"2,065.12",Sindh,1
01/01/2024,Green Tea Extract,Fat Burner,411,150,225,10.1,13.46,0.19,2019.00,504.75,Sindh,1
01/01/2024,Iron Supplement,Mineral,376,145,218,13.01,17.34,0.05,2514.30,628.58,Balochistan,1
01/01/2024,Electrolyte Powder,Hydration,62,168,252,34.67,46.22,0.02,7764.96,"1,941.24",Balochistan,0
01/08/2024,Whey Protein,Protein,109,149,224,39.23,52.31,0.11,7794.19,"1,948.55",Balochistan,1
01/08/2024,Vitamin C,Vitamin,296,138,207,10.3,13.73,0.09,1894.74,473.69,Sindh,1
01/08/2024,Fish Oil,Omega,261,158,237,35.66,47.55,0.13,7512.90,"1,878.23",Balochistan,1
01/08/2024,Multivitamin,Vitamin,217,159,239,41.39,55.18,0.14,8773.62,"2,193.41",KP,1
01/08/2024,Pre-Workout,Performance,93,159,239,13.66,18.21,0.02,2895.39,723.85,Punjab,0
01/08/2024,BCAA,Amino Acid,155,147,221,30.89,41.19,0.05,6054.93,"1,513.73",Sindh,0
01/08/2024,Creatine,Performance,305,152,228,44.93,59.91,0.09,9106.32,"2,276.58",Balochistan,0
01/08/2024,Zinc,Mineral,248,146,219,29.93,39.91,0.01,5826.86,"1,456.72",Balochistan,1
01/08/2024,Collagen Peptides,Protein,486,159,239,30.22,40.29,0.07,6406.11,"1,601.53",Punjab,0
01/08/2024,Magnesium,Mineral,108,162,243,27.18,36.24,0.07,5870.88,"1,467.72",Balochistan,1
01/08/2024,Ashwagandha,Herbal,338,137,206,14.4,19.2,0.17,2630.40,657.6,KP,0
01/08/2024,Melatonin,Sleep Aid,498,155,233,11.26,15.01,0.23,2326.55,581.64,Punjab,1
01/08/2024,Biotin,Vitamin,492,147,221,14.73,19.64,0.03,2887.08,721.77,Punjab,1
01/08/2024,Green Tea Extract,Fat Burner,263,139,209,40.97,54.63,0.13,7593.57,"1,898.39",KP,1
01/08/2024,Iron Supplement,Mineral,107,132,198,29.4,39.2,0.04,5174.40,"1,293.60",Sindh,0
01/08/2024,Electrolyte Powder,Hydration,169,149,224,16.6,22.13,0.13,3297.37,824.34,Balochistan,1
1/15/2024,Whey Protein,Protein,427,148,222,40.1,53.47,0.12,7913.56,"1,978.39",Punjab,0
1/15/2024,Vitamin C,Vitamin,63,128,192,21.77,29.03,0.15,3715.84,928.96,Punjab,1
1/15/2024,Fish Oil,Omega,370,149,224,13.89,18.52,0.21,2759.48,689.87,Punjab,0
1/15/2024,Multivitamin,Vitamin,98,156,234,29.91,39.88,0.05,6221.28,"1,555.32",Sindh,1
1/15/2024,Pre-Workout,Performance,298,157,236,8.2,10.93,0.24,1716.01,429,Balochistan,0
1/15/2024,BCAA,Amino Acid,142,141,212,30.89,41.19,0.02,5807.79,"1,451.95",Balochistan,1
1/15/2024,Creatine,Performance,285,148,222,38.84,51.78,0.10,7663.44,"1,915.86",Balochistan,1
1/15/2024,Zinc,Mineral,85,126,189,22.85,30.46,0.18,3837.96,959.49,KP,0
1/15/2024,Collagen Peptides,Protein,496,155,233,17.07,22.76,0.15,3527.80,881.95,Punjab,0
1/15/2024,Magnesium,Mineral,487,149,224,30.72,40.96,0.24,6103.04,"1,525.76",Balochistan,0
1/15/2024,Ashwagandha,Herbal,340,146,219,10.36,13.81,0.14,2016.26,504.07,Punjab,1
1/15/2024,Melatonin,Sleep Aid,433,133,200,7.63,10.17,0.10,1352.61,338.15,Balochistan,1
1/15/2024,Biotin,Vitamin,341,171,257,27.72,36.96,0.07,6320.16,"1,580.04",Balochistan,1
1/15/2024,Green Tea Extract,Fat Burner,211,148,222,33.77,45.02,0.03,6662.96,"1,665.74",KP,1
1/15/2024,Iron Supplement,Mineral,324,160,240,26.2,34.93,0.12,5588.80,"1,397.20",Balochistan,1
1/15/2024,Electrolyte Powder,Hydration,238,148,222,26.24,34.98,0.13,5177.04,"1,294.26",KP,1
1/22/2024,Whey Protein,Protein,164,158,237,23.01,30.68,0.09,4847.44,"1,211.86",Balochistan,1
1/22/2024,Vitamin C,Vitamin,379,148,222,33.62,44.82,0.22,6633.36,"1,658.34",KP,0
1/22/2024,Fish Oil,Omega,157,183,275,9.47,12.62,0.14,2309.46,577.37,Punjab,1
1/22/2024,Multivitamin,Vitamin,430,147,221,27.06,36.08,0.16,5303.76,"1,325.94",Balochistan,0
1/22/2024,Pre-Workout,Performance,392,168,252,19.76,26.34,0.09,4425.12,"1,106.28",KP,0
1/22/2024,BCAA,Amino Acid,261,131,197,30.89,41.19,0.22,5395.89,"1,348.97",Sindh,1
1/22/2024,Creatine,Performance,433,158,237,22.11,29.48,0.13,4657.84,"1,164.46",Balochistan,1
1/22/2024,Zinc,Mineral,177,154,231,30.8,41.06,0.07,6323.24,"1,580.81",KP,0
1/22/2024,Collagen Peptides,Protein,54,152,228,23.5,31.33,0.02,4762.16,"1,190.54",Sindh,1
1/22/2024,Magnesium,Mineral,113,154,231,26.66,35.55,0.12,5474.70,"1,368.68",Punjab,1
1/22/2024,Ashwagandha,Herbal,414,154,231,35.59,47.45,0.05,7307.30,"1,826.83",Sindh,0
1/22/2024,Melatonin,Sleep Aid,88,144,216,10.19,13.59,0.12,1956.96,489.24,Balochistan,1
1/22/2024,Biotin,Vitamin,274,140,210,31.01,41.34,0.00,5787.60,"1,446.90",Balochistan,0
1/22/2024,Green Tea Extract,Fat Burner,152,150,225,44.84,59.79,0.22,8968.50,"2,242.13",Balochistan,0
1/22/2024,Iron Supplement,Mineral,352,151,227,36.58,48.77,0.23,7364.27,"1,841.07",KP,1
1/22/2024,Electrolyte Powder,Hydration,115,162,243,22.37,29.83,0.23,4832.46,"1,208.12",Balochistan,1
1/29/2024,Whey Protein,Protein,278,149,224,17.3,23.06,0.08,3435.94,858.99,Punjab,0
1/29/2024,Vitamin C,Vitamin,224,156,234,17.67,23.56,0.14,3675.36,918.84,Punjab,0
1/29/2024,Fish Oil,Omega,353,143,215,26.66,35.54,0.10,5082.22,"1,270.56",Sindh,0
1/29/2024,Multivitamin,Vitamin,478,152,228,39.71,52.95,0.18,8048.40,"2,012.10",Balochistan,0
1/29/2024,Pre-Workout,Performance,300,136,204,7.87,10.49,0.08,1426.64,356.66,Balochistan,0
1/29/2024,BCAA,Amino Acid,273,140,210,30.89,41.19,0.07,5766.60,"1,441.65",Balochistan,1
1/29/2024,Creatine,Performance,334,160,240,21.04,28.05,0.14,4488.00,"1,122.00",Sindh,0
1/29/2024,Zinc,Mineral,137,154,231,10.59,14.12,0.09,2174.48,543.62,Punjab,0
1/29/2024,Collagen Peptides,Protein,79,141,212,12.71,16.95,0.09,2389.95,597.49,Balochistan,0
1/29/2024,Magnesium,Mineral,190,160,240,13.98,18.64,0.15,2982.40,745.6,Balochistan,1
1/29/2024,Ashwagandha,Herbal,363,153,230,13.31,17.75,0.00,2715.75,678.94,KP,1
1/29/2024,Melatonin,Sleep Aid,343,131,197,35.42,47.23,0.07,6187.13,"1,546.78",KP,1
1/29/2024,Biotin,Vitamin,129,171,257,15.65,20.86,0.03,3567.06,891.77,KP,0
1/29/2024,Green Tea Extract,Fat Burner,163,126,189,23.7,31.6,0.08,3981.60,995.4,KP,0
1/29/2024,Iron Supplement,Mineral,471,166,249,27.4,36.53,0.03,6063.98,"1,516.00",Balochistan,0
1/29/2024,Electrolyte Powder,Hydration,235,145,218,39.09,52.12,0.08,7557.40,"1,889.35",KP,1
02/05/2024,Whey Protein,Protein,249,144,216,29.24,38.98,0.18,5613.12,"1,403.28",KP,1
02/05/2024,Vitamin C,Vitamin,65,153,230,17.33,23.1,0.23,3534.30,883.58,Balochistan,0
02/05/2024,Fish Oil,Omega,123,141,212,16.46,21.94,0.18,3093.54,773.39,KP,1
02/05/2024,Multivitamin,Vitamin,122,140,210,37.96,50.61,0.09,7085.40,"1,771.35",KP,0
02/05/2024,Pre-Workout,Performance,129,130,195,44.18,58.9,0.21,7657.00,"1,914.25",KP,1
02/05/2024,BCAA,Amino Acid,255,151,227,30.89,41.19,0.12,6219.69,"1,554.92",Balochistan,0
02/05/2024,Creatine,Performance,368,151,227,30.14,40.19,0.15,6068.69,"1,517.17",KP,1
02/05/2024,Zinc,Mineral,356,166,249,26.33,35.11,0.13,5828.26,"1,457.07",Balochistan,0
02/05/2024,Collagen Peptides,Protein,285,157,236,13.64,18.19,0.02,2855.83,713.96,Sindh,0
02/05/2024,Magnesium,Mineral,467,141,212,33.59,44.79,0.08,6315.39,"1,578.85",Punjab,0
02/05/2024,Ashwagandha,Herbal,307,152,228,36.12,48.16,0.22,7320.32,"1,830.08",Punjab,0
02/05/2024,Melatonin,Sleep Aid,102,140,210,24.08,32.1,0.22,4494.00,"1,123.50",Punjab,1
02/05/2024,Biotin,Vitamin,270,165,248,20.24,26.98,0.22,4451.70,"1,112.93",Balochistan,1
02/05/2024,Green Tea Extract,Fat Burner,448,161,242,43.08,57.44,0.14,9247.84,"2,311.96",Punjab,0
02/05/2024,Iron Supplement,Mineral,278,130,195,41.29,55.05,0.22,7156.50,"1,789.13",Sindh,0
02/05/2024,Electrolyte Powder,Hydration,407,143,215,13.96,18.61,0.18,2661.23,665.31,Punjab,0
02/12/2024,Whey Protein,Protein,290,144,216,25.58,34.1,0.18,4910.40,"1,227.60",Balochistan,0
02/12/2024,Vitamin C,Vitamin,174,133,200,16.14,21.52,0.10,2862.16,715.54,Balochistan,0
02/12/2024,Fish Oil,Omega,466,134,201,20.33,27.1,0.22,3631.40,907.85,Punjab,1
02/12/2024,Multivitamin,Vitamin,447,140,210,19.49,25.99,0.08,3638.60,909.65,KP,0
02/12/2024,Pre-Workout,Performance,201,151,227,13.09,17.45,0.01,2634.95,658.74,KP,1
02/12/2024,BCAA,Amino Acid,85,132,198,30.89,41.19,0.18,5437.08,"1,359.27",Balochistan,0
02/12/2024,Creatine,Performance,165,128,192,29.24,38.98,0.06,4989.44,"1,247.36",Balochistan,0
02/12/2024,Zinc,Mineral,311,121,182,35.7,47.6,0.18,5759.60,"1,439.90",Sindh,1
02/12/2024,Collagen Peptides,Protein,145,126,189,19.26,25.68,0.05,3235.68,808.92,Punjab,1
02/12/2024,Magnesium,Mineral,51,170,255,36.22,48.29,0.14,8209.30,"2,052.33",Balochistan,1
02/12/2024,Ashwagandha,Herbal,116,140,210,41.73,55.64,0.17,7789.60,"1,947.40",Sindh,0
02/12/2024,Melatonin,Sleep Aid,261,153,230,36.49,48.65,0.23,7443.45,"1,860.86",KP,1
02/12/2024,Biotin,Vitamin,241,142,213,23.09,30.79,0.15,4372.18,"1,093.05",Punjab,0
02/12/2024,Green Tea Extract,Fat Burner,281,136,204,33.41,44.55,0.20,6058.80,"1,514.70",Balochistan,1
02/12/2024,Iron Supplement,Mineral,307,136,204,36.98,49.31,0.10,6706.16,"1,676.54",Balochistan,1
02/12/2024,Electrolyte Powder,Hydration,221,150,225,37.36,49.81,0.02,7471.50,"1,867.88",Balochistan,0
2/19/2024,Whey Protein,Protein,428,139,209,26.36,35.15,0.12,4885.85,"1,221.46",Sindh,1
2/19/2024,Vitamin C,Vitamin,399,159,239,22.86,30.48,0.16,4846.32,"1,211.58",Sindh,1
2/19/2024,Fish Oil,Omega,328,147,221,43.02,57.36,0.05,8431.92,"2,107.98",Punjab,1
2/19/2024,Multivitamin,Vitamin,81,123,185,18.31,24.41,0.16,3002.43,750.61,Sindh,0
2/19/2024,Pre-Workout,Performance,71,167,251,31.95,42.6,0.11,7114.20,"1,778.55",Punjab,1
2/19/2024,BCAA,Amino Acid,261,163,245,30.89,41.19,0.14,6713.97,"1,678.49",Punjab,1
2/19/2024,Creatine,Performance,198,144,216,10.43,13.91,0.09,2003.04,500.76,Punjab,0
2/19/2024,Zinc,Mineral,319,152,228,14.47,19.29,0.17,2932.08,733.02,Punjab,0
2/19/2024,Collagen Peptides,Protein,437,142,213,19.14,25.52,0.01,3623.84,905.96,KP,1
2/19/2024,Magnesium,Mineral,161,143,215,10.31,13.74,0.06,1964.82,491.21,Punjab,1
2/19/2024,Ashwagandha,Herbal,202,160,240,37.67,50.23,0.04,8036.80,"2,009.20",Sindh,1
2/19/2024,Melatonin,Sleep Aid,188,157,236,30.05,40.06,0.23,6289.42,"1,572.36",Punjab,1
2/19/2024,Biotin,Vitamin,477,150,225,10.42,13.89,0.01,2083.50,520.88,Balochistan,0
2/19/2024,Green Tea Extract,Fat Burner,452,155,233,14.63,19.51,0.11,3024.05,756.01,KP,1
2/19/2024,Iron Supplement,Mineral,205,140,210,30.51,40.68,0.24,5695.20,"1,423.80",Sindh,1
2/19/2024,Electrolyte Powder,Hydration,146,161,242,17.71,23.61,0.11,3801.21,950.3,Balochistan,1
2/26/2024,Whey Protein,Protein,223,148,222,44.58,59.44,0.02,8797.12,"2,199.28",KP,0
2/26/2024,Vitamin C,Vitamin,142,135,203,12.41,16.55,0.22,2234.25,558.56,Balochistan,1
2/26/2024,Fish Oil,Omega,63,143,215,42.44,56.58,0.17,8090.94,"2,022.74",Sindh,0
2/26/2024,Multivitamin,Vitamin,212,140,210,15.86,21.15,0.18,2961.00,740.25,Punjab,1
2/26/2024,Pre-Workout,Performance,281,123,185,31.58,42.1,0.17,5178.30,"1,294.58",Sindh,0
2/26/2024,BCAA,Amino Acid,420,162,243,30.89,41.19,0.20,6672.78,"1,668.20",Sindh,0
2/26/2024,Creatine,Performance,436,125,188,25.79,34.38,0.04,4297.50,"1,074.38",Punjab,1
2/26/2024,Zinc,Mineral,221,142,213,32.66,43.55,0.15,6184.10,"1,546.03",Sindh,0
2/26/2024,Collagen Peptides,Protein,141,139,209,16.53,22.04,0.09,3063.56,765.89,Balochistan,1
2/26/2024,Magnesium,Mineral,438,145,218,23.98,31.97,0.20,4635.65,"1,158.91",Balochistan,1
2/26/2024,Ashwagandha,Herbal,405,140,210,30.82,41.09,0.20,5752.60,"1,438.15",Punjab,0
2/26/2024,Melatonin,Sleep Aid,409,147,221,10.13,13.5,0.13,1984.50,496.13,Sindh,0
2/26/2024,Biotin,Vitamin,318,159,239,38.52,51.36,0.19,8166.24,"2,041.56",Balochistan,0
2/26/2024,Green Tea Extract,Fat Burner,427,166,249,18.57,24.76,0.07,4110.16,"1,027.54",KP,1
2/26/2024,Iron Supplement,Mineral,174,174,261,30.21,40.28,0.06,7008.72,"1,752.18",Balochistan,1
2/26/2024,Electrolyte Powder,Hydration,143,140,210,22.01,29.35,0.21,4109.00,"1,027.25",KP,0
03/04/2024,Whey Protein,Protein,252,163,245,24.01,32.01,0.15,5217.63,"1,304.41",Punjab,0
03/04/2024,Vitamin C,Vitamin,133,177,266,26.54,35.39,0.21,6264.03,"1,566.01",Punjab,1
03/04/2024,Fish Oil,Omega,225,151,227,9.93,13.24,0.03,1999.24,499.81,Sindh,0
03/04/2024,Multivitamin,Vitamin,208,145,218,19.8,26.4,0.10,3828.00,957,KP,1
03/04/2024,Pre-Workout,Performance,365,161,242,17.42,23.22,0.08,3738.42,934.61,Balochistan,1
03/04/2024,BCAA,Amino Acid,247,169,254,30.89,41.19,0.05,6961.11,"1,740.28",Punjab,1
03/04/2024,Creatine,Performance,385,168,252,23.27,31.03,0.21,5213.04,"1,303.26",Balochistan,0
03/04/2024,Zinc,Mineral,137,162,243,41.69,55.58,0.08,9003.96,"2,250.99",KP,0
03/04/2024,Collagen Peptides,Protein,371,158,237,39.55,52.73,0.02,8331.34,"2,082.84",Sindh,1
03/04/2024,Magnesium,Mineral,167,142,213,9.01,12.01,0.15,1705.42,426.36,Sindh,1
03/04/2024,Ashwagandha,Herbal,229,145,218,27.66,36.88,0.21,5347.60,"1,336.90",KP,0
03/04/2024,Melatonin,Sleep Aid,499,141,212,43.1,57.46,0.09,8101.86,"2,025.47",KP,1
03/04/2024,Biotin,Vitamin,66,161,242,12.32,16.43,0.25,2645.23,661.31,Balochistan,1
03/04/2024,Green Tea Extract,Fat Burner,429,150,225,41.2,54.93,0.06,8239.50,"2,059.88",Punjab,1
03/04/2024,Iron Supplement,Mineral,229,133,200,29.84,39.78,0.15,5290.74,"1,322.69",Sindh,1
03/04/2024,Electrolyte Powder,Hydration,270,155,233,20.92,27.89,0.20,4322.95,"1,080.74",Punjab,1
03/11/2024,Whey Protein,Protein,248,160,240,28.17,37.56,0.24,6009.60,"1,502.40",Balochistan,0
03/11/2024,Vitamin C,Vitamin,263,142,213,9.86,13.15,0.22,1867.30,466.83,Balochistan,0
03/11/2024,Fish Oil,Omega,360,146,219,43.01,57.34,0.13,8371.64,"2,092.91",KP,1
03/11/2024,Multivitamin,Vitamin,156,145,218,30.07,40.09,0.23,5813.05,"1,453.26",Punjab,1
03/11/2024,Pre-Workout,Performance,219,149,224,23.37,31.16,0.06,4642.84,"1,160.71",Punjab,1
03/11/2024,BCAA,Amino Acid,188,143,215,30.89,41.19,0.03,5890.17,"1,472.54",Punjab,0
03/11/2024,Creatine,Performance,64,174,261,7.6,10.13,0.09,1762.62,440.66,Balochistan,1
03/11/2024,Zinc,Mineral,266,147,221,23.96,31.94,0.11,4695.18,"1,173.80",Balochistan,1
03/11/2024,Collagen Peptides,Protein,86,153,230,19.07,25.42,0.21,3889.26,972.32,KP,1
03/11/2024,Magnesium,Mineral,133,143,215,21.05,28.06,0.16,4012.58,"1,003.15",KP,1
03/11/2024,Ashwagandha,Herbal,54,171,257,42,56,0.01,9576.00,"2,394.00",Punjab,1
03/11/2024,Melatonin,Sleep Aid,471,165,248,23.86,31.81,0.03,5248.65,"1,312.16",Sindh,0
03/11/2024,Biotin,Vitamin,188,164,246,35.13,46.84,0.09,7681.76,"1,920.44",Balochistan,0
03/11/2024,Green Tea Extract,Fat Burner,247,158,237,23.49,31.32,0.23,4948.56,"1,237.14",Balochistan,1
03/11/2024,Iron Supplement,Mineral,285,158,237,15.89,21.18,0.18,3346.44,836.61,Sindh,1
03/11/2024,Electrolyte Powder,Hydration,376,150,225,15.31,20.41,0.20,3061.50,765.38,Punjab,1
3/18/2024,Whey Protein,Protein,329,168,252,22.73,30.3,0.20,5090.40,"1,272.60",Balochistan,0
3/18/2024,Vitamin C,Vitamin,102,152,228,27.6,36.8,0.13,5593.60,"1,398.40",Sindh,0
3/18/2024,Fish Oil,Omega,459,127,191,41.75,55.66,0.10,7068.82,"1,767.21",Balochistan,1
3/18/2024,Multivitamin,Vitamin,219,164,246,30.36,40.48,0.07,6638.72,"1,659.68",KP,1
3/18/2024,Pre-Workout,Performance,434,136,204,14.69,19.58,0.07,2662.88,665.72,Punjab,1
3/18/2024,BCAA,Amino Acid,293,156,234,30.89,41.19,0.02,6425.64,"1,606.41",Sindh,1
3/18/2024,Creatine,Performance,283,150,225,39.74,52.98,0.24,7947.00,"1,986.75",KP,1
3/18/2024,Zinc,Mineral,414,156,234,30.86,41.14,0.04,6417.84,"1,604.46",Sindh,0
3/18/2024,Collagen Peptides,Protein,360,146,219,27.14,36.18,0.03,5282.28,"1,320.57",KP,1
3/18/2024,Magnesium,Mineral,66,133,200,40.92,54.56,0.12,7256.48,"1,814.12",Punjab,0
3/18/2024,Ashwagandha,Herbal,104,146,219,15.01,20.01,0.01,2921.46,730.37,Punjab,0
3/18/2024,Melatonin,Sleep Aid,130,162,243,30.24,40.32,0.05,6531.84,"1,632.96",Sindh,1
3/18/2024,Biotin,Vitamin,98,164,246,39.68,52.9,0.12,8675.60,"2,168.90",Balochistan,1
3/18/2024,Green Tea Extract,Fat Burner,406,143,215,35.69,47.58,0.20,6803.94,"1,700.99",Punjab,1
3/18/2024,Iron Supplement,Mineral,363,191,287,10.07,13.43,0.15,2565.13,641.28,Punjab,1
3/18/2024,Electrolyte Powder,Hydration,434,182,273,8.45,11.26,0.15,2049.32,512.33,Sindh,1
3/25/2024,Whey Protein,Protein,455,148,222,9.92,13.23,0.12,1958.04,489.51,KP,0
3/25/2024,Vitamin C,Vitamin,248,158,237,14.45,19.26,0.05,3043.08,760.77,Punjab,1
3/25/2024,Fish Oil,Omega,343,137,206,44.79,59.72,0.16,8181.64,"2,045.41",Punjab,0
3/25/2024,Multivitamin,Vitamin,363,147,221,41.66,55.55,0.24,8165.85,"2,041.46",Sindh,1
3/25/2024,Pre-Workout,Performance,227,142,213,12.47,16.62,0.19,2360.04,590.01,Sindh,1
3/25/2024,BCAA,Amino Acid,213,150,225,30.89,41.19,0.10,6178.50,"1,544.63",Punjab,1
3/25/2024,Creatine,Performance,339,147,221,10.16,13.55,0.08,1991.85,497.96,Balochistan,0
3/25/2024,Zinc,Mineral,315,159,239,9.85,13.13,0.24,2087.67,521.92,Punjab,0
3/25/2024,Collagen Peptides,Protein,152,153,230,37.04,49.39,0.01,7556.67,"1,889.17",Punjab,0
3/25/2024,Magnesium,Mineral,417,171,257,25.58,34.1,0.01,5831.10,"1,457.78",Sindh,1
3/25/2024,Ashwagandha,Herbal,340,147,221,22.64,30.19,0.17,4437.93,"1,109.48",Balochistan,0
3/25/2024,Melatonin,Sleep Aid,228,134,201,9.21,12.28,0.14,1645.52,411.38,KP,0
3/25/2024,Biotin,Vitamin,220,154,231,33.02,44.03,0.08,6780.62,"1,695.16",KP,0
3/25/2024,Green Tea Extract,Fat Burner,462,143,215,13.56,18.08,0.00,2585.44,646.36,Sindh,0
3/25/2024,Iron Supplement,Mineral,229,175,263,36.86,49.15,0.17,8601.25,"2,150.31",Balochistan,1
3/25/2024,Electrolyte Powder,Hydration,86,158,237,15.93,21.24,0.08,3355.92,838.98,Sindh,0
04/01/2024,Whey Protein,Protein,133,148,222,20.45,27.26,0.09,4034.48,"1,008.62",KP,1
04/01/2024,Vitamin C,Vitamin,54,150,225,39.78,53.04,0.12,7956.00,"1,989.00",KP,0
04/01/2024,Fish Oil,Omega,447,130,195,22.67,30.22,0.12,3928.60,982.15,Sindh,0
04/01/2024,Multivitamin,Vitamin,321,157,236,33.81,45.08,0.00,7077.56,"1,769.39",Punjab,1
04/01/2024,Pre-Workout,Performance,291,163,245,21.16,28.21,0.13,4598.23,"1,149.56",Balochistan,0
04/01/2024,BCAA,Amino Acid,430,155,233,30.89,41.19,0.07,6384.45,"1,596.11",KP,1
04/01/2024,Creatine,Performance,486,148,222,26.2,34.93,0.22,5169.64,"1,292.41",Punjab,0
04/01/2024,Zinc,Mineral,411,157,236,8.59,11.45,0.23,1797.65,449.41,Punjab,1
04/01/2024,Collagen Peptides,Protein,232,162,243,39.17,52.23,0.15,8461.26,"2,115.32",Punjab,0
04/01/2024,Magnesium,Mineral,128,146,219,20.67,27.56,0.22,4023.76,"1,005.94",KP,0
04/01/2024,Ashwagandha,Herbal,57,144,216,9.44,12.58,0.03,1811.52,452.88,Punjab,1
04/01/2024,Melatonin,Sleep Aid,434,164,246,18.71,24.94,0.00,4090.16,"1,022.54",Punjab,1
04/01/2024,Biotin,Vitamin,130,154,231,21.54,28.72,0.05,4422.88,"1,105.72",Balochistan,1
04/01/2024,Green Tea Extract,Fat Burner,394,162,243,25.76,34.34,0.06,5563.08,"1,390.77",Sindh,1
04/01/2024,Iron Supplement,Mineral,164,159,239,15.61,20.81,0.08,3308.79,827.2,Balochistan,0
04/01/2024,Electrolyte Powder,Hydration,405,164,246,24.75,33,0.16,5412.00,"1,353.00",KP,1
04/08/2024,Whey Protein,Protein,221,128,192,29.78,39.7,0.07,5081.60,"1,270.40",KP,0
04/08/2024,Vitamin C,Vitamin,268,135,203,12.19,16.25,0.10,2193.75,548.44,Balochistan,1
04/08/2024,Fish Oil,Omega,416,141,212,25.43,33.91,0.14,4781.31,"1,195.33",Sindh,0
04/08/2024,Multivitamin,Vitamin,321,151,227,19.36,25.81,0.21,3897.31,974.33,Punjab,1
04/08/2024,Pre-Workout,Performance,410,144,216,39.2,52.26,0.25,7525.44,"1,881.36",Punjab,0
04/08/2024,BCAA,Amino Acid,191,146,219,30.89,41.19,0.25,6013.74,"1,503.44",Balochistan,1
04/08/2024,Creatine,Performance,498,167,251,22.76,30.35,0.23,5068.45,"1,267.11",Punjab,0
04/08/2024,Zinc,Mineral,135,148,222,41.27,55.03,0.14,8144.44,"2,036.11",Sindh,0
04/08/2024,Collagen Peptides,Protein,100,148,222,11.13,14.84,0.19,2196.32,549.08,Sindh,1
04/08/2024,Magnesium,Mineral,438,147,221,25.04,33.38,0.21,4906.86,"1,226.72",Sindh,0
04/08/2024,Ashwagandha,Herbal,68,180,270,8.93,11.91,0.22,2143.80,535.95,Punjab,0
04/08/2024,Melatonin,Sleep Aid,197,150,225,26.44,35.25,0.12,5287.50,"1,321.88",KP,1
04/08/2024,Biotin,Vitamin,217,144,216,24.47,32.63,0.01,4698.72,"1,174.68",Balochistan,0
04/08/2024,Green Tea Extract,Fat Burner,163,139,209,29.96,39.94,0.19,5551.66,"1,387.92",Punjab,1
04/08/2024,Iron Supplement,Mineral,447,143,215,22.63,30.17,0.12,4314.31,"1,078.58",Sindh,0
04/08/2024,Electrolyte Powder,Hydration,187,152,228,35.35,47.13,0.13,7163.76,"1,790.94",Punjab,0
4/15/2024,Whey Protein,Protein,303,153,230,39.1,52.13,0.15,7975.89,"1,993.97",KP,1
4/15/2024,Vitamin C,Vitamin,278,130,195,35.7,47.6,0.09,6188.00,"1,547.00",Punjab,1
4/15/2024,Fish Oil,Omega,148,173,260,31.43,41.91,0.03,7250.43,"1,812.61",Punjab,1
4/15/2024,Multivitamin,Vitamin,209,132,198,11.84,15.78,0.21,2082.96,520.74,KP,1
4/15/2024,Pre-Workout,Performance,415,145,218,34.19,45.58,0.23,6609.10,"1,652.28",KP,0
4/15/2024,BCAA,Amino Acid,310,125,188,30.89,41.19,0.17,5148.75,"1,287.19",KP,0
4/15/2024,Creatine,Performance,108,150,225,15.71,20.94,0.22,3141.00,785.25,Sindh,1
4/15/2024,Zinc,Mineral,335,161,242,19.32,25.76,0.18,4147.36,"1,036.84",Balochistan,0
4/15/2024,Collagen Peptides,Protein,321,173,260,33.23,44.3,0.15,7663.90,"1,915.98",Punjab,1
4/15/2024,Magnesium,Mineral,497,168,252,18.08,24.11,0.13,4050.48,"1,012.62",Punjab,0
4/15/2024,Ashwagandha,Herbal,354,169,254,25.42,33.89,0.20,5727.41,"1,431.85",Punjab,1
4/15/2024,Melatonin,Sleep Aid,365,152,228,21.22,28.29,0.03,4300.08,"1,075.02",Sindh,0
4/15/2024,Biotin,Vitamin,248,149,224,25.04,33.39,0.05,4975.11,"1,243.78",Balochistan,0
4/15/2024,Green Tea Extract,Fat Burner,346,150,225,18.85,25.13,0.24,3769.50,942.38,Sindh,0
4/15/2024,Iron Supplement,Mineral,232,167,251,44.64,59.52,0.18,9939.84,"2,484.96",Sindh,1
4/15/2024,Electrolyte Powder,Hydration,70,147,221,20.4,27.2,0.19,3998.40,999.6,Balochistan,1
4/22/2024,Whey Protein,Protein,387,162,243,27.47,36.63,0.06,5934.06,"1,483.52",Sindh,1
4/22/2024,Vitamin C,Vitamin,432,154,231,43.85,58.47,0.23,9004.38,"2,251.10",Sindh,1
4/22/2024,Fish Oil,Omega,95,150,225,40.58,54.11,0.17,8116.50,"2,029.13",Punjab,0
4/22/2024,Multivitamin,Vitamin,381,148,222,43.48,57.97,0.04,8579.56,"2,144.89",KP,0
4/22/2024,Pre-Workout,Performance,277,166,249,32.24,42.99,0.14,7136.34,"1,784.09",KP,1
4/22/2024,BCAA,Amino Acid,436,153,230,30.89,41.19,0.23,6302.07,"1,575.52",KP,1
4/22/2024,Creatine,Performance,494,175,263,19.3,25.73,0.16,4502.75,"1,125.69",Balochistan,0
4/22/2024,Zinc,Mineral,299,150,225,9.01,12.01,0.23,1801.50,450.38,KP,1
4/22/2024,Collagen Peptides,Protein,231,167,251,38.73,51.64,0.17,8623.88,"2,155.97",KP,1
4/22/2024,Magnesium,Mineral,401,171,257,16.66,22.21,0.20,3797.91,949.48,Punjab,1
4/22/2024,Ashwagandha,Herbal,381,139,209,38.64,51.52,0.04,7161.28,"1,790.32",Punjab,0
4/22/2024,Melatonin,Sleep Aid,344,158,237,42.59,56.78,0.20,8971.24,"2,242.81",Punjab,0
4/22/2024,Biotin,Vitamin,71,148,222,34.12,45.49,0.25,6732.52,"1,683.13",KP,0
4/22/2024,Green Tea Extract,Fat Burner,171,154,231,34.49,45.99,0.14,7082.46,"1,770.62",Sindh,1
4/22/2024,Iron Supplement,Mineral,432,175,263,16.38,21.84,0.08,3822.00,955.5,KP,1
4/22/2024,Electrolyte Powder,Hydration,61,167,251,8.94,11.92,0.01,1990.64,497.66,KP,0
4/29/2024,Whey Protein,Protein,113,155,233,31.27,41.69,0.18,6461.95,"1,615.49",Punjab,1
4/29/2024,Vitamin C,Vitamin,252,132,198,13.31,17.74,0.02,2341.68,585.42,Balochistan,1
4/29/2024,Fish Oil,Omega,373,162,243,38.14,50.85,0.17,8237.70,"2,059.43",Balochistan,1
4/29/2024,Multivitamin,Vitamin,283,137,206,18.34,24.45,0.24,3349.65,837.41,KP,0
4/29/2024,Pre-Workout,Performance,453,161,242,27,36,0.24,5796.00,"1,449.00",Sindh,0
4/29/2024,BCAA,Amino Acid,305,176,264,30.89,41.19,0.21,7249.44,"1,812.36",KP,0
4/29/2024,Creatine,Performance,456,176,264,42.24,56.32,0.08,9912.32,"2,478.08",Punjab,0
4/29/2024,Zinc,Mineral,84,149,224,26.42,35.22,0.24,5247.78,"1,311.95",Punjab,0
4/29/2024,Collagen Peptides,Protein,211,141,212,18.53,24.7,0.09,3482.70,870.68,Punjab,1
4/29/2024,Magnesium,Mineral,173,169,254,17.21,22.95,0.23,3878.55,969.64,Sindh,1
4/29/2024,Ashwagandha,Herbal,324,135,203,41.74,55.65,0.02,7512.75,"1,878.19",KP,1
4/29/2024,Melatonin,Sleep Aid,455,152,228,25.98,34.64,0.17,5265.28,"1,316.32",Balochistan,0
4/29/2024,Biotin,Vitamin,177,160,240,24.57,32.76,0.04,5241.60,"1,310.40",Balochistan,1
4/29/2024,Green Tea Extract,Fat Burner,403,143,215,23.58,31.44,0.19,4495.92,"1,123.98",Punjab,1
4/29/2024,Iron Supplement,Mineral,396,161,242,14.69,19.58,0.14,3152.38,788.1,Sindh,0
4/29/2024,Electrolyte Powder,Hydration,69,128,192,13.37,17.83,0.16,2282.24,570.56,Sindh,1
05/06/2024,Whey Protein,Protein,336,163,245,14.87,19.82,0.08,3230.66,807.67,KP,1
05/06/2024,Vitamin C,Vitamin,259,157,236,42.89,57.19,0.09,8978.83,"2,244.71",Punjab,1
05/06/2024,Fish Oil,Omega,242,151,227,39.23,52.31,0.20,7898.81,"1,974.70",Sindh,0
05/06/2024,Multivitamin,Vitamin,172,153,230,33.37,44.49,0.08,6806.97,"1,701.74",Sindh,1
05/06/2024,Pre-Workout,Performance,363,139,209,17.57,23.43,0.05,3256.77,814.19,KP,0
05/06/2024,BCAA,Amino Acid,91,138,207,30.89,41.19,0.18,5684.22,"1,421.06",Balochistan,0
05/06/2024,Creatine,Performance,132,166,249,21.99,29.32,0.19,4867.12,"1,216.78",Punjab,0
05/06/2024,Zinc,Mineral,261,139,209,24.99,33.32,0.14,4631.48,"1,157.87",Balochistan,0
05/06/2024,Collagen Peptides,Protein,472,164,246,23.93,31.91,0.12,5233.24,"1,308.31",Punjab,0
05/06/2024,Magnesium,Mineral,422,146,219,29.26,39.01,0.16,5695.46,"1,423.87",KP,1
05/06/2024,Ashwagandha,Herbal,120,143,215,12.48,16.64,0.06,2379.52,594.88,Balochistan,1
05/06/2024,Melatonin,Sleep Aid,167,128,192,8.24,10.98,0.06,1405.44,351.36,Punjab,0
05/06/2024,Biotin,Vitamin,481,125,188,41.75,55.66,0.20,6957.50,"1,739.38",Punjab,1
05/06/2024,Green Tea Extract,Fat Burner,436,172,258,10.22,13.63,0.25,2344.36,586.09,Punjab,1
05/06/2024,Iron Supplement,Mineral,217,149,224,32.67,43.56,0.05,6490.44,"1,622.61",Sindh,1
05/06/2024,Electrolyte Powder,Hydration,369,149,224,7.88,10.5,0.20,1564.50,391.13,Sindh,0
5/13/2024,Whey Protein,Protein,491,149,224,33.26,44.34,0.01,6606.66,"1,651.67",KP,1
5/13/2024,Vitamin C,Vitamin,66,153,230,12.56,16.75,0.17,2562.75,640.69,KP,1
5/13/2024,Fish Oil,Omega,125,136,204,41.72,55.63,0.00,7565.68,"1,891.42",KP,0
5/13/2024,Multivitamin,Vitamin,449,128,192,13.15,17.53,0.11,2243.84,560.96,Balochistan,0
5/13/2024,Pre-Workout,Performance,488,142,213,22.92,30.56,0.06,4339.52,"1,084.88",Punjab,0
5/13/2024,BCAA,Amino Acid,245,162,243,30.89,41.19,0.08,6672.78,"1,668.20",Sindh,0
5/13/2024,Creatine,Performance,263,139,209,43.07,57.42,0.00,7981.38,"1,995.35",Punjab,1
5/13/2024,Zinc,Mineral,434,155,233,14.1,18.8,0.24,2914.00,728.5,Punjab,0
5/13/2024,Collagen Peptides,Protein,148,136,204,36.87,49.16,0.02,6685.76,"1,671.44",Sindh,1
5/13/2024,Magnesium,Mineral,77,153,230,33.26,44.34,0.10,6784.02,"1,696.01",KP,1
5/13/2024,Ashwagandha,Herbal,338,157,236,33.23,44.31,0.17,6956.67,"1,739.17",Sindh,0
5/13/2024,Melatonin,Sleep Aid,353,151,227,33.76,45.01,0.25,6796.51,"1,699.13",Balochistan,1
5/13/2024,Biotin,Vitamin,378,126,189,35.36,47.15,0.03,5940.90,"1,485.23",Balochistan,0
5/13/2024,Green Tea Extract,Fat Burner,205,144,216,15.59,20.78,0.22,2992.32,748.08,Balochistan,0
5/13/2024,Iron Supplement,Mineral,79,176,264,12.15,16.2,0.04,2851.20,712.8,Sindh,0
5/13/2024,Electrolyte Powder,Hydration,186,158,237,33.89,45.19,0.10,7140.02,"1,785.01",Balochistan,1
5/20/2024,Whey Protein,Protein,162,136,204,9.89,13.19,0.07,1793.84,448.46,Balochistan,0
5/20/2024,Vitamin C,Vitamin,186,136,204,7.94,10.59,0.08,1440.24,360.06,KP,0
5/20/2024,Fish Oil,Omega,63,143,215,25.25,33.66,0.14,4813.38,"1,203.35",Balochistan,1
5/20/2024,Multivitamin,Vitamin,465,138,207,35.91,47.88,0.18,6607.44,"1,651.86",Sindh,1
5/20/2024,Pre-Workout,Performance,280,165,248,15.5,20.66,0.02,3408.90,852.23,Punjab,0
5/20/2024,BCAA,Amino Acid,86,158,237,30.89,41.19,0.10,6508.02,"1,627.01",Balochistan,0
5/20/2024,Creatine,Performance,491,158,237,30.4,40.53,0.03,6403.74,"1,600.94",Punjab,1
5/20/2024,Zinc,Mineral,471,166,249,35.66,47.54,0.21,7891.64,"1,972.91",Sindh,0
5/20/2024,Collagen Peptides,Protein,467,141,212,24.41,32.54,0.03,4588.14,"1,147.04",Balochistan,0
5/20/2024,Magnesium,Mineral,79,155,233,11.04,14.72,0.19,2281.60,570.4,Punjab,1
5/20/2024,Ashwagandha,Herbal,314,158,237,33.37,44.49,0.00,7029.42,"1,757.36",KP,1
5/20/2024,Melatonin,Sleep Aid,53,146,219,22.14,29.52,0.00,4309.92,"1,077.48",Sindh,1
5/20/2024,Biotin,Vitamin,329,150,225,42.79,57.05,0.05,8557.50,"2,139.38",Punjab,0
5/20/2024,Green Tea Extract,Fat Burner,227,136,204,7.73,10.3,0.03,1400.80,350.2,Punjab,1
5/20/2024,Iron Supplement,Mineral,252,140,210,20.99,27.99,0.07,3918.60,979.65,Punjab,0
5/20/2024,Electrolyte Powder,Hydration,485,145,218,40.38,53.84,0.10,7806.80,"1,951.70",Balochistan,1
5/27/2024,Whey Protein,Protein,193,130,195,43.98,58.64,0.13,7623.20,"1,905.80",Sindh,1
5/27/2024,Vitamin C,Vitamin,229,138,207,29.64,39.52,0.16,5453.76,"1,363.44",KP,1
5/27/2024,Fish Oil,Omega,148,152,228,15.29,20.38,0.05,3097.76,774.44,KP,0
5/27/2024,Multivitamin,Vitamin,261,158,237,39.22,52.29,0.07,8261.82,"2,065.46",Punjab,1
5/27/2024,Pre-Workout,Performance,396,159,239,11.07,14.76,0.06,2346.84,586.71,Punjab,1
5/27/2024,BCAA,Amino Acid,232,143,215,30.89,41.19,0.20,5890.17,"1,472.54",KP,1
5/27/2024,Creatine,Performance,76,144,216,23.77,31.69,0.10,4563.36,"1,140.84",KP,1
5/27/2024,Zinc,Mineral,72,162,243,37.44,49.92,0.03,8087.04,"2,021.76",Punjab,1
5/27/2024,Collagen Peptides,Protein,455,133,200,43.04,57.39,0.20,7632.87,"1,908.22",Balochistan,0
5/27/2024,Magnesium,Mineral,412,154,231,35.79,47.72,0.06,7348.88,"1,837.22",Sindh,1
5/27/2024,Ashwagandha,Herbal,193,160,240,12.56,16.75,0.08,2680.00,670,Sindh,1
5/27/2024,Melatonin,Sleep Aid,153,151,227,41.37,55.16,0.13,8329.16,"2,082.29",Sindh,0
5/27/2024,Biotin,Vitamin,322,147,221,16.22,21.63,0.17,3179.61,794.9,Sindh,1
5/27/2024,Green Tea Extract,Fat Burner,264,156,234,8.34,11.12,0.01,1734.72,433.68,KP,1
5/27/2024,Iron Supplement,Mineral,388,138,207,28.21,37.61,0.15,5190.18,"1,297.55",Punjab,0
5/27/2024,Electrolyte Powder,Hydration,366,155,233,44.93,59.9,0.21,9284.50,"2,321.13",KP,0
06/03/2024,Whey Protein,Protein,256,138,207,42.66,56.88,0.05,7849.44,"1,962.36",KP,1
06/03/2024,Vitamin C,Vitamin,460,135,203,22.75,30.33,0.02,4094.55,"1,023.64",Sindh,1
06/03/2024,Fish Oil,Omega,327,152,228,20.4,27.2,0.07,4134.40,"1,033.60",Sindh,0
06/03/2024,Multivitamin,Vitamin,267,144,216,36.51,48.68,0.17,7009.92,"1,752.48",Balochistan,1
06/03/2024,Pre-Workout,Performance,250,151,227,10.06,13.41,0.02,2024.91,506.23,KP,0
06/03/2024,BCAA,Amino Acid,219,155,233,30.89,41.19,0.16,6384.45,"1,596.11",Sindh,0
06/03/2024,Creatine,Performance,161,136,204,10.64,14.18,0.14,1928.48,482.12,KP,1
06/03/2024,Zinc,Mineral,459,146,219,7.67,10.22,0.13,1492.12,373.03,Punjab,0
06/03/2024,Collagen Peptides,Protein,241,159,239,38.69,51.58,0.21,8201.22,"2,050.31",KP,0
06/03/2024,Magnesium,Mineral,356,136,204,8.04,10.72,0.21,1457.92,364.48,Punjab,0
06/03/2024,Ashwagandha,Herbal,194,151,227,11.04,14.72,0.13,2222.72,555.68,Balochistan,0
06/03/2024,Melatonin,Sleep Aid,406,144,216,19.7,26.26,0.18,3781.44,945.36,Punjab,0
06/03/2024,Biotin,Vitamin,286,133,200,37.15,49.53,0.05,6587.49,"1,646.87",Punjab,0
06/03/2024,Green Tea Extract,Fat Burner,128,154,231,36.7,48.93,0.07,7535.22,"1,883.81",Sindh,1
06/03/2024,Iron Supplement,Mineral,165,152,228,42.01,56.01,0.22,8513.52,"2,128.38",Punjab,1
06/03/2024,Electrolyte Powder,Hydration,470,145,218,17.54,23.38,0.14,3390.10,847.53,Balochistan,1
06/10/2024,Whey Protein,Protein,350,143,215,25.33,33.77,0.02,4829.11,"1,207.28",Sindh,1
06/10/2024,Vitamin C,Vitamin,473,151,227,18.77,25.02,0.23,3778.02,944.51,KP,0
06/10/2024,Fish Oil,Omega,245,166,249,40.52,54.03,0.18,8968.98,"2,242.25",Sindh,1
06/10/2024,Multivitamin,Vitamin,403,163,245,8.72,11.62,0.03,1894.06,473.52,Punjab,1
06/10/2024,Pre-Workout,Performance,93,156,234,34.51,46.01,0.16,7177.56,"1,794.39",Balochistan,0
06/10/2024,BCAA,Amino Acid,106,153,230,30.89,41.19,0.00,6302.07,"1,575.52",Punjab,0
06/10/2024,Creatine,Performance,236,158,237,8.43,11.24,0.02,1775.92,443.98,Balochistan,1
06/10/2024,Zinc,Mineral,164,150,225,17.12,22.83,0.01,3424.50,856.13,Punjab,0
06/10/2024,Collagen Peptides,Protein,410,148,222,10.78,14.37,0.18,2126.76,531.69,Punjab,1
06/10/2024,Magnesium,Mineral,86,174,261,9.48,12.64,0.19,2199.36,549.84,Balochistan,0
06/10/2024,Ashwagandha,Herbal,328,156,234,34.72,46.29,0.24,7221.24,"1,805.31",KP,0
06/10/2024,Melatonin,Sleep Aid,192,157,236,42.18,56.24,0.04,8829.68,"2,207.42",Sindh,1
06/10/2024,Biotin,Vitamin,286,143,215,38.5,51.33,0.00,7340.19,"1,835.05",KP,1
06/10/2024,Green Tea Extract,Fat Burner,397,141,212,33.43,44.57,0.17,6284.37,"1,571.09",Sindh,1
06/10/2024,Iron Supplement,Mineral,87,137,206,30.02,40.02,0.12,5482.74,"1,370.69",Balochistan,1
06/10/2024,Electrolyte Powder,Hydration,53,135,203,39.86,53.15,0.01,7175.25,"1,793.81",Sindh,1
6/17/2024,Whey Protein,Protein,373,138,207,29.14,38.85,0.02,5361.30,"1,340.33",Sindh,1
6/17/2024,Vitamin C,Vitamin,452,165,248,37.49,49.99,0.10,8248.35,"2,062.09",Balochistan,0
6/17/2024,Fish Oil,Omega,300,132,198,27.91,37.21,0.01,4911.72,"1,227.93",KP,1
6/17/2024,Multivitamin,Vitamin,298,163,245,25.83,34.44,0.22,5613.72,"1,403.43",KP,0
6/17/2024,Pre-Workout,Performance,169,170,255,34.06,45.41,0.20,7719.70,"1,929.93",Punjab,0
6/17/2024,BCAA,Amino Acid,371,156,234,30.89,41.19,0.14,6425.64,"1,606.41",KP,1
6/17/2024,Creatine,Performance,467,148,222,12.11,16.14,0.08,2388.72,597.18,Balochistan,1
6/17/2024,Zinc,Mineral,405,146,219,14.07,18.76,0.11,2738.96,684.74,Punjab,0
6/17/2024,Collagen Peptides,Protein,444,135,203,30.28,40.37,0.05,5449.95,"1,362.49",Balochistan,1
6/17/2024,Magnesium,Mineral,373,165,248,8.22,10.96,0.16,1808.40,452.1,KP,0
6/17/2024,Ashwagandha,Herbal,314,149,224,28.99,38.65,0.02,5758.85,"1,439.71",KP,1
6/17/2024,Melatonin,Sleep Aid,89,154,231,28.6,38.13,0.03,5872.02,"1,468.01",KP,0
6/17/2024,Biotin,Vitamin,95,155,233,29.39,39.18,0.05,6072.90,"1,518.23",Sindh,1
6/17/2024,Green Tea Extract,Fat Burner,305,124,186,28.28,37.7,0.16,4674.80,"1,168.70",Balochistan,0
6/17/2024,Iron Supplement,Mineral,171,158,237,9.34,12.45,0.21,1967.10,491.78,KP,0
6/17/2024,Electrolyte Powder,Hydration,221,162,243,22.41,29.88,0.18,4840.56,"1,210.14",Sindh,1
6/24/2024,Whey Protein,Protein,395,130,195,37.24,49.65,0.08,6454.50,"1,613.63",Punjab,0
6/24/2024,Vitamin C,Vitamin,164,121,182,25.39,33.85,0.02,4095.85,"1,023.96",Sindh,1
6/24/2024,Fish Oil,Omega,442,164,246,31.26,41.68,0.05,6835.52,"1,708.88",Sindh,1
6/24/2024,Multivitamin,Vitamin,466,166,249,41.72,55.63,0.21,9234.58,"2,308.65",Balochistan,0
6/24/2024,Pre-Workout,Performance,414,159,239,17.66,23.54,0.02,3742.86,935.72,Sindh,1
6/24/2024,BCAA,Amino Acid,156,136,204,30.89,41.19,0.24,5601.84,"1,400.46",Punjab,0
6/24/2024,Creatine,Performance,212,140,210,15.71,20.95,0.25,2933.00,733.25,Balochistan,1
6/24/2024,Zinc,Mineral,377,158,237,32.65,43.53,0.16,6877.74,"1,719.44",Balochistan,0
6/24/2024,Collagen Peptides,Protein,141,160,240,25.85,34.47,0.00,5515.20,"1,378.80",KP,0
6/24/2024,Magnesium,Mineral,198,159,239,20.31,27.08,0.04,4305.72,"1,076.43",Punjab,1
6/24/2024,Ashwagandha,Herbal,397,175,263,15.49,20.65,0.09,3613.75,903.44,KP,1
6/24/2024,Melatonin,Sleep Aid,215,154,231,28.28,37.71,0.09,5807.34,"1,451.84",Punjab,0
6/24/2024,Biotin,Vitamin,72,129,194,36.59,48.78,0.02,6292.62,"1,573.16",Balochistan,1
6/24/2024,Green Tea Extract,Fat Burner,399,163,245,7.99,10.65,0.05,1735.95,433.99,Sindh,1
6/24/2024,Iron Supplement,Mineral,333,155,233,42.36,56.48,0.19,8754.40,"2,188.60",KP,0
6/24/2024,Electrolyte Powder,Hydration,372,146,219,43.91,58.55,0.13,8548.30,"2,137.08",Balochistan,0
07/01/2024,Whey Protein,Protein,220,144,216,9.52,12.69,0.25,1827.36,456.84,Balochistan,1
07/01/2024,Vitamin C,Vitamin,452,145,218,35.71,47.61,0.23,6903.45,"1,725.86",KP,1
07/01/2024,Fish Oil,Omega,189,149,224,36.7,48.93,0.10,7290.57,"1,822.64",Sindh,1
07/01/2024,Multivitamin,Vitamin,380,138,207,26,34.66,0.11,4783.08,"1,195.77",KP,0
07/01/2024,Pre-Workout,Performance,53,152,228,14.07,18.76,0.19,2851.52,712.88,Balochistan,0
07/01/2024,BCAA,Amino Acid,146,150,225,30.89,41.19,0.18,6178.50,"1,544.63",Sindh,1
07/01/2024,Creatine,Performance,84,149,224,28.03,37.37,0.11,5568.13,"1,392.03",Punjab,1
07/01/2024,Zinc,Mineral,317,156,234,11.44,15.25,0.01,2379.00,594.75,KP,0
07/01/2024,Collagen Peptides,Protein,230,146,219,18.48,24.64,0.25,3597.44,899.36,Balochistan,0
07/01/2024,Magnesium,Mineral,477,148,222,17.27,23.03,0.01,3408.44,852.11,KP,1
07/01/2024,Ashwagandha,Herbal,345,159,239,21.3,28.4,0.00,4515.60,"1,128.90",KP,1
07/01/2024,Melatonin,Sleep Aid,139,161,242,21.18,28.24,0.24,4546.64,"1,136.66",Punjab,1
07/01/2024,Biotin,Vitamin,209,151,227,29.86,39.81,0.24,6011.31,"1,502.83",Balochistan,0
07/01/2024,Green Tea Extract,Fat Burner,224,160,240,26.04,34.72,0.09,5555.20,"1,388.80",KP,1
07/01/2024,Iron Supplement,Mineral,252,158,237,7.96,10.61,0.13,1676.38,419.1,Balochistan,1
07/01/2024,Electrolyte Powder,Hydration,61,151,227,8.33,11.1,0.09,1676.10,419.03,Balochistan,1
07/08/2024,Whey Protein,Protein,462,158,237,29.65,39.53,0.13,6245.74,"1,561.44",KP,1
07/08/2024,Vitamin C,Vitamin,252,147,221,12.06,16.08,0.07,2363.76,590.94,Punjab,0
07/08/2024,Fish Oil,Omega,340,169,254,8.69,11.58,0.23,1957.02,489.26,Sindh,0
07/08/2024,Multivitamin,Vitamin,78,147,221,23.62,31.49,0.12,4629.03,"1,157.26",Punjab,0
07/08/2024,Pre-Workout,Performance,51,136,204,7.61,10.14,0.08,1379.04,344.76,Sindh,1
07/08/2024,BCAA,Amino Acid,464,139,209,30.89,41.19,0.08,5725.41,"1,431.35",Sindh,1
07/08/2024,Creatine,Performance,71,154,231,11.14,14.85,0.15,2286.90,571.73,Balochistan,1
07/08/2024,Zinc,Mineral,120,176,264,37.33,49.77,0.09,8759.52,"2,189.88",Balochistan,1
07/08/2024,Collagen Peptides,Protein,493,142,213,27.12,36.16,0.17,5134.72,"1,283.68",Balochistan,1
07/08/2024,Magnesium,Mineral,152,140,210,19.07,25.42,0.09,3558.80,889.7,Punjab,0
07/08/2024,Ashwagandha,Herbal,291,157,236,22.12,29.49,0.12,4629.93,"1,157.48",Punjab,1
07/08/2024,Melatonin,Sleep Aid,211,163,245,18.59,24.78,0.19,4039.14,"1,009.79",KP,1
07/08/2024,Biotin,Vitamin,214,147,221,9.71,12.94,0.13,1902.18,475.55,Balochistan,0
07/08/2024,Green Tea Extract,Fat Burner,109,143,215,41.1,54.8,0.03,7836.40,"1,959.10",KP,0
07/08/2024,Iron Supplement,Mineral,400,150,225,31.94,42.58,0.15,6387.00,"1,596.75",Punjab,1
07/08/2024,Electrolyte Powder,Hydration,438,172,258,44.65,59.53,0.13,10239.16,"2,559.79",Balochistan,1
7/15/2024,Whey Protein,Protein,97,149,224,29.9,39.86,0.17,5939.14,"1,484.79",KP,0
7/15/2024,Vitamin C,Vitamin,139,131,197,10.55,14.07,0.17,1843.17,460.79,KP,1
7/15/2024,Fish Oil,Omega,462,183,275,27.47,36.62,0.14,6701.46,"1,675.37",Punjab,0
7/15/2024,Multivitamin,Vitamin,286,154,231,23.87,31.82,0.16,4900.28,"1,225.07",Punjab,0
7/15/2024,Pre-Workout,Performance,419,165,248,43.19,57.58,0.01,9500.70,"2,375.18",Sindh,1
7/15/2024,BCAA,Amino Acid,437,165,248,30.89,41.19,0.02,6796.35,"1,699.09",Balochistan,1
7/15/2024,Creatine,Performance,461,131,197,28.03,37.37,0.05,4895.47,"1,223.87",KP,1
7/15/2024,Zinc,Mineral,298,148,222,31.98,42.64,0.08,6310.72,"1,577.68",Punjab,0
7/15/2024,Collagen Peptides,Protein,183,144,216,29.48,39.31,0.06,5660.64,"1,415.16",KP,1
7/15/2024,Magnesium,Mineral,164,124,186,23.97,31.96,0.18,3963.04,990.76,Sindh,1
7/15/2024,Ashwagandha,Herbal,328,159,239,13.16,17.55,0.20,2790.45,697.61,KP,1
7/15/2024,Melatonin,Sleep Aid,464,128,192,18.44,24.59,0.01,3147.52,786.88,Sindh,0
7/15/2024,Biotin,Vitamin,272,149,224,34.37,45.82,0.22,6827.18,"1,706.80",Punjab,0
7/15/2024,Green Tea Extract,Fat Burner,148,157,236,15.38,20.5,0.12,3218.50,804.63,Sindh,0
7/15/2024,Iron Supplement,Mineral,464,159,239,11.56,15.41,0.20,2450.19,612.55,Punjab,0
7/15/2024,Electrolyte Powder,Hydration,135,144,216,7.5,10,0.23,1440.00,360,Punjab,1
7/22/2024,Whey Protein,Protein,314,154,231,28.55,38.07,0.21,5862.78,"1,465.70",KP,0
7/22/2024,Vitamin C,Vitamin,195,169,254,13.92,18.56,0.23,3136.64,784.16,Balochistan,1
7/22/2024,Fish Oil,Omega,88,128,192,16.46,21.95,0.16,2809.60,702.4,Balochistan,0
7/22/2024,Multivitamin,Vitamin,237,157,236,30.29,40.39,0.24,6341.23,"1,585.31",Sindh,0
7/22/2024,Pre-Workout,Performance,407,155,233,15.02,20.02,0.06,3103.10,775.78,KP,1
7/22/2024,BCAA,Amino Acid,220,134,201,30.89,41.19,0.15,5519.46,"1,379.87",Balochistan,1
7/22/2024,Creatine,Performance,452,142,213,41.81,55.75,0.10,7916.50,"1,979.13",Balochistan,1
7/22/2024,Zinc,Mineral,215,157,236,21.83,29.11,0.10,4570.27,"1,142.57",Punjab,0
7/22/2024,Collagen Peptides,Protein,90,140,210,33.24,44.32,0.19,6204.80,"1,551.20",Punjab,0
7/22/2024,Magnesium,Mineral,217,145,218,7.75,10.33,0.12,1497.85,374.46,KP,0
7/22/2024,Ashwagandha,Herbal,389,155,233,31.67,42.23,0.23,6545.65,"1,636.41",Punjab,1
7/22/2024,Melatonin,Sleep Aid,293,158,237,8.9,11.87,0.09,1875.46,468.87,Sindh,1
7/22/2024,Biotin,Vitamin,87,162,243,43.5,58,0.07,9396.00,"2,349.00",Balochistan,1
7/22/2024,Green Tea Extract,Fat Burner,231,147,221,37.6,50.13,0.07,7369.11,"1,842.28",KP,0
7/22/2024,Iron Supplement,Mineral,140,151,227,37.4,49.86,0.24,7528.86,"1,882.22",Punjab,1
7/22/2024,Electrolyte Powder,Hydration,62,153,230,44.47,59.29,0.24,9071.37,"2,267.84",KP,1
7/29/2024,Whey Protein,Protein,459,151,227,21.91,29.21,0.15,4410.71,"1,102.68",Sindh,1
7/29/2024,Vitamin C,Vitamin,209,155,233,23.6,31.46,0.18,4876.30,"1,219.08",KP,0
7/29/2024,Fish Oil,Omega,199,136,204,40.91,54.54,0.02,7417.44,"1,854.36",Sindh,0
7/29/2024,Multivitamin,Vitamin,245,140,210,41.85,55.8,0.15,7812.00,"1,953.00",Punjab,0
7/29/2024,Pre-Workout,Performance,305,142,213,23.52,31.36,0.15,4453.12,"1,113.28",Sindh,0
7/29/2024,BCAA,Amino Acid,259,146,219,30.89,41.19,0.18,6013.74,"1,503.44",Punjab,1
7/29/2024,Creatine,Performance,475,161,242,42.02,56.03,0.04,9020.83,"2,255.21",Punjab,0
7/29/2024,Zinc,Mineral,340,165,248,7.63,10.17,0.22,1678.05,419.51,KP,0
7/29/2024,Collagen Peptides,Protein,196,147,221,39.31,52.41,0.08,7704.27,"1,926.07",Balochistan,1
7/29/2024,Magnesium,Mineral,91,154,231,19.71,26.28,0.06,4047.12,"1,011.78",Balochistan,0
7/29/2024,Ashwagandha,Herbal,132,148,222,25.94,34.58,0.13,5117.84,"1,279.46",Sindh,0
7/29/2024,Melatonin,Sleep Aid,258,161,242,17.6,23.47,0.22,3778.67,944.67,KP,1
7/29/2024,Biotin,Vitamin,398,153,230,34.46,45.94,0.08,7028.82,"1,757.21",Balochistan,1
7/29/2024,Green Tea Extract,Fat Burner,429,162,243,34.57,46.09,0.02,7466.58,"1,866.65",Balochistan,0
7/29/2024,Iron Supplement,Mineral,203,126,189,32,42.66,0.04,5375.16,"1,343.79",Punjab,1
7/29/2024,Electrolyte Powder,Hydration,105,173,260,37.6,50.13,0.23,8672.49,"2,168.12",Punjab,0
08/05/2024,Whey Protein,Protein,355,168,252,43.6,58.13,0.20,9765.84,"2,441.46",KP,0
08/05/2024,Vitamin C,Vitamin,282,161,242,10.56,14.08,0.06,2266.88,566.72,Punjab,0
08/05/2024,Fish Oil,Omega,69,150,225,39,52,0.02,7800.00,"1,950.00",Sindh,1
08/05/2024,Multivitamin,Vitamin,343,145,218,19.04,25.38,0.05,3680.10,920.03,Balochistan,0
08/05/2024,Pre-Workout,Performance,371,155,233,26.58,35.44,0.07,5493.20,"1,373.30",KP,1
08/05/2024,BCAA,Amino Acid,57,144,216,30.89,41.19,0.19,5931.36,"1,482.84",Punjab,1
08/05/2024,Creatine,Performance,368,155,233,43.52,58.03,0.04,8994.65,"2,248.66",KP,1
08/05/2024,Zinc,Mineral,271,146,219,28.97,38.62,0.12,5638.52,"1,409.63",Sindh,1
08/05/2024,Collagen Peptides,Protein,71,146,219,25.83,34.44,0.13,5028.24,"1,257.06",KP,0
08/05/2024,Magnesium,Mineral,340,174,261,22.85,30.46,0.04,5300.04,"1,325.01",Sindh,1
08/05/2024,Ashwagandha,Herbal,370,143,215,15.92,21.23,0.01,3035.89,758.97,Punjab,0
08/05/2024,Melatonin,Sleep Aid,494,155,233,9.28,12.37,0.22,1917.35,479.34,Sindh,1
08/05/2024,Biotin,Vitamin,201,173,260,20.27,27.02,0.19,4674.46,"1,168.62",Punjab,1
08/05/2024,Green Tea Extract,Fat Burner,205,145,218,23.75,31.66,0.23,4590.70,"1,147.68",Punjab,1
08/05/2024,Iron Supplement,Mineral,102,140,210,16.14,21.52,0.07,3012.80,753.2,KP,1
08/05/2024,Electrolyte Powder,Hydration,161,156,234,22.03,29.37,0.16,4581.72,"1,145.43",Balochistan,0
08/12/2024,Whey Protein,Protein,75,126,189,12.23,16.3,0.21,2053.80,513.45,Balochistan,1
08/12/2024,Vitamin C,Vitamin,334,126,189,17.95,23.93,0.14,3015.18,753.8,Sindh,0
08/12/2024,Fish Oil,Omega,303,149,224,12.67,16.89,0.19,2516.61,629.15,KP,1
08/12/2024,Multivitamin,Vitamin,101,176,264,35.25,47,0.18,8272.00,"2,068.00",Balochistan,1
08/12/2024,Pre-Workout,Performance,123,141,212,9.55,12.73,0.16,1794.93,448.73,Balochistan,1
08/12/2024,BCAA,Amino Acid,209,160,240,30.89,41.19,0.13,6590.40,"1,647.60",Punjab,0
08/12/2024,Creatine,Performance,276,147,221,14.37,19.16,0.22,2816.52,704.13,Punjab,0
08/12/2024,Zinc,Mineral,180,155,233,41.7,55.6,0.20,8618.00,"2,154.50",KP,0
08/12/2024,Collagen Peptides,Protein,314,163,245,42.09,56.12,0.18,9147.56,"2,286.89",Punjab,1
08/12/2024,Magnesium,Mineral,463,130,195,38.3,51.06,0.22,6637.80,"1,659.45",Punjab,0
08/12/2024,Ashwagandha,Herbal,101,175,263,30.55,40.73,0.17,7127.75,"1,781.94",Punjab,0
08/12/2024,Melatonin,Sleep Aid,56,146,219,36.1,48.13,0.21,7026.98,"1,756.75",KP,1
08/12/2024,Biotin,Vitamin,215,136,204,33.78,45.04,0.14,6125.44,"1,531.36",Punjab,1
08/12/2024,Green Tea Extract,Fat Burner,290,162,243,12.17,16.23,0.23,2629.26,657.32,KP,1
08/12/2024,Iron Supplement,Mineral,111,154,231,42.44,56.58,0.14,8713.32,"2,178.33",KP,1
08/12/2024,Electrolyte Powder,Hydration,179,147,221,23.09,30.79,0.22,4526.13,"1,131.53",Balochistan,0
8/19/2024,Whey Protein,Protein,61,163,245,38.42,51.22,0.18,8348.86,"2,087.22",Sindh,1
8/19/2024,Vitamin C,Vitamin,117,146,219,39.09,52.12,0.12,7609.52,"1,902.38",KP,0
8/19/2024,Fish Oil,Omega,89,133,200,35.66,47.55,0.18,6324.15,"1,581.04",Sindh,0
8/19/2024,Multivitamin,Vitamin,417,164,246,37.24,49.65,0.12,8142.60,"2,035.65",Sindh,0
8/19/2024,Pre-Workout,Performance,468,146,219,39.05,52.07,0.01,7602.22,"1,900.56",KP,1
8/19/2024,BCAA,Amino Acid,453,155,233,30.89,41.19,0.03,6384.45,"1,596.11",Balochistan,1
8/19/2024,Creatine,Performance,146,158,237,31.97,42.62,0.05,6733.96,"1,683.49",KP,0
8/19/2024,Zinc,Mineral,500,155,233,28.69,38.25,0.15,5928.75,"1,482.19",Balochistan,1
8/19/2024,Collagen Peptides,Protein,148,163,245,23,30.66,0.19,4997.58,"1,249.40",Balochistan,1
8/19/2024,Magnesium,Mineral,499,136,204,40.44,53.92,0.09,7333.12,"1,833.28",Balochistan,1
8/19/2024,Ashwagandha,Herbal,493,149,224,17.28,23.04,0.01,3432.96,858.24,Sindh,1
8/19/2024,Melatonin,Sleep Aid,229,148,222,36.17,48.23,0.03,7138.04,"1,784.51",KP,1
8/19/2024,Biotin,Vitamin,133,168,252,35.24,46.98,0.03,7892.64,"1,973.16",Sindh,0
8/19/2024,Green Tea Extract,Fat Burner,426,144,216,36.73,48.97,0.23,7051.68,"1,762.92",Balochistan,0
8/19/2024,Iron Supplement,Mineral,470,156,234,30.2,40.27,0.02,6282.12,"1,570.53",Sindh,0
8/19/2024,Electrolyte Powder,Hydration,200,151,227,42,56,0.12,8456.00,"2,114.00",Balochistan,0
8/26/2024,Whey Protein,Protein,120,165,248,9.8,13.07,0.06,2156.55,539.14,KP,0
8/26/2024,Vitamin C,Vitamin,235,168,252,24,32,0.04,5376.00,"1,344.00",Sindh,0
8/26/2024,Fish Oil,Omega,414,139,209,32.28,43.04,0.06,5982.56,"1,495.64",Punjab,0
8/26/2024,Multivitamin,Vitamin,138,150,225,13.63,18.17,0.12,2725.50,681.38,Punjab,0
8/26/2024,Pre-Workout,Performance,142,168,252,44.11,58.81,0.16,9880.08,"2,470.02",KP,0
8/26/2024,BCAA,Amino Acid,369,121,182,30.89,41.19,0.08,4983.99,"1,246.00",Balochistan,0
8/26/2024,Creatine,Performance,349,155,233,10.43,13.9,0.13,2154.50,538.63,Balochistan,0
8/26/2024,Zinc,Mineral,155,129,194,29.19,38.92,0.24,5020.68,"1,255.17",Punjab,1
8/26/2024,Collagen Peptides,Protein,163,152,228,8.39,11.18,0.23,1699.36,424.84,Sindh,1
8/26/2024,Magnesium,Mineral,183,130,195,9.41,12.54,0.15,1630.20,407.55,Sindh,1
8/26/2024,Ashwagandha,Herbal,267,150,225,27.44,36.59,0.13,5488.50,"1,372.13",KP,0
8/26/2024,Melatonin,Sleep Aid,432,142,213,41.26,55.01,0.18,7811.42,"1,952.86",Punjab,1
8/26/2024,Biotin,Vitamin,412,143,215,30.11,40.15,0.11,5741.45,"1,435.36",Balochistan,1
8/26/2024,Green Tea Extract,Fat Burner,124,140,210,33.61,44.81,0.24,6273.40,"1,568.35",Punjab,1
8/26/2024,Iron Supplement,Mineral,312,142,213,21.92,29.22,0.21,4149.24,"1,037.31",Balochistan,1
8/26/2024,Electrolyte Powder,Hydration,258,153,230,42.68,56.9,0.16,8705.70,"2,176.43",Sindh,0
09/02/2024,Whey Protein,Protein,496,153,230,38,50.66,0.08,7750.98,"1,937.75",Balochistan,0
09/02/2024,Vitamin C,Vitamin,181,185,278,31.81,42.41,0.14,7845.85,"1,961.46",Sindh,0
09/02/2024,Fish Oil,Omega,300,166,249,38.1,50.8,0.08,8432.80,"2,108.20",Sindh,1
09/02/2024,Multivitamin,Vitamin,300,147,221,14.52,19.36,0.17,2845.92,711.48,Punjab,1
09/02/2024,Pre-Workout,Performance,452,161,242,32.55,43.4,0.16,6987.40,"1,746.85",KP,0
09/02/2024,BCAA,Amino Acid,241,158,237,30.89,41.19,0.17,6508.02,"1,627.01",Punjab,1
09/02/2024,Creatine,Performance,162,166,249,23.42,31.22,0.18,5182.52,"1,295.63",Balochistan,0
09/02/2024,Zinc,Mineral,220,144,216,11.61,15.48,0.06,2229.12,557.28,Balochistan,0
09/02/2024,Collagen Peptides,Protein,95,145,218,32.48,43.3,0.20,6278.50,"1,569.63",Punjab,0
09/02/2024,Magnesium,Mineral,105,143,215,21.18,28.24,0.25,4038.32,"1,009.58",Punjab,1
09/02/2024,Ashwagandha,Herbal,319,149,224,20.54,27.38,0.20,4079.62,"1,019.91",Balochistan,0
09/02/2024,Melatonin,Sleep Aid,277,160,240,11.53,15.37,0.07,2459.20,614.8,KP,0
09/02/2024,Biotin,Vitamin,129,159,239,32.24,42.98,0.18,6833.82,"1,708.46",KP,0
09/02/2024,Green Tea Extract,Fat Burner,358,160,240,29.52,39.36,0.24,6297.60,"1,574.40",Punjab,0
09/02/2024,Iron Supplement,Mineral,424,154,231,20,26.66,0.18,4105.64,"1,026.41",Balochistan,1
09/02/2024,Electrolyte Powder,Hydration,288,139,209,39.47,52.62,0.21,7314.18,"1,828.55",Balochistan,1
09/09/2024,Whey Protein,Protein,496,175,263,32.12,42.82,0.10,7493.50,"1,873.38",Punjab,0
09/09/2024,Vitamin C,Vitamin,462,148,222,26.3,35.07,0.20,5190.36,"1,297.59",Punjab,0
09/09/2024,Fish Oil,Omega,302,148,222,38.19,50.92,0.14,7536.16,"1,884.04",Punjab,0
09/09/2024,Multivitamin,Vitamin,147,158,237,35.8,47.73,0.01,7541.34,"1,885.34",Punjab,0
09/09/2024,Pre-Workout,Performance,323,129,194,16.33,21.77,0.25,2808.33,702.08,KP,1
09/09/2024,BCAA,Amino Acid,485,156,234,30.89,41.19,0.08,6425.64,"1,606.41",Sindh,1
09/09/2024,Creatine,Performance,207,149,224,29.7,39.6,0.19,5900.40,"1,475.10",Balochistan,1
09/09/2024,Zinc,Mineral,289,161,242,32.59,43.45,0.08,6995.45,"1,748.86",Sindh,1
09/09/2024,Collagen Peptides,Protein,449,150,225,26.53,35.37,0.01,5305.50,"1,326.38",Sindh,0
09/09/2024,Magnesium,Mineral,281,163,245,30.37,40.49,0.14,6599.87,"1,649.97",Balochistan,0
09/09/2024,Ashwagandha,Herbal,90,142,213,29.3,39.07,0.24,5547.94,"1,386.99",Sindh,1
09/09/2024,Melatonin,Sleep Aid,327,138,207,34.17,45.56,0.19,6287.28,"1,571.82",Punjab,1
09/09/2024,Biotin,Vitamin,472,150,225,40.31,53.75,0.04,8062.50,"2,015.63",Sindh,0
09/09/2024,Green Tea Extract,Fat Burner,186,141,212,42.77,57.03,0.06,8041.23,"2,010.31",Sindh,0
09/09/2024,Iron Supplement,Mineral,449,127,191,31.57,42.09,0.08,5345.43,"1,336.36",Punjab,0
09/09/2024,Electrolyte Powder,Hydration,89,174,261,22.47,29.96,0.19,5213.04,"1,303.26",KP,0
9/16/2024,Whey Protein,Protein,50,143,215,24.56,32.74,0.14,4681.82,"1,170.46",Balochistan,0
9/16/2024,Vitamin C,Vitamin,391,139,209,23.81,31.74,0.01,4411.86,"1,102.97",KP,0
9/16/2024,Fish Oil,Omega,162,151,227,34.97,46.62,0.02,7039.62,"1,759.91",Sindh,1
9/16/2024,Multivitamin,Vitamin,410,143,215,24.63,32.84,0.25,4696.12,"1,174.03",Balochistan,1
9/16/2024,Pre-Workout,Performance,344,159,239,39.38,52.5,0.05,8347.50,"2,086.88",Sindh,1
9/16/2024,BCAA,Amino Acid,66,167,251,30.89,41.19,0.24,6878.73,"1,719.68",Sindh,0
9/16/2024,Creatine,Performance,299,142,213,22.67,30.22,0.12,4291.24,"1,072.81",Sindh,1
9/16/2024,Zinc,Mineral,462,142,213,36.7,48.93,0.22,6948.06,"1,737.02",KP,1
9/16/2024,Collagen Peptides,Protein,375,163,245,23.53,31.37,0.23,5113.31,"1,278.33",Punjab,0
9/16/2024,Magnesium,Mineral,76,138,207,25.24,33.65,0.19,4643.70,"1,160.93",Sindh,1
9/16/2024,Ashwagandha,Herbal,434,159,239,10.36,13.81,0.23,2195.79,548.95,KP,0
9/16/2024,Melatonin,Sleep Aid,477,171,257,34.32,45.76,0.18,7824.96,"1,956.24",Sindh,1
9/16/2024,Biotin,Vitamin,104,160,240,28.4,37.86,0.09,6057.60,"1,514.40",Sindh,1
9/16/2024,Green Tea Extract,Fat Burner,493,140,210,28.08,37.44,0.23,5241.60,"1,310.40",Punjab,0
9/16/2024,Iron Supplement,Mineral,400,124,186,16.7,22.26,0.06,2760.24,690.06,Punjab,1
9/16/2024,Electrolyte Powder,Hydration,350,146,219,29.18,38.91,0.14,5680.86,"1,420.22",Punjab,0
9/23/2024,Whey Protein,Protein,147,158,237,20.48,27.31,0.02,4314.98,"1,078.75",KP,1
9/23/2024,Vitamin C,Vitamin,287,134,201,13.35,17.8,0.12,2385.20,596.3,Punjab,0
9/23/2024,Fish Oil,Omega,452,159,239,28.31,37.74,0.04,6000.66,"1,500.17",Balochistan,0
9/23/2024,Multivitamin,Vitamin,455,166,249,11.21,14.95,0.17,2481.70,620.43,Sindh,0
9/23/2024,Pre-Workout,Performance,138,149,224,40.76,54.35,0.06,8098.15,"2,024.54",Balochistan,0
9/23/2024,BCAA,Amino Acid,460,144,216,30.89,41.19,0.21,5931.36,"1,482.84",Sindh,1
9/23/2024,Creatine,Performance,492,167,251,42.97,57.29,0.13,9567.43,"2,391.86",Sindh,0
9/23/2024,Zinc,Mineral,378,148,222,22.52,30.02,0.23,4442.96,"1,110.74",Sindh,1
9/23/2024,Collagen Peptides,Protein,241,150,225,36.04,48.05,0.18,7207.50,"1,801.88",Balochistan,0
9/23/2024,Magnesium,Mineral,267,132,198,12.41,16.55,0.07,2184.60,546.15,Punjab,0
9/23/2024,Ashwagandha,Herbal,496,161,242,23.03,30.7,0.08,4942.70,"1,235.68",Sindh,1
9/23/2024,Melatonin,Sleep Aid,364,169,254,7.84,10.45,0.20,1766.05,441.51,Sindh,1
9/23/2024,Biotin,Vitamin,372,151,227,41.8,55.73,0.14,8415.23,"2,103.81",Sindh,1
9/23/2024,Green Tea Extract,Fat Burner,83,142,213,37.37,49.83,0.11,7075.86,"1,768.97",Balochistan,0
9/23/2024,Iron Supplement,Mineral,248,131,197,24.94,33.25,0.16,4355.75,"1,088.94",Punjab,0
9/23/2024,Electrolyte Powder,Hydration,269,135,203,41.51,55.34,0.04,7470.90,"1,867.73",KP,1
9/30/2024,Whey Protein,Protein,302,153,230,13.15,17.53,0.24,2682.09,670.52,Balochistan,1
9/30/2024,Vitamin C,Vitamin,273,164,246,35.23,46.97,0.20,7703.08,"1,925.77",KP,1
9/30/2024,Fish Oil,Omega,228,146,219,11,14.67,0.18,2141.82,535.46,KP,0
9/30/2024,Multivitamin,Vitamin,131,138,207,11.19,14.92,0.24,2058.96,514.74,KP,0
9/30/2024,Pre-Workout,Performance,390,154,231,40.79,54.38,0.06,8374.52,"2,093.63",Sindh,1
9/30/2024,BCAA,Amino Acid,296,138,207,30.89,41.19,0.18,5684.22,"1,421.06",KP,1
9/30/2024,Creatine,Performance,168,142,213,20.9,27.87,0.19,3957.54,989.39,Balochistan,0
9/30/2024,Zinc,Mineral,299,140,210,31.09,41.45,0.11,5803.00,"1,450.75",Balochistan,0
9/30/2024,Collagen Peptides,Protein,358,144,216,11.56,15.41,0.14,2219.04,554.76,Sindh,1
9/30/2024,Magnesium,Mineral,211,153,230,12.29,16.38,0.11,2506.14,626.54,Sindh,1
9/30/2024,Ashwagandha,Herbal,274,156,234,34.84,46.45,0.16,7246.20,"1,811.55",KP,1
9/30/2024,Melatonin,Sleep Aid,355,157,236,44.75,59.67,0.17,9368.19,"2,342.05",Punjab,0
9/30/2024,Biotin,Vitamin,236,150,225,44.88,59.84,0.19,8976.00,"2,244.00",KP,1
9/30/2024,Green Tea Extract,Fat Burner,377,129,194,34.07,45.43,0.19,5860.47,"1,465.12",Punjab,1
9/30/2024,Iron Supplement,Mineral,421,155,233,36.01,48.01,0.06,7441.55,"1,860.39",Punjab,0
9/30/2024,Electrolyte Powder,Hydration,287,142,213,31.25,41.67,0.03,5917.14,"1,479.29",Sindh,1
10/07/2024,Whey Protein,Protein,478,140,210,20.76,27.68,0.23,3875.20,968.8,KP,1
10/07/2024,Vitamin C,Vitamin,270,128,192,20.15,26.87,0.20,3439.36,859.84,Sindh,0
10/07/2024,Fish Oil,Omega,398,157,236,44.09,58.78,0.23,9228.46,"2,307.12",Balochistan,0
10/07/2024,Multivitamin,Vitamin,239,158,237,41.21,54.94,0.02,8680.52,"2,170.13",Punjab,0
10/07/2024,Pre-Workout,Performance,293,143,215,13.85,18.46,0.12,2639.78,659.95,KP,1
10/07/2024,BCAA,Amino Acid,414,150,225,30.89,41.19,0.22,6178.50,"1,544.63",Balochistan,0
10/07/2024,Creatine,Performance,276,154,231,12.43,16.57,0.20,2551.78,637.95,Punjab,0
10/07/2024,Zinc,Mineral,104,147,221,29.46,39.28,0.08,5774.16,"1,443.54",Sindh,0
10/07/2024,Collagen Peptides,Protein,161,145,218,31.27,41.69,0.05,6045.05,"1,511.26",KP,1
10/07/2024,Magnesium,Mineral,353,164,246,27.59,36.79,0.16,6033.56,"1,508.39",KP,0
10/07/2024,Ashwagandha,Herbal,372,142,213,15.56,20.74,0.07,2945.08,736.27,Balochistan,0
10/07/2024,Melatonin,Sleep Aid,274,143,215,43.57,58.09,0.15,8306.87,"2,076.72",Punjab,0
10/07/2024,Biotin,Vitamin,271,121,182,38.05,50.73,0.16,6138.33,"1,534.58",Punjab,0
10/07/2024,Green Tea Extract,Fat Burner,359,147,221,39.14,52.18,0.02,7670.46,"1,917.62",KP,0
10/07/2024,Iron Supplement,Mineral,180,162,243,34.11,45.48,0.19,7367.76,"1,841.94",Punjab,1
10/07/2024,Electrolyte Powder,Hydration,308,131,197,37.37,49.82,0.06,6526.42,"1,631.61",Balochistan,1
10/14/2024,Whey Protein,Protein,456,146,219,12.25,16.33,0.17,2384.18,596.05,Punjab,0
10/14/2024,Vitamin C,Vitamin,457,132,198,10.64,14.18,0.21,1871.76,467.94,Sindh,0
10/14/2024,Fish Oil,Omega,144,160,240,27.12,36.16,0.05,5785.60,"1,446.40",Sindh,1
10/14/2024,Multivitamin,Vitamin,333,150,225,11.05,14.73,0.07,2209.50,552.38,Punjab,1
10/14/2024,Pre-Workout,Performance,287,147,221,44.68,59.57,0.13,8756.79,"2,189.20",Punjab,1
10/14/2024,BCAA,Amino Acid,433,161,242,30.89,41.19,0.20,6631.59,"1,657.90",Balochistan,0
10/14/2024,Creatine,Performance,426,138,207,34.98,46.64,0.03,6436.32,"1,609.08",Punjab,1
10/14/2024,Zinc,Mineral,66,139,209,36.13,48.17,0.18,6695.63,"1,673.91",Punjab,1
10/14/2024,Collagen Peptides,Protein,483,139,209,12.99,17.32,0.10,2407.48,601.87,Balochistan,0
10/14/2024,Magnesium,Mineral,321,159,239,29.03,38.71,0.02,6154.89,"1,538.72",Punjab,1
10/14/2024,Ashwagandha,Herbal,215,185,278,33.92,45.23,0.21,8367.55,"2,091.89",KP,1
10/14/2024,Melatonin,Sleep Aid,479,143,215,26.71,35.61,0.10,5092.23,"1,273.06",Punjab,0
10/14/2024,Biotin,Vitamin,94,159,239,29.46,39.28,0.17,6245.52,"1,561.38",KP,0
10/14/2024,Green Tea Extract,Fat Burner,205,145,218,28.77,38.36,0.05,5562.20,"1,390.55",Punjab,0
10/14/2024,Iron Supplement,Mineral,256,151,227,20.04,26.72,0.16,4034.72,"1,008.68",Balochistan,1
10/14/2024,Electrolyte Powder,Hydration,468,135,203,9.82,13.09,0.22,1767.15,441.79,Punjab,0
10/21/2024,Whey Protein,Protein,245,156,234,22.49,29.99,0.19,4678.44,"1,169.61",KP,0
10/21/2024,Vitamin C,Vitamin,387,158,237,29.74,39.65,0.19,6264.70,"1,566.18",Sindh,0
10/21/2024,Fish Oil,Omega,325,154,231,43.09,57.45,0.09,8847.30,"2,211.83",Sindh,0
10/21/2024,Multivitamin,Vitamin,411,130,195,22.95,30.6,0.21,3978.00,994.5,KP,1
10/21/2024,Pre-Workout,Performance,185,159,239,24.92,33.22,0.23,5281.98,"1,320.50",KP,0
10/21/2024,BCAA,Amino Acid,318,157,236,30.89,41.19,0.17,6466.83,"1,616.71",Sindh,1
10/21/2024,Creatine,Performance,451,159,239,22.34,29.79,0.16,4736.61,"1,184.15",Balochistan,1
10/21/2024,Zinc,Mineral,396,161,242,20.96,27.95,0.03,4499.95,"1,124.99",KP,0
10/21/2024,Collagen Peptides,Protein,194,178,267,27.63,36.84,0.16,6557.52,"1,639.38",Balochistan,1
10/21/2024,Magnesium,Mineral,445,155,233,20.98,27.97,0.04,4335.35,"1,083.84",KP,1
10/21/2024,Ashwagandha,Herbal,204,130,195,31.06,41.41,0.22,5383.30,"1,345.83",Punjab,0
10/21/2024,Melatonin,Sleep Aid,267,141,212,14.74,19.65,0.24,2770.65,692.66,Balochistan,1
10/21/2024,Biotin,Vitamin,481,137,206,22.32,29.76,0.22,4077.12,"1,019.28",Sindh,0
10/21/2024,Green Tea Extract,Fat Burner,408,146,219,40.97,54.63,0.22,7975.98,"1,994.00",Punjab,0
10/21/2024,Iron Supplement,Mineral,274,139,209,44.09,58.78,0.15,8170.42,"2,042.61",Balochistan,0
10/21/2024,Electrolyte Powder,Hydration,201,148,222,23.59,31.45,0.18,4654.60,"1,163.65",Balochistan,1
10/28/2024,Whey Protein,Protein,459,150,225,20.26,27.01,0.04,4051.50,"1,012.88",Sindh,1
10/28/2024,Vitamin C,Vitamin,213,143,215,34.33,45.77,0.20,6545.11,"1,636.28",Sindh,0
10/28/2024,Fish Oil,Omega,132,154,231,13.79,18.38,0.16,2830.52,707.63,Balochistan,1
10/28/2024,Multivitamin,Vitamin,392,141,212,36.69,48.92,0.21,6897.72,"1,724.43",Punjab,1
10/28/2024,Pre-Workout,Performance,429,157,236,35.21,46.95,0.12,7371.15,"1,842.79",KP,1
10/28/2024,BCAA,Amino Acid,228,147,221,30.89,41.19,0.02,6054.93,"1,513.73",Balochistan,1
10/28/2024,Creatine,Performance,225,164,246,9.98,13.31,0.11,2182.84,545.71,KP,1
10/28/2024,Zinc,Mineral,283,136,204,16.2,21.6,0.10,2937.60,734.4,Balochistan,0
10/28/2024,Collagen Peptides,Protein,421,145,218,30.41,40.55,0.02,5879.75,"1,469.94",Punjab,0
10/28/2024,Magnesium,Mineral,335,149,224,18.35,24.47,0.18,3646.03,911.51,Sindh,1
10/28/2024,Ashwagandha,Herbal,72,150,225,12.97,17.29,0.06,2593.50,648.38,KP,1
10/28/2024,Melatonin,Sleep Aid,378,143,215,21.53,28.7,0.16,4104.10,"1,026.03",KP,0
10/28/2024,Biotin,Vitamin,358,147,221,11.03,14.71,0.06,2162.37,540.59,Punjab,0
10/28/2024,Green Tea Extract,Fat Burner,331,174,261,9.08,12.1,0.03,2105.40,526.35,Punjab,1
10/28/2024,Iron Supplement,Mineral,113,153,230,26.2,34.93,0.09,5344.29,"1,336.07",KP,0
10/28/2024,Electrolyte Powder,Hydration,351,143,215,34.55,46.06,0.11,6586.58,"1,646.65",Sindh,1
11/04/2024,Whey Protein,Protein,324,156,234,26.4,35.2,0.24,5491.20,"1,372.80",KP,0
11/04/2024,Vitamin C,Vitamin,344,169,254,25.62,34.16,0.23,5773.04,"1,443.26",Punjab,1
11/04/2024,Fish Oil,Omega,60,186,279,41.35,55.13,0.11,10254.18,"2,563.55",KP,0
11/04/2024,Multivitamin,Vitamin,165,167,251,8.33,11.11,0.03,1855.37,463.84,Sindh,0
11/04/2024,Pre-Workout,Performance,399,149,224,35.44,47.25,0.03,7040.25,"1,760.06",Punjab,1
11/04/2024,BCAA,Amino Acid,410,138,207,30.89,41.19,0.13,5684.22,"1,421.06",KP,0
11/04/2024,Creatine,Performance,472,152,228,12.46,16.61,0.02,2524.72,631.18,Sindh,1
11/04/2024,Zinc,Mineral,317,159,239,27.77,37.03,0.06,5887.77,"1,471.94",Balochistan,0
11/04/2024,Collagen Peptides,Protein,269,185,278,41.31,55.08,0.15,10189.80,"2,547.45",Balochistan,0
11/04/2024,Magnesium,Mineral,479,149,224,23.2,30.93,0.22,4608.57,"1,152.14",Balochistan,1
11/04/2024,Ashwagandha,Herbal,246,152,228,42.02,56.03,0.12,8516.56,"2,129.14",Sindh,0
11/04/2024,Melatonin,Sleep Aid,426,142,213,17.99,23.98,0.08,3405.16,851.29,KP,0
11/04/2024,Biotin,Vitamin,435,156,234,44.55,59.4,0.04,9266.40,"2,316.60",Balochistan,0
11/04/2024,Green Tea Extract,Fat Burner,95,155,233,34.39,45.85,0.02,7106.75,"1,776.69",Balochistan,1
11/04/2024,Iron Supplement,Mineral,111,157,236,28.33,37.77,0.07,5929.89,"1,482.47",Balochistan,1
11/04/2024,Electrolyte Powder,Hydration,272,147,221,33.36,44.48,0.03,6538.56,"1,634.64",Balochistan,0
11/11/2024,Whey Protein,Protein,446,163,245,31.16,41.55,0.10,6772.65,"1,693.16",Punjab,0
11/11/2024,Vitamin C,Vitamin,357,157,236,26.63,35.51,0.24,5575.07,"1,393.77",KP,1
11/11/2024,Fish Oil,Omega,229,147,221,27.87,37.16,0.13,5462.52,"1,365.63",KP,0
11/11/2024,Multivitamin,Vitamin,295,153,230,36.76,49.01,0.20,7498.53,"1,874.63",Sindh,1
11/11/2024,Pre-Workout,Performance,197,145,218,19.35,25.8,0.14,3741.00,935.25,KP,0
11/11/2024,BCAA,Amino Acid,128,152,228,30.89,41.19,0.02,6260.88,"1,565.22",Punjab,0
11/11/2024,Creatine,Performance,400,158,237,16,21.33,0.24,3370.14,842.54,Punjab,0
11/11/2024,Zinc,Mineral,78,152,228,8.04,10.72,0.01,1629.44,407.36,KP,1
11/11/2024,Collagen Peptides,Protein,326,137,206,13.31,17.75,0.14,2431.75,607.94,Punjab,1
11/11/2024,Magnesium,Mineral,295,160,240,10.73,14.31,0.21,2289.60,572.4,Punjab,1
11/11/2024,Ashwagandha,Herbal,352,171,257,42.02,56.03,0.02,9581.13,"2,395.28",Punjab,0
11/11/2024,Melatonin,Sleep Aid,79,140,210,17.41,23.21,0.18,3249.40,812.35,Punjab,0
11/11/2024,Biotin,Vitamin,81,161,242,22.56,30.08,0.10,4842.88,"1,210.72",Punjab,0
11/11/2024,Green Tea Extract,Fat Burner,427,136,204,26.66,35.54,0.13,4833.44,"1,208.36",Punjab,1
11/11/2024,Iron Supplement,Mineral,275,151,227,32.37,43.16,0.20,6517.16,"1,629.29",Balochistan,1
11/11/2024,Electrolyte Powder,Hydration,82,155,233,20.33,27.1,0.23,4200.50,"1,050.13",Punjab,1
11/18/2024,Whey Protein,Protein,331,153,230,39.53,52.7,0.24,8063.10,"2,015.78",Sindh,1
11/18/2024,Vitamin C,Vitamin,361,152,228,10.2,13.6,0.11,2067.20,516.8,Punjab,1
11/18/2024,Fish Oil,Omega,184,123,185,11.53,15.37,0.05,1890.51,472.63,Sindh,1
11/18/2024,Multivitamin,Vitamin,433,150,225,9.92,13.22,0.10,1983.00,495.75,Punjab,1
11/18/2024,Pre-Workout,Performance,365,134,201,9.92,13.23,0.16,1772.82,443.21,Sindh,1
11/18/2024,BCAA,Amino Acid,283,164,246,30.89,41.19,0.13,6755.16,"1,688.79",Balochistan,1
11/18/2024,Creatine,Performance,195,163,245,9.61,12.81,0.24,2088.03,522.01,Sindh,1
11/18/2024,Zinc,Mineral,150,144,216,38.17,50.89,0.06,7328.16,"1,832.04",KP,0
11/18/2024,Collagen Peptides,Protein,293,162,243,9.08,12.1,0.05,1960.20,490.05,Sindh,1
11/18/2024,Magnesium,Mineral,159,126,189,21.75,29,0.22,3654.00,913.5,Balochistan,1
11/18/2024,Ashwagandha,Herbal,422,148,222,40.4,53.87,0.13,7972.76,"1,993.19",Sindh,1
11/18/2024,Melatonin,Sleep Aid,365,166,249,10.48,13.97,0.11,2319.02,579.76,KP,0
11/18/2024,Biotin,Vitamin,228,153,230,18.24,24.32,0.07,3720.96,930.24,Punjab,1
11/18/2024,Green Tea Extract,Fat Burner,319,145,218,31.57,42.09,0.19,6103.05,"1,525.76",KP,0
11/18/2024,Iron Supplement,Mineral,411,171,257,44.42,59.23,0.05,10128.33,"2,532.08",Punjab,0
11/18/2024,Electrolyte Powder,Hydration,93,151,227,25.38,33.84,0.20,5109.84,"1,277.46",Punjab,1
11/25/2024,Whey Protein,Protein,487,159,239,10.02,13.36,0.05,2124.24,531.06,Punjab,0
11/25/2024,Vitamin C,Vitamin,77,157,236,21.26,28.35,0.01,4450.95,"1,112.74",Sindh,0
11/25/2024,Fish Oil,Omega,101,150,225,14,18.66,0.13,2799.00,699.75,Punjab,1
11/25/2024,Multivitamin,Vitamin,185,140,210,41.27,55.02,0.12,7702.80,"1,925.70",Punjab,0
11/25/2024,Pre-Workout,Performance,143,172,258,11.09,14.79,0.12,2543.88,635.97,Balochistan,0
11/25/2024,BCAA,Amino Acid,463,147,221,30.89,41.19,0.00,6054.93,"1,513.73",Punjab,0
11/25/2024,Creatine,Performance,348,140,210,11.59,15.45,0.06,2163.00,540.75,Balochistan,1
11/25/2024,Zinc,Mineral,445,155,233,32.71,43.61,0.09,6759.55,"1,689.89",KP,0
11/25/2024,Collagen Peptides,Protein,205,168,252,29,38.67,0.24,6496.56,"1,624.14",KP,0
11/25/2024,Magnesium,Mineral,331,148,222,18.83,25.1,0.09,3714.80,928.7,Balochistan,1
11/25/2024,Ashwagandha,Herbal,400,139,209,26.66,35.54,0.06,4940.06,"1,235.02",KP,1
11/25/2024,Melatonin,Sleep Aid,191,165,248,41.78,55.7,0.09,9190.50,"2,297.63",Balochistan,1
11/25/2024,Biotin,Vitamin,99,185,278,32.99,43.99,0.07,8138.15,"2,034.54",Balochistan,1
11/25/2024,Green Tea Extract,Fat Burner,255,148,222,41.79,55.72,0.06,8246.56,"2,061.64",KP,1
11/25/2024,Iron Supplement,Mineral,175,155,233,11.1,14.8,0.25,2294.00,573.5,Balochistan,0
11/25/2024,Electrolyte Powder,Hydration,256,148,222,10.79,14.38,0.12,2128.24,532.06,Balochistan,0
12/02/2024,Whey Protein,Protein,165,168,252,27.43,36.57,0.17,6143.76,"1,535.94",Balochistan,0
12/02/2024,Vitamin C,Vitamin,277,126,189,30.06,40.08,0.00,5050.08,"1,262.52",Punjab,0
12/02/2024,Fish Oil,Omega,434,139,209,27.79,37.05,0.07,5149.95,"1,287.49",Sindh,1
12/02/2024,Multivitamin,Vitamin,51,166,249,26.08,34.77,0.24,5771.82,"1,442.96",Balochistan,0
12/02/2024,Pre-Workout,Performance,309,158,237,8.25,11,0.16,1738.00,434.5,KP,0
12/02/2024,BCAA,Amino Acid,59,132,198,30.89,41.19,0.05,5437.08,"1,359.27",Punjab,0
12/02/2024,Creatine,Performance,442,149,224,38.42,51.23,0.19,7633.27,"1,908.32",KP,1
12/02/2024,Zinc,Mineral,190,128,192,32.99,43.99,0.18,5630.72,"1,407.68",KP,0
12/02/2024,Collagen Peptides,Protein,225,148,222,27.72,36.96,0.04,5470.08,"1,367.52",KP,1
12/02/2024,Magnesium,Mineral,75,152,228,21.25,28.33,0.25,4306.16,"1,076.54",Balochistan,0
12/02/2024,Ashwagandha,Herbal,252,140,210,12.81,17.08,0.11,2391.20,597.8,Punjab,0
12/02/2024,Melatonin,Sleep Aid,170,148,222,32.63,43.51,0.19,6439.48,"1,609.87",Punjab,1
12/02/2024,Biotin,Vitamin,208,149,224,41.03,54.7,0.05,8150.30,"2,037.58",Sindh,1
12/02/2024,Green Tea Extract,Fat Burner,430,153,230,38.63,51.51,0.06,7881.03,"1,970.26",Balochistan,1
12/02/2024,Iron Supplement,Mineral,190,161,242,22.58,30.11,0.01,4847.71,"1,211.93",KP,1
12/02/2024,Electrolyte Powder,Hydration,259,165,248,16.19,21.58,0.00,3560.70,890.18,KP,0
12/09/2024,Whey Protein,Protein,410,150,225,33.55,44.73,0.25,6709.50,"1,677.38",Sindh,1
12/09/2024,Vitamin C,Vitamin,383,147,221,25.38,33.84,0.22,4974.48,"1,243.62",KP,1
12/09/2024,Fish Oil,Omega,208,153,230,15.86,21.15,0.07,3235.95,808.99,Sindh,0
12/09/2024,Multivitamin,Vitamin,437,149,224,34.44,45.92,0.09,6842.08,"1,710.52",KP,1
12/09/2024,Pre-Workout,Performance,452,157,236,36.64,48.85,0.18,7669.45,"1,917.36",Sindh,1
12/09/2024,BCAA,Amino Acid,461,138,207,30.89,41.19,0.24,5684.22,"1,421.06",Punjab,0
12/09/2024,Creatine,Performance,249,130,195,24.16,32.21,0.25,4187.30,"1,046.83",Punjab,1
12/09/2024,Zinc,Mineral,389,152,228,43.81,58.41,0.20,8878.32,"2,219.58",Balochistan,1
12/09/2024,Collagen Peptides,Protein,342,143,215,31.67,42.22,0.05,6037.46,"1,509.37",Sindh,0
12/09/2024,Magnesium,Mineral,187,167,251,28.75,38.33,0.10,6401.11,"1,600.28",Punjab,1
12/09/2024,Ashwagandha,Herbal,126,145,218,41.09,54.79,0.08,7944.55,"1,986.14",Sindh,1
12/09/2024,Melatonin,Sleep Aid,254,161,242,37.43,49.91,0.24,8035.51,"2,008.88",Punjab,1
12/09/2024,Biotin,Vitamin,339,147,221,26.57,35.43,0.07,5208.21,"1,302.05",Punjab,1
12/09/2024,Green Tea Extract,Fat Burner,113,139,209,14.42,19.22,0.02,2671.58,667.9,Sindh,1
12/09/2024,Iron Supplement,Mineral,301,173,260,39.02,52.02,0.05,8999.46,"2,249.87",Balochistan,1
12/09/2024,Electrolyte Powder,Hydration,392,150,225,12.8,17.07,0.08,2560.50,640.13,Sindh,0
12/16/2024,Whey Protein,Protein,221,143,215,16.35,21.8,0.07,3117.40,779.35,Punjab,1
12/16/2024,Vitamin C,Vitamin,84,140,210,33.26,44.34,0.21,6207.60,"1,551.90",KP,0
12/16/2024,Fish Oil,Omega,190,166,249,14.89,19.85,0.08,3295.10,823.78,Balochistan,0
12/16/2024,Multivitamin,Vitamin,62,145,218,16.39,21.85,0.18,3168.25,792.06,Punjab,0
12/16/2024,Pre-Workout,Performance,494,148,222,33.23,44.31,0.06,6557.88,"1,639.47",KP,0
12/16/2024,BCAA,Amino Acid,420,158,237,30.89,41.19,0.17,6508.02,"1,627.01",Sindh,0
12/16/2024,Creatine,Performance,296,136,204,13.68,18.24,0.11,2480.64,620.16,Sindh,1
12/16/2024,Zinc,Mineral,331,158,237,38.32,51.09,0.08,8072.22,"2,018.06",Punjab,0
12/16/2024,Collagen Peptides,Protein,80,160,240,19.05,25.4,0.10,4064.00,"1,016.00",KP,0
12/16/2024,Magnesium,Mineral,117,153,230,34.71,46.28,0.14,7080.84,"1,770.21",Punjab,1
12/16/2024,Ashwagandha,Herbal,222,143,215,22.14,29.52,0.13,4221.36,"1,055.34",Punjab,0
12/16/2024,Melatonin,Sleep Aid,240,160,240,42.99,57.32,0.09,9171.20,"2,292.80",Sindh,0
12/16/2024,Biotin,Vitamin,266,157,236,21.69,28.92,0.19,4540.44,"1,135.11",Punjab,1
12/16/2024,Green Tea Extract,Fat Burner,64,160,240,38.53,51.37,0.19,8219.20,"2,054.80",KP,0
12/16/2024,Iron Supplement,Mineral,273,147,221,24.78,33.04,0.01,4856.88,"1,214.22",Balochistan,0
12/16/2024,Electrolyte Powder,Hydration,452,153,230,33.2,44.27,0.21,6773.31,"1,693.33",KP,1
12/23/2024,Whey Protein,Protein,72,169,254,39.01,52.01,0.21,8789.69,"2,197.42",Balochistan,1
12/23/2024,Vitamin C,Vitamin,469,143,215,37.93,50.57,0.21,7231.51,"1,807.88",KP,1
12/23/2024,Fish Oil,Omega,94,153,230,25.08,33.44,0.25,5116.32,"1,279.08",KP,1
12/23/2024,Multivitamin,Vitamin,137,139,209,34.68,46.24,0.16,6427.36,"1,606.84",KP,0
12/23/2024,Pre-Workout,Performance,184,161,242,12.56,16.75,0.11,2696.75,674.19,Punjab,1
12/23/2024,BCAA,Amino Acid,429,141,212,30.89,41.19,0.20,5807.79,"1,451.95",Sindh,0
12/23/2024,Creatine,Performance,438,158,237,20.28,27.04,0.18,4272.32,"1,068.08",Punjab,0
12/23/2024,Zinc,Mineral,392,154,231,33.11,44.15,0.10,6799.10,"1,699.78",Punjab,0
12/23/2024,Collagen Peptides,Protein,369,136,204,20.33,27.11,0.03,3686.96,921.74,Sindh,1
12/23/2024,Magnesium,Mineral,101,145,218,23.66,31.54,0.17,4573.30,"1,143.33",Punjab,0
12/23/2024,Ashwagandha,Herbal,71,139,209,30.26,40.34,0.16,5607.26,"1,401.82",Punjab,0
12/23/2024,Melatonin,Sleep Aid,191,173,260,9.8,13.07,0.08,2261.11,565.28,KP,0
12/23/2024,Biotin,Vitamin,255,151,227,29.06,38.75,0.19,5851.25,"1,462.81",Sindh,1
12/23/2024,Green Tea Extract,Fat Burner,202,167,251,20.2,26.93,0.06,4497.31,"1,124.33",KP,0
12/23/2024,Iron Supplement,Mineral,303,152,228,16.02,21.36,0.18,3246.72,811.68,Punjab,1
12/23/2024,Electrolyte Powder,Hydration,96,168,252,20.54,27.38,0.06,4599.84,"1,149.96",Punjab,1
12/30/2024,Whey Protein,Protein,292,131,197,10.75,14.33,0.07,1877.23,469.31,Balochistan,1
12/30/2024,Vitamin C,Vitamin,466,161,242,19.07,25.42,0.14,4092.62,"1,023.16",Punjab,1
12/30/2024,Fish Oil,Omega,281,142,213,37.42,49.89,0.24,7084.38,"1,771.10",Balochistan,1
12/30/2024,Multivitamin,Vitamin,177,118,177,35.97,47.96,0.14,5659.28,"1,414.82",Balochistan,0
12/30/2024,Pre-Workout,Performance,393,157,236,40.72,54.29,0.20,8523.53,"2,130.88",KP,1
12/30/2024,BCAA,Amino Acid,482,143,215,30.89,41.19,0.15,5890.17,"1,472.54",Balochistan,1
12/30/2024,Creatine,Performance,93,156,234,30.76,41.01,0.06,6397.56,"1,599.39",Punjab,1
12/30/2024,Zinc,Mineral,470,139,209,25.8,34.4,0.06,4781.60,"1,195.40",KP,1
12/30/2024,Collagen Peptides,Protein,238,156,234,44.61,59.48,0.13,9278.88,"2,319.72",Balochistan,1
12/30/2024,Magnesium,Mineral,414,156,234,38.26,51.01,0.08,7957.56,"1,989.39",Sindh,1
12/30/2024,Ashwagandha,Herbal,218,154,231,10.23,13.64,0.09,2100.56,525.14,Sindh,1
12/30/2024,Melatonin,Sleep Aid,182,156,234,20.86,27.81,0.07,4338.36,"1,084.59",Balochistan,1
12/30/2024,Biotin,Vitamin,204,144,216,15.28,20.37,0.10,2933.28,733.32,Balochistan,0
12/30/2024,Green Tea Extract,Fat Burner,202,183,275,41.75,55.67,0.11,10187.61,"2,546.90",Balochistan,0
12/30/2024,Iron Supplement,Mineral,114,140,210,33.21,44.28,0.12,6199.20,"1,549.80",Punjab,1
12/30/2024,Electrolyte Powder,Hydration,192,147,221,24.38,32.51,0.08,4778.97,"1,194.74",Sindh,0
01/06/2025,Whey Protein,Protein,65,148,222,8.14,10.85,0.15,1605.80,401.45,Balochistan,1
01/06/2025,Vitamin C,Vitamin,243,139,209,36.46,48.61,0.06,6756.79,"1,689.20",Sindh,0
01/06/2025,Fish Oil,Omega,213,146,219,40.28,53.71,0.15,7841.66,"1,960.42",KP,0
01/06/2025,Multivitamin,Vitamin,85,151,227,11.75,15.66,0.05,2364.66,591.17,Balochistan,1
01/06/2025,Pre-Workout,Performance,331,180,270,12.95,17.26,0.11,3106.80,776.7,Sindh,0
01/06/2025,BCAA,Amino Acid,113,156,234,30.89,41.19,0.12,6425.64,"1,606.41",Sindh,1
01/06/2025,Creatine,Performance,382,147,221,44.93,59.9,0.13,8805.30,"2,201.33",Sindh,0
01/06/2025,Zinc,Mineral,440,146,219,26.71,35.61,0.11,5199.06,"1,299.77",Sindh,1
01/06/2025,Collagen Peptides,Protein,446,136,204,26.57,35.43,0.01,4818.48,"1,204.62",Sindh,0
01/06/2025,Magnesium,Mineral,183,177,266,9.88,13.17,0.17,2331.09,582.77,Punjab,1
01/06/2025,Ashwagandha,Herbal,447,159,239,31.91,42.55,0.18,6765.45,"1,691.36",Punjab,0
01/06/2025,Melatonin,Sleep Aid,406,158,237,20.24,26.98,0.24,4262.84,"1,065.71",Punjab,0
01/06/2025,Biotin,Vitamin,340,186,279,25.41,33.88,0.02,6301.68,"1,575.42",Balochistan,1
01/06/2025,Green Tea Extract,Fat Burner,493,129,194,17.21,22.94,0.19,2959.26,739.82,Balochistan,1
01/06/2025,Iron Supplement,Mineral,344,164,246,8.82,11.76,0.10,1928.64,482.16,KP,1
01/06/2025,Electrolyte Powder,Hydration,272,132,198,35.67,47.56,0.08,6277.92,"1,569.48",Balochistan,0
1/13/2025,Whey Protein,Protein,166,138,207,17.45,23.26,0.11,3209.88,802.47,Sindh,0
1/13/2025,Vitamin C,Vitamin,379,160,240,42.32,56.42,0.07,9027.20,"2,256.80",Balochistan,1
1/13/2025,Fish Oil,Omega,113,154,231,9.25,12.33,0.15,1898.82,474.71,Balochistan,0
1/13/2025,Multivitamin,Vitamin,204,159,239,28.21,37.61,0.00,5979.99,"1,495.00",Sindh,0
1/13/2025,Pre-Workout,Performance,351,159,239,24.92,33.23,0.24,5283.57,"1,320.89",Punjab,0
1/13/2025,BCAA,Amino Acid,209,139,209,30.89,41.19,0.24,5725.41,"1,431.35",Punjab,1
1/13/2025,Creatine,Performance,308,143,215,30.93,41.24,0.15,5897.32,"1,474.33",Balochistan,1
1/13/2025,Zinc,Mineral,261,155,233,8.2,10.93,0.13,1694.15,423.54,Balochistan,1
1/13/2025,Collagen Peptides,Protein,268,145,218,11.11,14.81,0.18,2147.45,536.86,KP,1
1/13/2025,Magnesium,Mineral,386,141,212,29.73,39.64,0.19,5589.24,"1,397.31",Sindh,0
1/13/2025,Ashwagandha,Herbal,317,153,230,24.46,32.61,0.06,4989.33,"1,247.33",KP,0
1/13/2025,Melatonin,Sleep Aid,86,146,219,9.1,12.13,0.03,1770.98,442.75,Sindh,1
1/13/2025,Biotin,Vitamin,174,153,230,13.73,18.31,0.15,2801.43,700.36,Balochistan,0
1/13/2025,Green Tea Extract,Fat Burner,200,144,216,11.18,14.91,0.23,2147.04,536.76,Balochistan,1
1/13/2025,Iron Supplement,Mineral,400,161,242,27.88,37.17,0.02,5984.37,"1,496.09",Balochistan,1
1/13/2025,Electrolyte Powder,Hydration,405,154,231,26.96,35.95,0.10,5536.30,"1,384.08",Punjab,1
1/20/2025,Whey Protein,Protein,113,155,233,29.84,39.79,0.21,6167.45,"1,541.86",Sindh,1
1/20/2025,Vitamin C,Vitamin,331,151,227,31.49,41.98,0.11,6338.98,"1,584.75",Balochistan,0
1/20/2025,Fish Oil,Omega,233,146,219,9.32,12.43,0.17,1814.78,453.7,Punjab,1
1/20/2025,Multivitamin,Vitamin,84,155,233,34.04,45.38,0.11,7033.90,"1,758.48",Sindh,0
1/20/2025,Pre-Workout,Performance,162,183,275,32.45,43.27,0.13,7918.41,"1,979.60",KP,0
1/20/2025,BCAA,Amino Acid,477,159,239,30.89,41.19,0.03,6549.21,"1,637.30",KP,1
1/20/2025,Creatine,Performance,309,128,192,28.22,37.63,0.22,4816.64,"1,204.16",Punjab,0
1/20/2025,Zinc,Mineral,290,140,210,29,38.66,0.15,5412.40,"1,353.10",KP,0
1/20/2025,Collagen Peptides,Protein,128,143,215,25.83,34.44,0.04,4924.92,"1,231.23",Sindh,0
1/20/2025,Magnesium,Mineral,189,157,236,8.53,11.37,0.05,1785.09,446.27,KP,0
1/20/2025,Ashwagandha,Herbal,75,136,204,22.18,29.57,0.24,4021.52,"1,005.38",KP,1
1/20/2025,Melatonin,Sleep Aid,383,155,233,25.07,33.42,0.10,5180.10,"1,295.03",KP,0
1/20/2025,Biotin,Vitamin,499,146,219,27.3,36.4,0.19,5314.40,"1,328.60",Balochistan,0
1/20/2025,Green Tea Extract,Fat Burner,214,158,237,43.57,58.09,0.10,9178.22,"2,294.56",KP,0
1/20/2025,Iron Supplement,Mineral,398,163,245,32.05,42.73,0.02,6964.99,"1,741.25",Balochistan,1
1/20/2025,Electrolyte Powder,Hydration,381,132,198,19.88,26.5,0.11,3498.00,874.5,Sindh,0
1/27/2025,Whey Protein,Protein,442,170,255,44.54,59.39,0.15,10096.30,"2,524.08",Punjab,1
1/27/2025,Vitamin C,Vitamin,186,138,207,9.39,12.52,0.12,1727.76,431.94,KP,0
1/27/2025,Fish Oil,Omega,173,148,222,24.71,32.94,0.04,4875.12,"1,218.78",KP,0
1/27/2025,Multivitamin,Vitamin,442,145,218,29.42,39.22,0.15,5686.90,"1,421.73",KP,1
1/27/2025,Pre-Workout,Performance,311,146,219,20.02,26.69,0.14,3896.74,974.19,Sindh,0
1/27/2025,BCAA,Amino Acid,281,147,221,30.89,41.19,0.15,6054.93,"1,513.73",Sindh,0
1/27/2025,Creatine,Performance,261,143,215,28.17,37.56,0.12,5371.08,"1,342.77",KP,0
1/27/2025,Zinc,Mineral,379,155,233,7.54,10.05,0.13,1557.75,389.44,KP,1
1/27/2025,Collagen Peptides,Protein,115,131,197,35.51,47.34,0.10,6201.54,"1,550.39",Balochistan,0
1/27/2025,Magnesium,Mineral,273,150,225,18.38,24.51,0.10,3676.50,919.13,Sindh,1
1/27/2025,Ashwagandha,Herbal,282,155,233,10.97,14.63,0.17,2267.65,566.91,Punjab,1
1/27/2025,Melatonin,Sleep Aid,324,147,221,22.91,30.55,0.20,4490.85,"1,122.71",KP,0
1/27/2025,Biotin,Vitamin,144,157,236,32.64,43.52,0.06,6832.64,"1,708.16",Punjab,1
1/27/2025,Green Tea Extract,Fat Burner,342,138,207,31.82,42.43,0.15,5855.34,"1,463.84",Punjab,1
1/27/2025,Iron Supplement,Mineral,386,140,210,31.25,41.66,0.16,5832.40,"1,458.10",KP,1
1/27/2025,Electrolyte Powder,Hydration,386,142,213,24.01,32.01,0.17,4545.42,"1,136.36",Balochistan,1
02/03/2025,Whey Protein,Protein,262,177,266,32.81,43.75,0.14,7743.75,"1,935.94",KP,0
02/03/2025,Vitamin C,Vitamin,453,126,189,13.4,17.87,0.05,2251.62,562.91,Balochistan,1
02/03/2025,Fish Oil,Omega,211,158,237,29.66,39.55,0.13,6248.90,"1,562.23",Punjab,1
02/03/2025,Multivitamin,Vitamin,411,158,237,15.44,20.58,0.16,3251.64,812.91,Sindh,0
02/03/2025,Pre-Workout,Performance,305,127,191,8.42,11.22,0.14,1424.94,356.24,KP,1
02/03/2025,BCAA,Amino Acid,389,146,219,30.89,41.19,0.23,6013.74,"1,503.44",Sindh,1
02/03/2025,Creatine,Performance,94,153,230,8.08,10.77,0.17,1647.81,411.95,KP,1
02/03/2025,Zinc,Mineral,59,165,248,27.4,36.53,0.19,6027.45,"1,506.86",Balochistan,0
02/03/2025,Collagen Peptides,Protein,364,155,233,44.33,59.11,0.24,9162.05,"2,290.51",Balochistan,0
02/03/2025,Magnesium,Mineral,111,158,237,11.39,15.19,0.07,2400.02,600.01,Punjab,0
02/03/2025,Ashwagandha,Herbal,185,134,201,13,17.33,0.23,2322.22,580.56,Sindh,0
02/03/2025,Melatonin,Sleep Aid,52,127,191,38.21,50.95,0.20,6470.65,"1,617.66",Balochistan,0
02/03/2025,Biotin,Vitamin,149,147,221,35.94,47.92,0.07,7044.24,"1,761.06",Punjab,0
02/03/2025,Green Tea Extract,Fat Burner,455,151,227,17.84,23.79,0.13,3592.29,898.07,Punjab,0
02/03/2025,Iron Supplement,Mineral,100,175,263,42.62,56.83,0.20,9945.25,"2,486.31",Sindh,0
02/03/2025,Electrolyte Powder,Hydration,254,161,242,16.65,22.2,0.05,3574.20,893.55,Sindh,0
02/10/2025,Whey Protein,Protein,353,158,237,30.56,40.75,0.11,6438.50,"1,609.63",KP,1
02/10/2025,Vitamin C,Vitamin,225,151,227,11.11,14.81,0.12,2236.31,559.08,Sindh,0
02/10/2025,Fish Oil,Omega,487,121,182,17.16,22.88,0.01,2768.48,692.12,Balochistan,1
02/10/2025,Multivitamin,Vitamin,247,135,203,37.63,50.17,0.11,6772.95,"1,693.24",Balochistan,1
02/10/2025,Pre-Workout,Performance,242,131,197,37.43,49.9,0.09,6536.90,"1,634.23",Balochistan,0
02/10/2025,BCAA,Amino Acid,306,147,221,30.89,41.19,0.16,6054.93,"1,513.73",KP,0
02/10/2025,Creatine,Performance,95,158,237,20.33,27.1,0.13,4281.80,"1,070.45",KP,1
02/10/2025,Zinc,Mineral,203,157,236,10.57,14.09,0.16,2212.13,553.03,Punjab,0
02/10/2025,Collagen Peptides,Protein,92,145,218,39.11,52.15,0.04,7561.75,"1,890.44",Sindh,0
02/10/2025,Magnesium,Mineral,383,148,222,38.03,50.7,0.13,7503.60,"1,875.90",Sindh,1
02/10/2025,Ashwagandha,Herbal,316,170,255,17.14,22.85,0.09,3884.50,971.13,KP,0
02/10/2025,Melatonin,Sleep Aid,100,174,261,39.89,53.19,0.06,9255.06,"2,313.77",Balochistan,0
02/10/2025,Biotin,Vitamin,433,153,230,8.78,11.71,0.04,1791.63,447.91,KP,1
02/10/2025,Green Tea Extract,Fat Burner,205,160,240,43.85,58.46,0.16,9353.60,"2,338.40",Sindh,0
02/10/2025,Iron Supplement,Mineral,103,139,209,32.54,43.39,0.22,6031.21,"1,507.80",KP,0
02/10/2025,Electrolyte Powder,Hydration,392,134,201,37.63,50.17,0.22,6722.78,"1,680.70",Balochistan,1
2/17/2025,Whey Protein,Protein,348,145,218,18.96,25.28,0.06,3665.60,916.4,KP,1
2/17/2025,Vitamin C,Vitamin,252,139,209,43.37,57.83,0.21,8038.37,"2,009.59",Sindh,0
2/17/2025,Fish Oil,Omega,124,162,243,37.95,50.6,0.23,8197.20,"2,049.30",Sindh,1
2/17/2025,Multivitamin,Vitamin,475,157,236,8.99,11.99,0.04,1882.43,470.61,Punjab,0
2/17/2025,Pre-Workout,Performance,281,149,224,24.94,33.25,0.17,4954.25,"1,238.56",Sindh,0
2/17/2025,BCAA,Amino Acid,277,140,210,30.89,41.19,0.04,5766.60,"1,441.65",Punjab,1
2/17/2025,Creatine,Performance,347,145,218,11.18,14.9,0.17,2160.50,540.13,Punjab,0
2/17/2025,Zinc,Mineral,352,161,242,32.45,43.27,0.23,6966.47,"1,741.62",Sindh,1
2/17/2025,Collagen Peptides,Protein,102,155,233,26.04,34.72,0.01,5381.60,"1,345.40",Punjab,1
2/17/2025,Magnesium,Mineral,125,147,221,25.49,33.98,0.15,4995.06,"1,248.77",Punjab,1
2/17/2025,Ashwagandha,Herbal,432,143,215,39.81,53.08,0.05,7590.44,"1,897.61",KP,1
2/17/2025,Melatonin,Sleep Aid,488,139,209,17.66,23.55,0.10,3273.45,818.36,Balochistan,0
2/17/2025,Biotin,Vitamin,327,154,231,19.89,26.52,0.21,4084.08,"1,021.02",Balochistan,0
2/17/2025,Green Tea Extract,Fat Burner,479,125,188,41.13,54.84,0.06,6855.00,"1,713.75",Sindh,1
2/17/2025,Iron Supplement,Mineral,132,143,215,28.37,37.83,0.21,5409.69,"1,352.42",Balochistan,1
2/17/2025,Electrolyte Powder,Hydration,60,154,231,37.11,49.48,0.05,7619.92,"1,904.98",Balochistan,0
2/24/2025,Whey Protein,Protein,314,150,225,26.05,34.73,0.03,5209.50,"1,302.38",KP,1
2/24/2025,Vitamin C,Vitamin,325,150,225,40.46,53.95,0.22,8092.50,"2,023.13",KP,1
2/24/2025,Fish Oil,Omega,499,148,222,26.99,35.98,0.24,5325.04,"1,331.26",KP,1
2/24/2025,Multivitamin,Vitamin,191,142,213,31.02,41.36,0.16,5873.12,"1,468.28",KP,1
2/24/2025,Pre-Workout,Performance,219,137,206,20.17,26.89,0.11,3683.93,920.98,Balochistan,1
2/24/2025,BCAA,Amino Acid,488,162,243,30.89,41.19,0.04,6672.78,"1,668.20",Punjab,0
2/24/2025,Creatine,Performance,211,149,224,42.65,56.87,0.00,8473.63,"2,118.41",Punjab,0
2/24/2025,Zinc,Mineral,239,172,258,11,14.66,0.08,2521.52,630.38,Balochistan,0
2/24/2025,Collagen Peptides,Protein,403,137,206,38.87,51.82,0.22,7099.34,"1,774.84",Balochistan,1
2/24/2025,Magnesium,Mineral,64,136,204,29.81,39.74,0.09,5404.64,"1,351.16",Balochistan,0
2/24/2025,Ashwagandha,Herbal,442,158,237,30.92,41.23,0.03,6514.34,"1,628.59",Sindh,0
2/24/2025,Melatonin,Sleep Aid,275,137,206,30.62,40.82,0.14,5592.34,"1,398.09",Balochistan,1
2/24/2025,Biotin,Vitamin,322,131,197,29.39,39.19,0.24,5133.89,"1,283.47",Balochistan,0
2/24/2025,Green Tea Extract,Fat Burner,124,177,266,23.84,31.79,0.13,5626.83,"1,406.71",Punjab,1
2/24/2025,Iron Supplement,Mineral,78,145,218,8.6,11.46,0.11,1661.70,415.43,KP,1
2/24/2025,Electrolyte Powder,Hydration,441,154,231,23.53,31.37,0.12,4830.98,"1,207.75",Sindh,0
03/03/2025,Whey Protein,Protein,345,160,240,20.31,27.08,0.25,4332.80,"1,083.20",Punjab,1
03/03/2025,Vitamin C,Vitamin,305,141,212,19.28,25.7,0.11,3623.70,905.93,Sindh,1
03/03/2025,Fish Oil,Omega,311,161,242,17.7,23.6,0.15,3799.60,949.9,Balochistan,0
03/03/2025,Multivitamin,Vitamin,135,132,198,12.86,17.15,0.17,2263.80,565.95,Punjab,1
03/03/2025,Pre-Workout,Performance,163,162,243,36.88,49.17,0.25,7965.54,"1,991.39",Balochistan,1
03/03/2025,BCAA,Amino Acid,376,159,239,30.89,41.19,0.18,6549.21,"1,637.30",KP,0
03/03/2025,Creatine,Performance,196,155,233,24.33,32.44,0.03,5028.20,"1,257.05",KP,1
03/03/2025,Zinc,Mineral,142,141,212,8.15,10.87,0.10,1532.67,383.17,KP,1
03/03/2025,Collagen Peptides,Protein,391,151,227,25.12,33.49,0.07,5056.99,"1,264.25",Punjab,1
03/03/2025,Magnesium,Mineral,395,147,221,9.05,12.06,0.17,1772.82,443.21,Sindh,1
03/03/2025,Ashwagandha,Herbal,183,181,272,27.43,36.57,0.01,6619.17,"1,654.79",KP,0
03/03/2025,Melatonin,Sleep Aid,255,134,201,11.77,15.69,0.13,2102.46,525.62,Sindh,0
03/03/2025,Biotin,Vitamin,142,142,213,12.31,16.41,0.19,2330.22,582.56,Balochistan,0
03/03/2025,Green Tea Extract,Fat Burner,227,154,231,36.11,48.14,0.16,7413.56,"1,853.39",KP,0
03/03/2025,Iron Supplement,Mineral,171,153,230,21.81,29.08,0.04,4449.24,"1,112.31",Punjab,1
03/03/2025,Electrolyte Powder,Hydration,306,158,237,13.44,17.92,0.02,2831.36,707.84,Punjab,0
03/10/2025,Whey Protein,Protein,361,140,210,18.02,24.03,0.10,3364.20,841.05,KP,0
03/10/2025,Vitamin C,Vitamin,339,166,249,33.24,44.32,0.09,7357.12,"1,839.28",Sindh,1
03/10/2025,Fish Oil,Omega,200,143,215,26.84,35.78,0.04,5116.54,"1,279.14",KP,0
03/10/2025,Multivitamin,Vitamin,431,157,236,24.77,33.03,0.17,5185.71,"1,296.43",Sindh,1
03/10/2025,Pre-Workout,Performance,138,155,233,32.47,43.29,0.05,6709.95,"1,677.49",KP,1
03/10/2025,BCAA,Amino Acid,369,148,222,30.89,41.19,0.09,6096.12,"1,524.03",Sindh,0
03/10/2025,Creatine,Performance,258,141,212,34.94,46.58,0.12,6567.78,"1,641.95",Punjab,0
03/10/2025,Zinc,Mineral,218,147,221,44.39,59.18,0.17,8699.46,"2,174.87",KP,1
03/10/2025,Collagen Peptides,Protein,480,150,225,38.69,51.58,0.25,7737.00,"1,934.25",Punjab,1
03/10/2025,Magnesium,Mineral,52,161,242,17.22,22.96,0.09,3696.56,924.14,Punjab,0
03/10/2025,Ashwagandha,Herbal,350,124,186,21.47,28.62,0.10,3548.88,887.22,KP,0
03/10/2025,Melatonin,Sleep Aid,391,165,248,17.74,23.65,0.12,3902.25,975.56,Sindh,0
03/10/2025,Biotin,Vitamin,294,145,218,27.87,37.16,0.08,5388.20,"1,347.05",Sindh,1
03/10/2025,Green Tea Extract,Fat Burner,58,143,215,9.47,12.62,0.25,1804.66,451.17,Balochistan,0
03/10/2025,Iron Supplement,Mineral,334,166,249,33.79,45.05,0.03,7478.30,"1,869.58",KP,0
03/10/2025,Electrolyte Powder,Hydration,467,160,240,40.98,54.64,0.07,8742.40,"2,185.60",KP,0
3/17/2025,Whey Protein,Protein,361,166,249,7.55,10.07,0.09,1671.62,417.91,KP,1
3/17/2025,Vitamin C,Vitamin,269,109,164,18.05,24.06,0.23,2622.54,655.64,Sindh,1
3/17/2025,Fish Oil,Omega,144,151,227,19.95,26.6,0.06,4016.60,"1,004.15",KP,1
3/17/2025,Multivitamin,Vitamin,270,132,198,31.29,41.72,0.03,5507.04,"1,376.76",KP,0
3/17/2025,Pre-Workout,Performance,278,153,230,16.31,21.74,0.07,3326.22,831.56,KP,0
3/17/2025,BCAA,Amino Acid,156,163,245,30.89,41.19,0.01,6713.97,"1,678.49",Balochistan,0
3/17/2025,Creatine,Performance,93,152,228,34.22,45.63,0.05,6935.76,"1,733.94",KP,1
3/17/2025,Zinc,Mineral,497,144,216,11.5,15.33,0.06,2207.52,551.88,Punjab,0
3/17/2025,Collagen Peptides,Protein,255,158,237,12.92,17.22,0.15,2720.76,680.19,Punjab,1
3/17/2025,Magnesium,Mineral,136,146,219,28.46,37.94,0.03,5539.24,"1,384.81",KP,1
3/17/2025,Ashwagandha,Herbal,86,162,243,10.57,14.09,0.03,2282.58,570.65,Sindh,0
3/17/2025,Melatonin,Sleep Aid,283,141,212,16.37,21.82,0.16,3076.62,769.16,KP,0
3/17/2025,Biotin,Vitamin,410,134,201,33.51,44.68,0.12,5987.12,"1,496.78",Balochistan,0
3/17/2025,Green Tea Extract,Fat Burner,134,167,251,24.82,33.09,0.25,5526.03,"1,381.51",KP,0
3/17/2025,Iron Supplement,Mineral,99,143,215,28.46,37.94,0.06,5425.42,"1,356.36",KP,0
3/17/2025,Electrolyte Powder,Hydration,492,160,240,21.88,29.17,0.07,4667.20,"1,166.80",Sindh,0
3/24/2025,Whey Protein,Protein,369,158,237,13.88,18.5,0.02,2923.00,730.75,KP,1
3/24/2025,Vitamin C,Vitamin,270,136,204,43.91,58.55,0.09,7962.80,"1,990.70",Sindh,0
3/24/2025,Fish Oil,Omega,133,138,207,25.91,34.55,0.10,4767.90,"1,191.98",KP,0
3/24/2025,Multivitamin,Vitamin,101,158,237,31.04,41.39,0.11,6539.62,"1,634.91",Balochistan,1
3/24/2025,Pre-Workout,Performance,200,146,219,16.06,21.41,0.06,3125.86,781.47,Balochistan,0
3/24/2025,BCAA,Amino Acid,232,143,215,30.89,41.19,0.21,5890.17,"1,472.54",Punjab,1
3/24/2025,Creatine,Performance,234,167,251,9.95,13.26,0.14,2214.42,553.61,Balochistan,1
3/24/2025,Zinc,Mineral,107,150,225,18.26,24.35,0.17,3652.50,913.13,Punjab,0
3/24/2025,Collagen Peptides,Protein,135,144,216,34.79,46.39,0.10,6680.16,"1,670.04",Balochistan,1
3/24/2025,Magnesium,Mineral,302,171,257,15.56,20.75,0.23,3548.25,887.06,Balochistan,1
3/24/2025,Ashwagandha,Herbal,456,122,183,34.76,46.35,0.23,5654.70,"1,413.68",KP,1
3/24/2025,Melatonin,Sleep Aid,358,178,267,9.78,13.04,0.15,2321.12,580.28,Balochistan,0
3/24/2025,Biotin,Vitamin,202,150,225,15.8,21.06,0.06,3159.00,789.75,Balochistan,1
3/24/2025,Green Tea Extract,Fat Burner,363,150,225,10.02,13.36,0.01,2004.00,501,KP,0
3/24/2025,Iron Supplement,Mineral,79,167,251,40.42,53.89,0.20,8999.63,"2,249.91",KP,1
3/24/2025,Electrolyte Powder,Hydration,431,138,207,24.14,32.18,0.07,4440.84,"1,110.21",Sindh,0
3/31/2025,Whey Protein,Protein,347,148,222,11.38,15.17,0.07,2245.16,561.29,Punjab,0
3/31/2025,Vitamin C,Vitamin,445,157,236,42.81,57.08,0.20,8961.56,"2,240.39",Balochistan,1
3/31/2025,Fish Oil,Omega,153,139,209,33.5,44.67,0.21,6209.13,"1,552.28",Punjab,1
3/31/2025,Multivitamin,Vitamin,416,154,231,8.16,10.88,0.02,1675.52,418.88,KP,1
3/31/2025,Pre-Workout,Performance,246,124,186,20.13,26.84,0.16,3328.16,832.04,KP,0
3/31/2025,BCAA,Amino Acid,264,153,230,30.89,41.19,0.24,6302.07,"1,575.52",KP,1
3/31/2025,Creatine,Performance,123,174,261,26.72,35.63,0.03,6199.62,"1,549.91",KP,1
3/31/2025,Zinc,Mineral,56,147,221,17.6,23.47,0.14,3450.09,862.52,Balochistan,0
3/31/2025,Collagen Peptides,Protein,457,146,219,39.59,52.79,0.13,7707.34,"1,926.84",KP,1
3/31/2025,Magnesium,Mineral,430,138,207,21.34,28.45,0.25,3926.10,981.53,Balochistan,1
3/31/2025,Ashwagandha,Herbal,260,145,218,43.56,58.08,0.24,8421.60,"2,105.40",Sindh,1
3/31/2025,Melatonin,Sleep Aid,103,160,240,35.84,47.79,0.21,7646.40,"1,911.60",Punjab,0
3/31/2025,Biotin,Vitamin,54,154,231,28.59,38.12,0.22,5870.48,"1,467.62",Punjab,1
3/31/2025,Green Tea Extract,Fat Burner,105,139,209,15.3,20.4,0.12,2835.60,708.9,Sindh,0
3/31/2025,Iron Supplement,Mineral,283,154,231,13.73,18.31,0.12,2819.74,704.94,Punjab,1
3/31/2025,Electrolyte Powder,Hydration,295,178,267,29.34,39.12,0.12,6963.36,"1,740.84",Sindh,1
