Date,Product Name,Category,Inventory Level,Units Sold,Unit Order,Actual Price,Unit Price,Discount,Total Price,Revenue,Region,Holiday/Promotion,Product_Encoded,Category_Encoded,Region_Encoded,Year,Month,Week,Quarter,DayOfYear,Units_Sold_Lag_1,Units_Sold_Lag_2,Units_Sold_Lag_3,Units_Sold_Lag_4,Units_Sold_Rolling_Mean_4,Units_Sold_Rolling_Std_4
2020-02-03,Ashwagandha,Herbal,206,135,203,14.41,19.21,0.22,2593.35,648.34,Punjab,0,0,2,2,2020,2,6,1,34,174.0,156.0,133.0,181.0,149.5,19.364916731037088
2020-02-10,Ashwagandha,Herbal,123,132,198,24.77,33.02,0.22,4358.64,1089.66,Balochistan,1,0,2,0,2020,2,7,1,41,135.0,174.0,156.0,133.0,149.25,19.65324400703355
2020-02-17,Ashwagandha,Herbal,117,141,212,25.22,33.62,0.01,4740.42,1185.11,KP,1,0,2,1,2020,2,8,1,48,132.0,135.0,174.0,156.0,145.5,19.364916731037088
2020-02-24,Ashwagandha,Herbal,346,133,200,20.37,27.16,0.18,3612.28,903.07,Balochistan,1,0,2,0,2020,2,9,1,55,141.0,132.0,135.0,174.0,135.25,4.031128874149294
2020-03-02,Ashwagandha,Herbal,78,152,228,29.27,39.02,0.03,5931.04,1482.76,KP,0,0,2,1,2020,3,10,1,62,133.0,141.0,132.0,135.0,139.5,9.25562891794322
2020-03-09,Ashwagandha,Herbal,176,159,239,35.75,47.67,0.19,7579.53,1894.88,Punjab,0,0,2,2,2020,3,11,1,69,152.0,133.0,141.0,132.0,146.25,11.528949070347512
2020-03-16,Ashwagandha,Herbal,204,164,246,37.09,49.45,0.22,8109.8,2027.45,KP,1,0,2,1,2020,3,12,1,76,159.0,152.0,133.0,141.0,152.0,13.589211407093009
2020-03-23,Ashwagandha,Herbal,336,160,240,20.55,27.4,0.09,4384.0,1096.0,Sindh,0,0,2,3,2020,3,13,1,83,164.0,159.0,152.0,133.0,158.75,4.991659710623985
2020-03-30,Ashwagandha,Herbal,411,160,240,25.39,33.85,0.18,5416.0,1354.0,KP,0,0,2,1,2020,3,14,1,90,160.0,164.0,159.0,152.0,160.75,2.217355782608358
2020-04-06,Ashwagandha,Herbal,148,162,243,19.96,26.61,0.17,4310.82,1077.71,Punjab,1,0,2,2,2020,4,15,2,97,160.0,160.0,164.0,159.0,161.5,1.914854215512689
2020-04-13,Ashwagandha,Herbal,347,146,219,36.98,49.31,0.18,7199.26,1799.82,Sindh,0,0,2,3,2020,4,16,2,104,162.0,160.0,160.0,164.0,157.0,7.393691004272946
2020-04-20,Ashwagandha,Herbal,102,154,231,10.34,13.78,0.24,2122.12,530.53,Punjab,0,0,2,2,2020,4,17,2,111,146.0,162.0,160.0,160.0,155.5,7.187952884282609
2020-04-27,Ashwagandha,Herbal,235,141,212,41.08,54.77,0.17,7722.57,1930.64,Balochistan,1,0,2,0,2020,4,18,2,118,154.0,146.0,162.0,160.0,150.75,9.215023964519391
2020-05-04,Ashwagandha,Herbal,287,140,210,11.45,15.27,0.06,2137.8,534.45,Sindh,0,0,2,3,2020,5,19,2,125,141.0,154.0,146.0,162.0,145.25,6.396613687465163
2020-05-11,Ashwagandha,Herbal,120,158,237,15.66,20.88,0.17,3299.04,824.76,Punjab,0,0,2,2,2020,5,20,2,132,140.0,141.0,154.0,146.0,148.25,9.105858919765158
2020-05-18,Ashwagandha,Herbal,361,163,245,16.84,22.45,0.14,3659.35,914.84,Balochistan,1,0,2,0,2020,5,21,2,139,158.0,140.0,141.0,154.0,150.5,11.73314393786536
2020-05-25,Ashwagandha,Herbal,402,129,194,40.54,54.05,0.22,6972.45,1743.11,Balochistan,1,0,2,0,2020,5,22,2,146,163.0,158.0,140.0,141.0,147.5,15.800843859321773
2020-06-01,Ashwagandha,Herbal,205,149,224,21.05,28.07,0.21,4182.43,1045.61,Balochistan,1,0,2,0,2020,6,23,2,153,129.0,163.0,158.0,140.0,149.75,14.997221964972933
2020-06-08,Ashwagandha,Herbal,186,150,225,9.38,12.51,0.01,1876.5,469.13,Sindh,1,0,2,3,2020,6,24,2,160,149.0,129.0,163.0,158.0,147.75,14.032699906527846
2020-06-15,Ashwagandha,Herbal,214,160,240,7.76,10.34,0.05,1654.4,413.6,Sindh,1,0,2,3,2020,6,25,2,167,150.0,149.0,129.0,163.0,147.0,12.987173159185435
2020-06-22,Ashwagandha,Herbal,208,149,224,39.04,52.05,0.06,7755.45,1938.86,Punjab,1,0,2,2,2020,6,26,2,174,160.0,150.0,149.0,129.0,152.0,5.35412613473633
2020-06-29,Ashwagandha,Herbal,487,153,230,8.97,11.96,0.07,1829.88,457.47,KP,1,0,2,1,2020,6,27,2,181,149.0,160.0,150.0,149.0,153.0,4.966554808583772
2020-07-06,Ashwagandha,Herbal,162,144,216,27.38,36.5,0.04,5256.0,1314.0,KP,1,0,2,1,2020,7,28,3,188,153.0,149.0,160.0,150.0,151.5,6.757711644237759
2020-07-13,Ashwagandha,Herbal,246,157,236,30.95,41.27,0.19,6479.39,1619.85,KP,1,0,2,1,2020,7,29,3,195,144.0,153.0,149.0,160.0,150.75,5.560275772537418
2020-07-20,Ashwagandha,Herbal,159,143,215,14.13,18.84,0.25,2694.12,673.53,KP,1,0,2,1,2020,7,30,3,202,157.0,144.0,153.0,149.0,149.25,6.849574196011501
2020-07-27,Ashwagandha,Herbal,399,153,230,21.67,28.89,0.02,4420.17,1105.04,Punjab,0,0,2,2,2020,7,31,3,209,143.0,157.0,144.0,153.0,149.25,6.849574196011501
2020-08-03,Ashwagandha,Herbal,390,146,219,29.98,39.97,0.23,5835.62,1458.91,KP,0,0,2,1,2020,8,32,3,216,153.0,143.0,157.0,144.0,149.75,6.396613687465157
2020-08-10,Ashwagandha,Herbal,474,144,216,11.19,14.92,0.24,2148.48,537.12,KP,1,0,2,1,2020,8,33,3,223,146.0,153.0,143.0,157.0,146.5,4.509249752822891
2020-08-17,Ashwagandha,Herbal,446,137,206,10.93,14.57,0.16,1996.09,499.02,KP,0,0,2,1,2020,8,34,3,230,144.0,146.0,153.0,143.0,145.0,6.582805886043829
2020-08-24,Ashwagandha,Herbal,411,150,225,23.53,31.37,0.16,4705.5,1176.38,Punjab,1,0,2,2,2020,8,35,3,237,137.0,144.0,146.0,153.0,144.25,5.43905629069357
2020-08-31,Ashwagandha,Herbal,263,156,234,17.65,23.53,0.06,3670.68,917.67,Sindh,1,0,2,3,2020,8,36,3,244,150.0,137.0,144.0,146.0,146.75,8.139410298049853
2020-09-07,Ashwagandha,Herbal,119,158,237,7.76,10.35,0.1,1635.3,408.83,KP,1,0,2,1,2020,9,37,3,251,156.0,150.0,137.0,144.0,150.25,9.464847243000458
2020-09-14,Ashwagandha,Herbal,478,160,240,44.3,59.06,0.1,9449.6,2362.4,Balochistan,0,0,2,0,2020,9,38,3,258,158.0,156.0,150.0,137.0,156.0,4.320493798938582
2020-09-21,Ashwagandha,Herbal,148,182,273,25.84,34.45,0.09,6269.9,1567.48,Sindh,0,0,2,3,2020,9,39,3,265,160.0,158.0,156.0,150.0,164.0,12.11060141638997
2020-09-28,Ashwagandha,Herbal,249,119,179,28.49,37.99,0.21,4520.81,1130.2,Sindh,1,0,2,3,2020,9,40,3,272,182.0,160.0,158.0,156.0,154.75,26.196373794859472
2020-10-05,Ashwagandha,Herbal,359,147,221,24.34,32.45,0.14,4770.15,1192.54,KP,1,0,2,1,2020,10,41,4,279,119.0,182.0,160.0,158.0,152.0,26.318561257535844
2020-10-12,Ashwagandha,Herbal,254,156,234,42.68,56.91,0.07,8877.96,2219.49,Balochistan,0,0,2,0,2020,10,42,4,286,147.0,119.0,182.0,160.0,151.0,25.987176324743967
2020-10-19,Ashwagandha,Herbal,148,142,213,25.19,33.58,0.06,4768.36,1192.09,Punjab,0,0,2,2,2020,10,43,4,293,156.0,147.0,119.0,182.0,141.0,15.769168230019824
2020-10-26,Ashwagandha,Herbal,458,165,248,30.12,40.16,0.06,6626.4,1656.6,Sindh,0,0,2,3,2020,10,44,4,300,142.0,156.0,147.0,119.0,152.5,10.148891565092208
2020-11-02,Ashwagandha,Herbal,334,128,192,20.54,27.39,0.16,3505.92,876.48,Punjab,1,0,2,2,2020,11,45,4,307,165.0,142.0,156.0,147.0,147.75,16.214705259938167
2020-11-09,Ashwagandha,Herbal,56,148,222,27.95,37.27,0.03,5515.96,1378.99,Punjab,0,0,2,2,2020,11,46,4,314,128.0,165.0,142.0,156.0,145.75,15.326991442115002
2020-11-16,Ashwagandha,Herbal,442,128,192,38.3,51.06,0.06,6535.68,1633.92,Sindh,0,0,2,3,2020,11,47,4,321,148.0,128.0,165.0,142.0,142.25,17.858238061652848
2020-11-23,Ashwagandha,Herbal,307,160,240,24.3,32.4,0.1,5184.0,1296.0,Balochistan,1,0,2,0,2020,11,48,4,328,128.0,148.0,128.0,165.0,141.0,15.790292376436009
2020-11-30,Ashwagandha,Herbal,253,154,231,38.36,51.15,0.06,7877.1,1969.28,Sindh,1,0,2,3,2020,11,49,4,335,160.0,128.0,148.0,128.0,147.5,13.892443989449795
2020-12-07,Ashwagandha,Herbal,238,158,237,34.96,46.61,0.06,7364.38,1841.1,Balochistan,1,0,2,0,2020,12,50,4,342,154.0,160.0,128.0,148.0,150.0,14.877275736280922
2020-12-14,Ashwagandha,Herbal,342,185,278,20.2,26.93,0.0,4982.05,1245.51,Balochistan,0,0,2,0,2020,12,51,4,349,158.0,154.0,160.0,128.0,164.25,14.056433876817154
2020-12-21,Ashwagandha,Herbal,225,158,237,30.87,41.16,0.09,6503.28,1625.82,Punjab,1,0,2,2,2020,12,52,4,356,185.0,158.0,154.0,160.0,163.75,14.291605927956438
2020-12-28,Ashwagandha,Herbal,61,172,258,17.62,23.49,0.18,4040.28,1010.07,Sindh,0,0,2,3,2020,12,53,4,363,158.0,185.0,158.0,154.0,168.25,12.97112177107283
2021-01-04,Ashwagandha,Herbal,244,140,210,15.35,20.47,0.02,2865.8,716.45,Balochistan,1,0,2,0,2021,1,1,1,4,172.0,158.0,185.0,158.0,163.75,19.293781381574725
2021-01-11,Ashwagandha,Herbal,374,160,240,15.29,20.38,0.14,3260.8,815.2,KP,0,0,2,1,2021,1,2,1,11,140.0,172.0,158.0,185.0,157.5,13.203534880225554
2021-01-18,Ashwagandha,Herbal,287,145,218,26.39,35.19,0.21,5102.55,1275.64,Punjab,1,0,2,2,2021,1,3,1,18,160.0,140.0,172.0,158.0,154.25,14.568802284333449
2021-01-25,Ashwagandha,Herbal,285,147,221,41.5,55.33,0.05,8133.51,2033.38,Balochistan,0,0,2,0,2021,1,4,1,25,145.0,160.0,140.0,172.0,148.0,8.524474568362924
2021-02-01,Ashwagandha,Herbal,230,186,279,26.06,34.74,0.02,6461.64,1615.41,Sindh,0,0,2,3,2021,2,5,1,32,147.0,145.0,160.0,140.0,159.5,18.876793513023685
2021-02-08,Ashwagandha,Herbal,203,163,245,37.79,50.39,0.17,8213.57,2053.39,KP,1,0,2,1,2021,2,6,1,39,186.0,147.0,145.0,160.0,160.25,18.96268265128468
2021-02-15,Ashwagandha,Herbal,450,149,224,42.38,56.5,0.14,8418.5,2104.63,Balochistan,0,0,2,0,2021,2,7,1,46,163.0,186.0,147.0,145.0,161.25,17.969882210706512
2021-02-22,Ashwagandha,Herbal,239,146,219,25.03,33.37,0.07,4872.02,1218.01,Punjab,1,0,2,2,2021,2,8,1,53,149.0,163.0,186.0,147.0,161.0,18.239152027072596
2021-03-01,Ashwagandha,Herbal,365,160,240,36.27,48.36,0.05,7737.6,1934.4,KP,1,0,2,1,2021,3,9,1,60,146.0,149.0,163.0,186.0,154.5,8.266397845091474
2021-03-08,Ashwagandha,Herbal,383,151,227,43.27,57.69,0.16,8711.19,2177.8,KP,0,0,2,1,2021,3,10,1,67,160.0,146.0,149.0,163.0,151.5,6.027713773341675
2021-03-15,Ashwagandha,Herbal,300,161,242,31.73,42.3,0.04,6810.3,1702.58,Sindh,0,0,2,3,2021,3,11,1,74,151.0,160.0,146.0,149.0,154.5,7.234178138070205
2021-03-22,Ashwagandha,Herbal,280,147,221,10.14,13.52,0.07,1987.44,496.86,Balochistan,0,0,2,0,2021,3,12,1,81,161.0,151.0,160.0,146.0,154.75,6.849574196011474
2021-03-29,Ashwagandha,Herbal,484,173,260,16.98,22.64,0.1,3916.72,979.18,KP,0,0,2,1,2021,3,13,1,88,147.0,161.0,151.0,160.0,158.0,11.604596790352788
2021-04-05,Ashwagandha,Herbal,54,158,237,11.48,15.31,0.12,2418.98,604.75,Sindh,0,0,2,3,2021,4,14,2,95,173.0,147.0,161.0,151.0,159.75,10.688779163215953
2021-04-12,Ashwagandha,Herbal,413,131,197,12.04,16.05,0.02,2102.55,525.64,Punjab,0,0,2,2,2021,4,15,2,102,158.0,173.0,147.0,161.0,152.25,17.727097901235826
2021-04-19,Ashwagandha,Herbal,463,154,231,15.95,21.26,0.06,3274.04,818.51,KP,0,0,2,1,2021,4,16,2,109,131.0,158.0,173.0,147.0,154.0,17.378147196982756
2021-04-26,Ashwagandha,Herbal,190,147,221,14.69,19.59,0.02,2879.73,719.93,Balochistan,1,0,2,0,2021,4,17,2,116,154.0,131.0,158.0,173.0,147.5,11.902380714238065
2021-05-03,Ashwagandha,Herbal,169,150,225,19.71,26.28,0.25,3942.0,985.5,Balochistan,1,0,2,0,2021,5,18,2,123,147.0,154.0,131.0,158.0,145.5,10.082988974836095
2021-05-10,Ashwagandha,Herbal,120,140,210,10.22,13.62,0.24,1906.8,476.7,Punjab,1,0,2,2,2021,5,19,2,130,150.0,147.0,154.0,131.0,147.75,5.909032633745239
2021-05-17,Ashwagandha,Herbal,63,158,237,42.63,56.84,0.04,8980.72,2245.18,KP,1,0,2,1,2021,5,20,2,137,140.0,150.0,147.0,154.0,148.75,7.455423082114984
2021-05-24,Ashwagandha,Herbal,50,155,233,9.53,12.7,0.11,1968.5,492.13,Punjab,1,0,2,2,2021,5,21,2,144,158.0,140.0,150.0,147.0,150.75,7.8898669190297195
2021-05-31,Ashwagandha,Herbal,147,167,251,12.34,16.45,0.12,2747.15,686.79,Balochistan,0,0,2,0,2021,5,22,2,151,155.0,158.0,140.0,150.0,155.0,11.224972160321803
2021-06-07,Ashwagandha,Herbal,205,158,237,40.13,53.51,0.03,8454.58,2113.65,Balochistan,0,0,2,0,2021,6,23,2,158,167.0,155.0,158.0,140.0,159.5,5.196152422706587
2021-06-14,Ashwagandha,Herbal,497,157,236,22.36,29.81,0.24,4680.17,1170.04,Sindh,0,0,2,3,2021,6,24,2,165,158.0,167.0,155.0,158.0,159.25,5.315072906367281
2021-06-21,Ashwagandha,Herbal,390,142,213,40.17,53.56,0.05,7605.52,1901.38,Balochistan,1,0,2,0,2021,6,25,2,172,157.0,158.0,167.0,155.0,156.0,10.360180178613344
2021-06-28,Ashwagandha,Herbal,102,119,179,14.2,18.93,0.08,2252.67,563.17,Balochistan,0,0,2,0,2021,6,26,2,179,142.0,157.0,158.0,167.0,144.0,18.202563921968054
2021-07-05,Ashwagandha,Herbal,76,153,230,30.23,40.3,0.02,6165.9,1541.48,Sindh,1,0,2,3,2021,7,27,3,186,119.0,142.0,157.0,158.0,142.75,17.05627939108252
2021-07-12,Ashwagandha,Herbal,392,130,195,32.01,42.68,0.24,5548.4,1387.1,Balochistan,0,0,2,0,2021,7,28,3,193,153.0,119.0,142.0,157.0,136.0,14.719601443879732
2021-07-19,Ashwagandha,Herbal,444,160,240,13.9,18.53,0.22,2964.8,741.2,Punjab,1,0,2,2,2021,7,29,3,200,130.0,153.0,119.0,142.0,140.5,19.226717521892972
2021-07-26,Ashwagandha,Herbal,219,151,227,24.01,32.01,0.02,4833.51,1208.38,Sindh,1,0,2,3,2021,7,30,3,207,160.0,130.0,153.0,119.0,148.5,12.922847983320073
2021-08-02,Ashwagandha,Herbal,261,145,218,14.1,18.8,0.19,2726.0,681.5,Punjab,0,0,2,2,2021,8,31,3,214,151.0,160.0,130.0,153.0,146.5,12.60952021291848
2021-08-09,Ashwagandha,Herbal,129,156,234,29.48,39.31,0.09,6132.36,1533.09,Balochistan,1,0,2,0,2021,8,32,3,221,145.0,151.0,160.0,130.0,153.0,6.480740698407836
2021-08-16,Ashwagandha,Herbal,264,145,218,36.77,49.03,0.19,7109.35,1777.34,Punjab,0,0,2,2,2021,8,33,3,228,156.0,145.0,151.0,160.0,149.25,5.315072906367293
2021-08-23,Ashwagandha,Herbal,443,160,240,31.4,41.87,0.14,6699.2,1674.8,KP,0,0,2,1,2021,8,34,3,235,145.0,156.0,145.0,151.0,151.5,7.681145747868587
2021-08-30,Ashwagandha,Herbal,352,160,240,26.42,35.22,0.12,5635.2,1408.8,Punjab,1,0,2,2,2021,8,35,3,242,160.0,145.0,156.0,145.0,155.25,7.088723439378892
2021-09-06,Ashwagandha,Herbal,477,151,227,12.56,16.74,0.12,2527.74,631.94,Sindh,0,0,2,3,2021,9,36,3,249,160.0,160.0,145.0,156.0,154.0,7.348469228349515
2021-09-13,Ashwagandha,Herbal,260,150,225,20.06,26.74,0.17,4011.0,1002.75,Balochistan,0,0,2,0,2021,9,37,3,256,151.0,160.0,160.0,145.0,155.25,5.499999999999974
2021-09-20,Ashwagandha,Herbal,93,139,209,30.61,40.81,0.11,5672.59,1418.15,Punjab,1,0,2,2,2021,9,38,3,263,150.0,151.0,160.0,160.0,150.0,8.602325267042607
2021-09-27,Ashwagandha,Herbal,218,140,210,14.96,19.94,0.13,2791.6,697.9,KP,1,0,2,1,2021,9,39,3,270,139.0,150.0,151.0,160.0,145.0,6.377042156569634
2021-10-04,Ashwagandha,Herbal,261,150,225,20.57,27.42,0.04,4113.0,1028.25,KP,1,0,2,1,2021,10,40,4,277,140.0,139.0,150.0,151.0,144.75,6.07590871118603
2021-10-11,Ashwagandha,Herbal,295,125,188,21.76,29.01,0.08,3626.25,906.56,KP,0,0,2,1,2021,10,41,4,284,150.0,140.0,139.0,150.0,138.5,10.279429296739497
2021-10-18,Ashwagandha,Herbal,465,176,264,31.56,42.08,0.2,7406.08,1851.52,Balochistan,0,0,2,0,2021,10,42,4,291,125.0,150.0,140.0,139.0,147.75,21.453437952924922
2021-10-25,Ashwagandha,Herbal,279,143,215,7.85,10.47,0.01,1497.21,374.3,Sindh,0,0,2,3,2021,10,43,4,298,176.0,125.0,150.0,140.0,148.5,21.142374511865963
2021-11-01,Ashwagandha,Herbal,317,155,233,32.95,43.93,0.05,6809.15,1702.29,Balochistan,1,0,2,0,2021,11,44,4,305,143.0,176.0,125.0,150.0,149.75,21.406774628607636
2021-11-08,Ashwagandha,Herbal,310,171,257,39.19,52.25,0.0,8934.75,2233.69,Punjab,0,0,2,2,2021,11,45,4,312,155.0,143.0,176.0,125.0,161.25,15.107944929738112
2021-11-15,Ashwagandha,Herbal,397,134,201,41.16,54.88,0.24,7353.92,1838.48,Punjab,1,0,2,2,2021,11,46,4,319,171.0,155.0,143.0,176.0,150.75,16.00781059358211
2021-11-22,Ashwagandha,Herbal,98,139,209,21.45,28.6,0.21,3975.4,993.85,Punjab,0,0,2,2,2021,11,47,4,326,134.0,171.0,155.0,143.0,149.75,16.760568804985894
2021-11-29,Ashwagandha,Herbal,236,160,240,31.0,41.33,0.18,6612.8,1653.2,Balochistan,0,0,2,0,2021,11,48,4,333,139.0,134.0,171.0,155.0,151.0,17.454703282114718
2021-12-06,Ashwagandha,Herbal,61,163,245,25.16,33.55,0.1,5468.65,1367.16,KP,0,0,2,1,2021,12,49,4,340,160.0,139.0,134.0,171.0,149.0,14.62873883832778
2021-12-13,Ashwagandha,Herbal,499,153,230,11.51,15.34,0.21,2347.02,586.76,Punjab,0,0,2,2,2021,12,50,4,347,163.0,160.0,139.0,134.0,153.75,10.688779163215957
2021-12-20,Ashwagandha,Herbal,107,157,236,39.49,52.65,0.24,8266.05,2066.51,KP,1,0,2,1,2021,12,51,4,354,153.0,163.0,160.0,139.0,158.25,4.272001872658726
2021-12-27,Ashwagandha,Herbal,493,168,252,35.57,47.42,0.19,7966.56,1991.64,KP,1,0,2,1,2021,12,52,4,361,157.0,153.0,163.0,160.0,160.25,6.601767440112762
2022-01-03,Ashwagandha,Herbal,214,135,203,22.11,29.48,0.13,3979.8,994.95,KP,1,0,2,1,2022,1,1,1,3,168.0,157.0,153.0,163.0,153.25,13.720422734012233
2022-01-10,Ashwagandha,Herbal,422,158,237,14.42,19.22,0.11,3036.76,759.19,Sindh,1,0,2,3,2022,1,2,1,10,135.0,168.0,157.0,153.0,154.5,13.916417163432058
2022-01-17,Ashwagandha,Herbal,494,171,257,34.59,46.12,0.02,7886.52,1971.63,Punjab,0,0,2,2,2022,1,3,1,17,158.0,135.0,168.0,157.0,158.0,16.309506430300083
2022-01-24,Ashwagandha,Herbal,145,151,227,9.97,13.29,0.16,2006.79,501.7,Balochistan,0,0,2,0,2022,1,4,1,24,171.0,158.0,135.0,168.0,153.75,14.997221964972926
2022-01-31,Ashwagandha,Herbal,158,143,215,25.7,34.27,0.09,4900.61,1225.15,KP,0,0,2,1,2022,1,5,1,31,151.0,171.0,158.0,135.0,155.75,11.870832602082567
2022-02-07,Ashwagandha,Herbal,82,153,230,42.17,56.22,0.18,8601.66,2150.42,KP,1,0,2,1,2022,2,6,1,38,143.0,151.0,171.0,158.0,154.5,11.818065267490546
2022-02-14,Ashwagandha,Herbal,105,164,246,24.3,32.4,0.21,5313.6,1328.4,Sindh,1,0,2,3,2022,2,7,1,45,153.0,143.0,151.0,171.0,152.75,8.655441448399172
2022-02-21,Ashwagandha,Herbal,258,156,234,38.87,51.83,0.06,8085.48,2021.37,Sindh,1,0,2,3,2022,2,8,1,52,164.0,153.0,143.0,151.0,154.0,8.679477710861006
2022-02-28,Ashwagandha,Herbal,449,119,179,24.68,32.9,0.03,3915.1,978.78,Balochistan,1,0,2,0,2022,2,9,1,59,156.0,164.0,153.0,143.0,148.0,19.882991056008976
2022-03-07,Ashwagandha,Herbal,96,139,209,23.45,31.27,0.19,4346.53,1086.63,Balochistan,1,0,2,0,2022,3,10,1,66,119.0,156.0,164.0,153.0,144.5,19.94158134819469
2022-03-14,Ashwagandha,Herbal,351,134,201,15.47,20.62,0.21,2763.08,690.77,KP,1,0,2,1,2022,3,11,1,73,139.0,119.0,156.0,164.0,137.0,15.253414918196723
2022-03-21,Ashwagandha,Herbal,233,162,243,30.26,40.35,0.14,6536.7,1634.18,Punjab,0,0,2,2,2022,3,12,1,80,134.0,139.0,119.0,156.0,138.5,17.823205847059793
2022-03-28,Ashwagandha,Herbal,231,154,231,25.56,34.08,0.1,5248.32,1312.08,KP,0,0,2,1,2022,3,13,1,87,162.0,134.0,139.0,119.0,147.25,12.996794476587926
2022-04-04,Ashwagandha,Herbal,339,152,228,14.72,19.63,0.19,2983.76,745.94,KP,1,0,2,1,2022,4,14,2,94,154.0,162.0,134.0,139.0,150.5,11.818065267490546
2022-04-11,Ashwagandha,Herbal,336,138,207,16.52,22.03,0.13,3040.14,760.04,Balochistan,1,0,2,0,2022,4,15,2,101,152.0,154.0,162.0,134.0,151.5,9.983319421247945
2022-04-18,Ashwagandha,Herbal,205,157,236,33.82,45.09,0.19,7079.13,1769.78,Punjab,1,0,2,2,2022,4,16,2,108,138.0,152.0,154.0,162.0,150.25,8.421203397773171
2022-04-25,Ashwagandha,Herbal,165,140,210,27.32,36.43,0.23,5100.2,1275.05,Sindh,0,0,2,3,2022,4,17,2,115,157.0,138.0,152.0,154.0,146.75,9.215023964519377
2022-05-02,Ashwagandha,Herbal,311,128,192,31.03,41.37,0.14,5295.36,1323.84,Punjab,0,0,2,2,2022,5,18,2,122,140.0,157.0,138.0,152.0,140.75,12.03813385316289
2022-05-09,Ashwagandha,Herbal,427,152,228,21.19,28.25,0.22,4294.0,1073.5,KP,0,0,2,1,2022,5,19,2,129,128.0,140.0,157.0,138.0,144.25,12.971121771072838
2022-05-16,Ashwagandha,Herbal,302,160,240,36.63,48.84,0.09,7814.4,1953.6,KP,1,0,2,1,2022,5,20,2,136,152.0,128.0,140.0,157.0,145.0,13.999999999999991
2022-05-23,Ashwagandha,Herbal,269,126,189,32.11,42.81,0.21,5394.06,1348.52,KP,1,0,2,1,2022,5,21,2,143,160.0,152.0,128.0,140.0,141.5,17.078251276599325
2022-05-30,Ashwagandha,Herbal,423,167,251,16.95,22.6,0.24,3774.2,943.55,Balochistan,1,0,2,0,2022,5,22,2,150,126.0,160.0,152.0,128.0,151.25,17.91414710966354
2022-06-06,Ashwagandha,Herbal,86,147,221,9.55,12.73,0.21,1871.31,467.83,Punjab,0,0,2,2,2022,6,23,2,157,167.0,126.0,160.0,152.0,150.0,18.018509002319433
2022-06-13,Ashwagandha,Herbal,218,152,228,17.9,23.87,0.12,3628.24,907.06,Punjab,0,0,2,2,2022,6,24,2,164,147.0,167.0,126.0,160.0,148.0,16.950909513454818
2022-06-20,Ashwagandha,Herbal,238,158,237,22.4,29.87,0.05,4719.46,1179.87,Punjab,1,0,2,2,2022,6,25,2,171,152.0,147.0,167.0,126.0,156.0,8.602325267042607
2022-06-27,Ashwagandha,Herbal,154,147,221,36.06,48.08,0.14,7067.76,1766.94,Punjab,0,0,2,2,2022,6,26,2,178,158.0,152.0,147.0,167.0,151.0,5.228129047119348
2022-07-04,Ashwagandha,Herbal,329,129,194,15.94,21.25,0.1,2741.25,685.31,KP,1,0,2,1,2022,7,27,3,185,147.0,158.0,152.0,147.0,146.5,12.503332889007359
2022-07-11,Ashwagandha,Herbal,354,148,222,27.52,36.69,0.08,5430.12,1357.53,Punjab,1,0,2,2,2022,7,28,3,192,129.0,147.0,158.0,152.0,145.5,12.069244660154439
2022-07-18,Ashwagandha,Herbal,415,153,230,43.25,57.66,0.17,8821.98,2205.5,Balochistan,0,0,2,0,2022,7,29,3,199,148.0,129.0,147.0,158.0,144.25,10.49999999999999
2022-07-25,Ashwagandha,Herbal,412,188,282,15.86,21.15,0.13,3976.2,994.05,Punjab,1,0,2,2,2022,7,30,3,206,153.0,148.0,129.0,147.0,154.5,24.61029594837629
2022-08-01,Ashwagandha,Herbal,442,164,246,10.22,13.63,0.14,2235.32,558.83,Balochistan,0,0,2,0,2022,8,31,3,213,188.0,153.0,148.0,129.0,163.25,17.802153427792557
2022-08-08,Ashwagandha,Herbal,163,158,237,27.74,36.98,0.17,5842.84,1460.71,KP,1,0,2,1,2022,8,32,3,220,164.0,188.0,153.0,148.0,165.75,15.49999999999999
2022-08-15,Ashwagandha,Herbal,322,166,249,17.15,22.87,0.1,3796.42,949.11,Sindh,0,0,2,3,2022,8,33,3,227,158.0,164.0,188.0,153.0,169.0,13.114877048603988
2022-08-22,Ashwagandha,Herbal,303,165,248,21.68,28.91,0.19,4770.15,1192.54,Sindh,1,0,2,3,2022,8,34,3,234,166.0,158.0,164.0,188.0,163.25,3.5939764421412503
2022-08-29,Ashwagandha,Herbal,404,134,201,28.43,37.91,0.22,5079.94,1269.99,Punjab,0,0,2,2,2022,8,35,3,241,165.0,166.0,158.0,164.0,155.75,14.930394055974086
2022-09-05,Ashwagandha,Herbal,489,146,219,16.07,21.42,0.11,3127.32,781.83,Balochistan,0,0,2,0,2022,9,36,3,248,134.0,165.0,166.0,158.0,152.75,15.521490478258404
2022-09-12,Ashwagandha,Herbal,337,150,225,36.11,48.15,0.04,7222.5,1805.63,Punjab,0,0,2,2,2022,9,37,3,255,146.0,134.0,165.0,166.0,148.75,12.789970028633102
2022-09-19,Ashwagandha,Herbal,289,147,221,37.15,49.53,0.17,7280.91,1820.23,Punjab,0,0,2,2,2022,9,38,3,262,150.0,146.0,134.0,165.0,144.25,7.041543391425848
2022-09-26,Ashwagandha,Herbal,450,143,215,18.97,25.29,0.22,3616.47,904.12,Balochistan,1,0,2,0,2022,9,39,3,269,147.0,150.0,146.0,134.0,146.5,2.8867513459480802
2022-10-03,Ashwagandha,Herbal,111,135,203,11.0,14.67,0.05,1980.45,495.11,Sindh,1,0,2,3,2022,10,40,4,276,143.0,147.0,150.0,146.0,143.75,6.499999999999977
2022-10-10,Ashwagandha,Herbal,401,153,230,18.33,24.44,0.1,3739.32,934.83,Sindh,1,0,2,3,2022,10,41,4,283,135.0,143.0,147.0,150.0,144.5,7.549834435270729
2022-10-17,Ashwagandha,Herbal,459,156,234,31.73,42.3,0.09,6598.8,1649.7,Sindh,1,0,2,3,2022,10,42,4,290,153.0,135.0,143.0,147.0,146.75,9.604686356149259
2022-10-24,Ashwagandha,Herbal,249,162,243,24.68,32.9,0.22,5329.8,1332.45,Punjab,0,0,2,2,2022,10,43,4,297,156.0,153.0,135.0,143.0,151.5,11.618950038622238
2022-10-31,Ashwagandha,Herbal,244,161,242,38.01,50.68,0.0,8159.48,2039.87,KP,0,0,2,1,2022,10,44,4,304,162.0,156.0,153.0,135.0,158.0,4.242640687119252
2022-11-07,Ashwagandha,Herbal,285,162,243,21.23,28.3,0.08,4584.6,1146.15,Punjab,1,0,2,2,2022,11,45,4,311,161.0,162.0,156.0,153.0,160.25,2.8722813232689686
2022-11-14,Ashwagandha,Herbal,129,130,195,22.15,29.53,0.13,3838.9,959.73,KP,1,0,2,1,2022,11,46,4,318,162.0,161.0,162.0,156.0,153.75,15.840349322747475
2022-11-21,Ashwagandha,Herbal,278,156,234,34.55,46.07,0.02,7186.92,1796.73,Balochistan,1,0,2,0,2022,11,47,4,325,130.0,162.0,161.0,162.0,152.25,15.06375340566442
2022-11-28,Ashwagandha,Herbal,184,151,227,35.93,47.9,0.15,7232.9,1808.23,Balochistan,1,0,2,0,2022,11,48,4,332,156.0,130.0,162.0,161.0,149.75,13.91342277562689
2022-12-05,Ashwagandha,Herbal,89,145,218,41.84,55.78,0.21,8088.1,2022.03,KP,1,0,2,1,2022,12,49,4,339,151.0,156.0,130.0,162.0,145.5,11.26942766958463
2022-12-12,Ashwagandha,Herbal,355,141,212,26.3,35.06,0.06,4943.46,1235.87,Sindh,0,0,2,3,2022,12,50,4,346,145.0,151.0,156.0,130.0,148.25,6.601767440112764
2022-12-19,Ashwagandha,Herbal,484,128,192,27.65,36.87,0.04,4719.36,1179.84,Sindh,1,0,2,3,2022,12,51,4,353,141.0,145.0,151.0,156.0,141.25,9.742518497116968
2022-12-26,Ashwagandha,Herbal,347,151,227,33.58,44.77,0.19,6760.27,1690.07,Sindh,0,0,2,3,2022,12,52,4,360,128.0,141.0,145.0,151.0,141.25,9.742518497116968
2023-01-02,Ashwagandha,Herbal,219,140,210,8.13,10.84,0.04,1517.6,379.4,KP,1,0,2,1,2023,1,1,1,2,151.0,128.0,141.0,145.0,140.0,9.416297927883669
2023-01-09,Ashwagandha,Herbal,267,158,237,33.71,44.95,0.25,7102.1,1775.53,Sindh,1,0,2,3,2023,1,2,1,9,140.0,151.0,128.0,141.0,144.25,13.124404748406674
2023-01-16,Ashwagandha,Herbal,291,137,206,41.9,55.87,0.12,7654.19,1913.55,Sindh,1,0,2,3,2023,1,3,1,16,158.0,140.0,151.0,128.0,146.5,9.746794344808947
2023-01-23,Ashwagandha,Herbal,51,136,204,13.92,18.56,0.21,2524.16,631.04,Punjab,0,0,2,2,2023,1,4,1,23,137.0,158.0,140.0,151.0,142.75,10.307764064044136
2023-01-30,Ashwagandha,Herbal,460,145,218,27.35,36.47,0.17,5288.15,1322.04,Sindh,0,0,2,3,2023,1,5,1,30,136.0,137.0,158.0,140.0,144.0,10.165300454651256
2023-02-06,Ashwagandha,Herbal,77,179,269,30.23,40.3,0.05,7213.7,1803.43,Balochistan,1,0,2,0,2023,2,6,1,37,145.0,136.0,137.0,158.0,149.25,20.238165265985277
2023-02-13,Ashwagandha,Herbal,378,141,212,26.81,35.75,0.08,5040.75,1260.19,Sindh,1,0,2,3,2023,2,7,1,44,179.0,145.0,136.0,137.0,150.25,19.517086531208143
2023-02-20,Ashwagandha,Herbal,479,160,240,34.85,46.46,0.06,7433.6,1858.4,KP,1,0,2,1,2023,2,8,1,51,141.0,179.0,145.0,136.0,156.25,17.23127002477375
2023-02-27,Ashwagandha,Herbal,201,147,221,41.92,55.89,0.17,8215.83,2053.96,Balochistan,0,0,2,0,2023,2,9,1,58,160.0,141.0,179.0,145.0,156.75,16.82012683265695
2023-03-06,Ashwagandha,Herbal,175,127,191,37.22,49.63,0.14,6303.01,1575.75,Punjab,1,0,2,2,2023,3,10,1,65,147.0,160.0,141.0,179.0,143.75,13.696106502701163
2023-03-13,Ashwagandha,Herbal,292,138,207,42.53,56.7,0.04,7824.6,1956.15,Sindh,0,0,2,3,2023,3,11,1,72,127.0,147.0,160.0,141.0,143.0,13.976170195491076
2023-03-20,Ashwagandha,Herbal,232,159,239,30.32,40.43,0.1,6428.37,1607.09,Punjab,1,0,2,2,2023,3,12,1,79,138.0,127.0,147.0,160.0,142.75,13.57387196049822
2023-03-27,Ashwagandha,Herbal,178,161,242,28.37,37.83,0.06,6090.63,1522.66,KP,0,0,2,1,2023,3,13,1,86,159.0,138.0,127.0,147.0,146.25,16.52018966799917
2023-04-03,Ashwagandha,Herbal,238,153,230,28.64,38.19,0.04,5843.07,1460.77,Punjab,1,0,2,2,2023,4,14,2,93,161.0,159.0,138.0,127.0,152.75,10.404326023342398
2023-04-10,Ashwagandha,Herbal,456,172,258,37.12,49.49,0.04,8512.28,2128.07,KP,1,0,2,1,2023,4,15,2,100,153.0,161.0,159.0,138.0,161.25,7.93200268952719
2023-04-17,Ashwagandha,Herbal,466,125,188,20.6,27.47,0.21,3433.75,858.44,Balochistan,1,0,2,0,2023,4,16,2,107,172.0,153.0,161.0,159.0,152.75,20.07278422807027
2023-04-24,Ashwagandha,Herbal,150,146,219,13.38,17.84,0.17,2604.64,651.16,KP,0,0,2,1,2023,4,17,2,114,125.0,172.0,153.0,161.0,149.0,19.407902170679513
2023-05-01,Ashwagandha,Herbal,90,152,228,23.97,31.96,0.17,4857.92,1214.48,KP,0,0,2,1,2023,5,18,2,121,146.0,125.0,172.0,153.0,148.75,19.345542122153102
2023-05-08,Ashwagandha,Herbal,475,153,230,23.37,31.16,0.23,4767.48,1191.87,Sindh,0,0,2,3,2023,5,19,2,128,152.0,146.0,125.0,172.0,144.0,13.038404810405295
2023-05-15,Ashwagandha,Herbal,174,141,212,18.66,24.88,0.11,3508.08,877.02,Punjab,1,0,2,2,2023,5,20,2,135,153.0,152.0,146.0,125.0,148.0,5.597618541248879
2023-05-22,Ashwagandha,Herbal,161,151,227,38.56,51.41,0.2,7762.91,1940.73,Balochistan,0,0,2,0,2023,5,21,2,142,141.0,153.0,152.0,146.0,149.25,5.560275772537417
2023-05-29,Ashwagandha,Herbal,160,141,212,30.43,40.57,0.13,5720.37,1430.09,Balochistan,1,0,2,0,2023,5,22,2,149,151.0,141.0,153.0,152.0,146.5,6.403124237432843
2023-06-05,Ashwagandha,Herbal,55,142,213,33.63,44.84,0.23,6367.28,1591.82,Balochistan,1,0,2,0,2023,6,23,2,156,141.0,151.0,141.0,153.0,143.75,4.85626742811115
2023-06-12,Ashwagandha,Herbal,405,150,225,25.1,33.47,0.23,5020.5,1255.13,KP,1,0,2,1,2023,6,24,2,163,142.0,141.0,151.0,141.0,146.0,5.2281290471193715
2023-06-19,Ashwagandha,Herbal,295,152,228,37.55,50.07,0.18,7610.64,1902.66,Balochistan,1,0,2,0,2023,6,25,2,170,150.0,142.0,141.0,151.0,146.25,5.560275772537423
2023-06-26,Ashwagandha,Herbal,495,172,258,43.94,58.58,0.03,10075.76,2518.94,Balochistan,0,0,2,0,2023,6,26,2,177,152.0,150.0,142.0,141.0,154.0,12.754084313139327
2023-07-03,Ashwagandha,Herbal,418,163,245,13.85,18.47,0.2,3010.61,752.65,KP,1,0,2,1,2023,7,27,3,184,172.0,152.0,150.0,142.0,159.25,10.242883708539633
2023-07-10,Ashwagandha,Herbal,86,161,242,35.76,47.68,0.22,7676.48,1919.12,Punjab,1,0,2,2,2023,7,28,3,191,163.0,172.0,152.0,150.0,162.0,8.20568908339411
2023-07-17,Ashwagandha,Herbal,421,144,216,21.0,28.0,0.22,4032.0,1008.0,Punjab,1,0,2,2,2023,7,29,3,198,161.0,163.0,172.0,152.0,160.0,11.69045194450012
2023-07-24,Ashwagandha,Herbal,468,155,233,28.25,37.67,0.02,5838.85,1459.71,Sindh,0,0,2,3,2023,7,30,3,205,144.0,161.0,163.0,172.0,155.75,8.539125638299662
2023-07-31,Ashwagandha,Herbal,370,129,194,20.54,27.38,0.25,3532.02,883.01,Balochistan,1,0,2,0,2023,7,31,3,212,155.0,144.0,161.0,163.0,147.25,14.05643387681717
2023-08-07,Ashwagandha,Herbal,200,156,234,20.01,26.68,0.08,4162.08,1040.52,Sindh,0,0,2,3,2023,8,32,3,219,129.0,155.0,144.0,161.0,146.0,12.569805089976535
2023-08-14,Ashwagandha,Herbal,178,156,234,11.8,15.73,0.18,2453.88,613.47,Punjab,1,0,2,2,2023,8,33,3,226,156.0,129.0,155.0,144.0,149.0,13.341664064126334
2023-08-21,Ashwagandha,Herbal,124,136,204,30.37,40.49,0.23,5506.64,1376.66,Balochistan,1,0,2,0,2023,8,34,3,233,156.0,156.0,129.0,155.0,144.25,13.865424623862049
2023-08-28,Ashwagandha,Herbal,72,158,237,36.02,48.03,0.18,7588.74,1897.19,KP,1,0,2,1,2023,8,35,3,240,136.0,156.0,156.0,129.0,151.5,10.376254944182252
2023-09-04,Ashwagandha,Herbal,500,154,231,9.62,12.83,0.17,1975.82,493.96,Punjab,0,0,2,2,2023,9,36,3,247,158.0,136.0,156.0,156.0,151.0,10.132456102380441
2023-09-11,Ashwagandha,Herbal,445,157,236,44.39,59.18,0.14,9291.26,2322.82,Sindh,1,0,2,3,2023,9,37,3,254,154.0,158.0,136.0,156.0,151.25,10.30776406404415
2023-09-18,Ashwagandha,Herbal,356,133,200,13.96,18.61,0.02,2475.13,618.78,Sindh,0,0,2,3,2023,9,38,3,261,157.0,154.0,158.0,136.0,150.5,11.789826122551595
2023-09-25,Ashwagandha,Herbal,449,161,242,21.14,28.19,0.11,4538.59,1134.65,Sindh,0,0,2,3,2023,9,39,3,268,133.0,157.0,154.0,158.0,151.25,12.499999999999998
2023-10-02,Ashwagandha,Herbal,478,152,228,29.9,39.87,0.17,6060.24,1515.06,Balochistan,1,0,2,0,2023,10,40,4,275,161.0,133.0,157.0,154.0,150.75,12.392874296680867
2023-10-09,Ashwagandha,Herbal,190,155,233,28.06,37.41,0.13,5798.55,1449.64,Balochistan,1,0,2,0,2023,10,41,4,282,152.0,161.0,133.0,157.0,150.25,12.093386622447824
2023-10-16,Ashwagandha,Herbal,431,158,237,35.56,47.41,0.05,7490.78,1872.7,Sindh,0,0,2,3,2023,10,42,4,289,155.0,152.0,161.0,133.0,156.5,3.872983346207412
2023-10-23,Ashwagandha,Herbal,207,148,222,15.62,20.82,0.13,3081.36,770.34,Sindh,1,0,2,3,2023,10,43,4,296,158.0,155.0,152.0,161.0,153.25,4.272001872658761
2023-10-30,Ashwagandha,Herbal,484,153,230,8.16,10.88,0.06,1664.64,416.16,Punjab,1,0,2,2,2023,10,44,4,303,148.0,158.0,155.0,152.0,153.5,4.20317340430616
2023-11-06,Ashwagandha,Herbal,236,167,251,31.76,42.35,0.22,7072.45,1768.11,Punjab,1,0,2,2,2023,11,45,4,310,153.0,148.0,158.0,155.0,156.5,8.10349718742881
2023-11-13,Ashwagandha,Herbal,151,147,221,26.24,34.98,0.18,5142.06,1285.52,KP,1,0,2,1,2023,11,46,4,317,167.0,153.0,148.0,158.0,153.75,9.21502396451939
2023-11-20,Ashwagandha,Herbal,83,146,219,7.95,10.6,0.07,1547.6,386.9,KP,1,0,2,1,2023,11,47,4,324,147.0,167.0,153.0,148.0,153.25,9.673847907287632
2023-11-27,Ashwagandha,Herbal,407,153,230,24.74,32.98,0.07,5045.94,1261.49,Balochistan,1,0,2,0,2023,11,48,4,331,146.0,147.0,167.0,153.0,153.25,9.673847907287632
2023-12-04,Ashwagandha,Herbal,202,151,227,33.14,44.18,0.24,6671.18,1667.8,Sindh,1,0,2,3,2023,12,49,4,338,153.0,146.0,147.0,167.0,149.25,3.304037933599824
2023-12-11,Ashwagandha,Herbal,316,153,230,34.25,45.66,0.19,6985.98,1746.5,Sindh,1,0,2,3,2023,12,50,4,345,151.0,153.0,146.0,147.0,150.75,3.304037933599824
2023-12-18,Ashwagandha,Herbal,103,144,216,34.04,45.38,0.13,6534.72,1633.68,Sindh,0,0,2,3,2023,12,51,4,352,153.0,151.0,153.0,146.0,150.25,4.272001872658758
2023-12-25,Ashwagandha,Herbal,332,152,228,10.46,13.95,0.01,2120.4,530.1,Sindh,1,0,2,3,2023,12,52,4,359,144.0,153.0,151.0,153.0,150.0,4.082482904638622
2024-01-01,Ashwagandha,Herbal,393,172,258,11.42,15.23,0.05,2619.56,654.89,Punjab,0,0,2,2,2024,1,1,1,1,152.0,144.0,153.0,151.0,155.25,11.87083260208258
2024-01-08,Ashwagandha,Herbal,338,137,206,14.4,19.2,0.17,2630.4,657.6,KP,0,0,2,1,2024,1,2,1,8,172.0,152.0,144.0,153.0,151.25,15.129992289048486
2024-01-15,Ashwagandha,Herbal,340,146,219,10.36,13.81,0.14,2016.26,504.07,Punjab,1,0,2,2,2024,1,3,1,15,137.0,172.0,152.0,144.0,151.75,14.84082207965583
2024-01-22,Ashwagandha,Herbal,414,154,231,35.59,47.45,0.05,7307.3,1826.83,Sindh,0,0,2,3,2024,1,4,1,22,146.0,137.0,172.0,152.0,152.25,14.885675440951054
2024-01-29,Ashwagandha,Herbal,363,153,230,13.31,17.75,0.0,2715.75,678.94,KP,1,0,2,1,2024,1,5,1,29,154.0,146.0,137.0,172.0,147.5,7.8528126595931615
2024-02-05,Ashwagandha,Herbal,307,152,228,36.12,48.16,0.22,7320.32,1830.08,Punjab,0,0,2,2,2024,2,6,1,36,153.0,154.0,146.0,137.0,151.25,3.5939764421412987
2024-02-12,Ashwagandha,Herbal,116,140,210,41.73,55.64,0.17,7789.6,1947.4,Sindh,0,0,2,3,2024,2,7,1,43,152.0,153.0,154.0,146.0,149.75,6.5510813356778455
2024-02-19,Ashwagandha,Herbal,202,160,240,37.67,50.23,0.04,8036.8,2009.2,Sindh,1,0,2,3,2024,2,8,1,50,140.0,152.0,153.0,154.0,151.25,8.301606270274844
2024-02-26,Ashwagandha,Herbal,405,140,210,30.82,41.09,0.2,5752.6,1438.15,Punjab,0,0,2,2,2024,2,9,1,57,160.0,140.0,152.0,153.0,148.0,9.797958971132708
2024-03-04,Ashwagandha,Herbal,229,145,218,27.66,36.88,0.21,5347.6,1336.9,KP,0,0,2,1,2024,3,10,1,64,140.0,160.0,140.0,152.0,146.25,9.46484724300045
2024-03-11,Ashwagandha,Herbal,54,171,257,42.0,56.0,0.01,9576.0,2394.0,Punjab,1,0,2,2,2024,3,11,1,71,145.0,140.0,160.0,140.0,154.0,14.165686240583845
2024-03-18,Ashwagandha,Herbal,104,146,219,15.01,20.01,0.01,2921.46,730.37,Punjab,0,0,2,2,2024,3,12,1,78,171.0,145.0,140.0,160.0,150.5,13.916417163432062
2024-03-25,Ashwagandha,Herbal,340,147,221,22.64,30.19,0.17,4437.93,1109.48,Balochistan,0,0,2,0,2024,3,13,1,85,146.0,171.0,145.0,140.0,152.25,12.526638282742361
2024-04-01,Ashwagandha,Herbal,57,144,216,9.44,12.58,0.03,1811.52,452.88,Punjab,1,0,2,2,2024,4,14,2,92,147.0,146.0,171.0,145.0,152.0,12.727922061357848
2024-04-08,Ashwagandha,Herbal,68,180,270,8.93,11.91,0.22,2143.8,535.95,Punjab,0,0,2,2,2024,4,15,2,99,144.0,147.0,146.0,171.0,154.25,17.2119144780585
2024-04-15,Ashwagandha,Herbal,354,169,254,25.42,33.89,0.2,5727.41,1431.85,Punjab,1,0,2,2,2024,4,16,2,106,180.0,144.0,147.0,146.0,160.0,17.378147196982763
2024-04-22,Ashwagandha,Herbal,381,139,209,38.64,51.52,0.04,7161.28,1790.32,Punjab,0,0,2,2,2024,4,17,2,113,169.0,180.0,144.0,147.0,158.0,19.680785892167346
2024-04-29,Ashwagandha,Herbal,324,135,203,41.74,55.65,0.02,7512.75,1878.19,KP,1,0,2,1,2024,4,18,2,120,139.0,169.0,180.0,144.0,155.75,22.171678631383173
2024-05-06,Ashwagandha,Herbal,120,143,215,12.48,16.64,0.06,2379.52,594.88,Balochistan,1,0,2,0,2024,5,19,2,127,135.0,139.0,169.0,180.0,146.5,15.35143858622593
2024-05-13,Ashwagandha,Herbal,338,157,236,33.23,44.31,0.17,6956.67,1739.17,Sindh,0,0,2,3,2024,5,20,2,134,143.0,135.0,139.0,169.0,143.5,9.574271077563367
2024-05-20,Ashwagandha,Herbal,314,158,237,33.37,44.49,0.0,7029.42,1757.36,KP,1,0,2,1,2024,5,21,2,141,157.0,143.0,135.0,139.0,148.25,11.176612486199314
2024-05-27,Ashwagandha,Herbal,193,160,240,12.56,16.75,0.08,2680.0,670.0,Sindh,1,0,2,3,2024,5,22,2,148,158.0,157.0,143.0,135.0,154.5,7.7674534651540155
2024-06-03,Ashwagandha,Herbal,194,151,227,11.04,14.72,0.13,2222.72,555.68,Balochistan,0,0,2,0,2024,6,23,2,155,160.0,158.0,157.0,143.0,156.5,3.872983346207388
2024-06-10,Ashwagandha,Herbal,328,156,234,34.72,46.29,0.24,7221.24,1805.31,KP,0,0,2,1,2024,6,24,2,162,151.0,160.0,158.0,157.0,156.25,3.862210075418794
2024-06-17,Ashwagandha,Herbal,314,149,224,28.99,38.65,0.02,5758.85,1439.71,KP,1,0,2,1,2024,6,25,2,169,156.0,151.0,160.0,158.0,154.0,4.966554808583756
2024-06-24,Ashwagandha,Herbal,397,175,263,15.49,20.65,0.09,3613.75,903.44,KP,1,0,2,1,2024,6,26,2,176,149.0,156.0,151.0,160.0,157.75,11.870832602082569
2024-07-01,Ashwagandha,Herbal,345,159,239,21.3,28.4,0.0,4515.6,1128.9,KP,1,0,2,1,2024,7,27,3,183,175.0,149.0,156.0,151.0,159.75,10.996211468804445
2024-07-08,Ashwagandha,Herbal,291,157,236,22.12,29.49,0.12,4629.93,1157.48,Punjab,1,0,2,2,2024,7,28,3,190,159.0,175.0,149.0,156.0,160.0,10.893423092245449
2024-07-15,Ashwagandha,Herbal,328,159,239,13.16,17.55,0.2,2790.45,697.61,KP,1,0,2,1,2024,7,29,3,197,157.0,159.0,175.0,149.0,162.5,8.386497083606068
2024-07-22,Ashwagandha,Herbal,389,155,233,31.67,42.23,0.23,6545.65,1636.41,Punjab,1,0,2,2,2024,7,30,3,204,159.0,157.0,159.0,175.0,157.5,1.9148542155126305
2024-07-29,Ashwagandha,Herbal,132,148,222,25.94,34.58,0.13,5117.84,1279.46,Sindh,0,0,2,3,2024,7,31,3,211,155.0,159.0,157.0,159.0,154.75,4.787135538781672
2024-08-05,Ashwagandha,Herbal,370,143,215,15.92,21.23,0.01,3035.89,758.97,Punjab,0,0,2,2,2024,8,32,3,218,148.0,155.0,159.0,157.0,151.25,7.135591542869203
2024-08-12,Ashwagandha,Herbal,101,175,263,30.55,40.73,0.17,7127.75,1781.94,Punjab,0,0,2,2,2024,8,33,3,225,143.0,148.0,155.0,159.0,155.25,14.056433876817163
2024-08-19,Ashwagandha,Herbal,493,149,224,17.28,23.04,0.01,3432.96,858.24,Sindh,1,0,2,3,2024,8,34,3,232,175.0,143.0,148.0,155.0,153.75,14.407752542757429
2024-08-26,Ashwagandha,Herbal,267,150,225,27.44,36.59,0.13,5488.5,1372.13,KP,0,0,2,1,2024,8,35,3,239,149.0,175.0,143.0,148.0,154.25,14.174507634012071
2024-09-02,Ashwagandha,Herbal,319,149,224,20.54,27.38,0.2,4079.62,1019.91,Balochistan,0,0,2,0,2024,9,36,3,246,150.0,149.0,175.0,143.0,155.75,12.841988423397154
2024-09-09,Ashwagandha,Herbal,90,142,213,29.3,39.07,0.24,5547.94,1386.99,Sindh,1,0,2,3,2024,9,37,3,253,149.0,150.0,149.0,175.0,147.5,3.696845502136463
2024-09-16,Ashwagandha,Herbal,434,159,239,10.36,13.81,0.23,2195.79,548.95,KP,0,0,2,1,2024,9,38,3,260,142.0,149.0,150.0,149.0,150.0,6.976149845485445
2024-09-23,Ashwagandha,Herbal,496,161,242,23.03,30.7,0.08,4942.7,1235.68,Sindh,1,0,2,3,2024,9,39,3,267,159.0,142.0,149.0,150.0,152.75,8.883505314157615
2024-09-30,Ashwagandha,Herbal,274,156,234,34.84,46.45,0.16,7246.2,1811.55,KP,1,0,2,1,2024,9,40,3,274,161.0,159.0,142.0,149.0,154.5,8.582928793055817
2024-10-07,Ashwagandha,Herbal,372,142,213,15.56,20.74,0.07,2945.08,736.27,Balochistan,0,0,2,0,2024,10,41,4,281,156.0,161.0,159.0,142.0,154.5,8.582928793055817
2024-10-14,Ashwagandha,Herbal,215,185,278,33.92,45.23,0.21,8367.55,2091.89,KP,1,0,2,1,2024,10,42,4,288,142.0,156.0,161.0,159.0,161.0,17.907168024751055
2024-10-21,Ashwagandha,Herbal,204,130,195,31.06,41.41,0.22,5383.3,1345.83,Punjab,0,0,2,2,2024,10,43,4,295,185.0,142.0,156.0,161.0,153.25,23.683679331275084
2024-10-28,Ashwagandha,Herbal,72,150,225,12.97,17.29,0.06,2593.5,648.38,KP,1,0,2,1,2024,10,44,4,302,130.0,185.0,142.0,156.0,151.75,23.641418457162562
2024-11-04,Ashwagandha,Herbal,246,152,228,42.02,56.03,0.12,8516.56,2129.14,Sindh,0,0,2,3,2024,11,45,4,309,150.0,130.0,185.0,142.0,154.25,22.779742462694056
2024-11-11,Ashwagandha,Herbal,352,171,257,42.02,56.03,0.02,9581.13,2395.28,Punjab,0,0,2,2,2024,11,46,4,316,152.0,150.0,130.0,185.0,150.75,16.7605688049859
2024-11-18,Ashwagandha,Herbal,422,148,222,40.4,53.87,0.13,7972.76,1993.19,Sindh,1,0,2,3,2024,11,47,4,323,171.0,152.0,150.0,130.0,155.25,10.626225419530051
2024-11-25,Ashwagandha,Herbal,400,139,209,26.66,35.54,0.06,4940.06,1235.02,KP,1,0,2,1,2024,11,48,4,330,148.0,171.0,152.0,150.0,152.5,13.478377746103817
2024-12-02,Ashwagandha,Herbal,252,140,210,12.81,17.08,0.11,2391.2,597.8,Punjab,0,0,2,2,2024,12,49,4,337,139.0,148.0,171.0,152.0,149.5,14.888474289418195
2024-12-09,Ashwagandha,Herbal,126,145,218,41.09,54.79,0.08,7944.55,1986.14,Sindh,1,0,2,3,2024,12,50,4,344,140.0,139.0,148.0,171.0,143.0,4.242640687119283
2024-12-16,Ashwagandha,Herbal,222,143,215,22.14,29.52,0.13,4221.36,1055.34,Punjab,0,0,2,2,2024,12,51,4,351,145.0,140.0,139.0,148.0,141.75,2.7537852736430497
2024-12-23,Ashwagandha,Herbal,71,139,209,30.26,40.34,0.16,5607.26,1401.82,Punjab,0,0,2,2,2024,12,52,4,358,143.0,145.0,140.0,139.0,141.75,2.7537852736430497
2024-12-30,Ashwagandha,Herbal,218,154,231,10.23,13.64,0.09,2100.56,525.14,Sindh,1,0,2,3,2024,12,1,4,365,139.0,143.0,145.0,140.0,145.25,6.3442887702247575
2025-01-06,Ashwagandha,Herbal,447,159,239,31.91,42.55,0.18,6765.45,1691.36,Punjab,0,0,2,2,2025,1,2,1,6,154.0,139.0,143.0,145.0,148.75,9.322910847297994
2025-01-13,Ashwagandha,Herbal,317,153,230,24.46,32.61,0.06,4989.33,1247.33,KP,0,0,2,1,2025,1,3,1,13,159.0,154.0,139.0,143.0,151.25,8.57807282163851
2025-01-20,Ashwagandha,Herbal,75,136,204,22.18,29.57,0.24,4021.52,1005.38,KP,1,0,2,1,2025,1,4,1,20,153.0,159.0,154.0,139.0,150.5,10.01665280087781
2025-01-27,Ashwagandha,Herbal,282,155,233,10.97,14.63,0.17,2267.65,566.91,Punjab,1,0,2,2,2025,1,5,1,27,136.0,153.0,159.0,154.0,150.75,10.144785195688799
2025-02-03,Ashwagandha,Herbal,185,134,201,13.0,17.33,0.23,2322.22,580.56,Sindh,0,0,2,3,2025,2,6,1,34,155.0,136.0,153.0,159.0,144.5,11.030261405182863
2025-02-10,Ashwagandha,Herbal,316,170,255,17.14,22.85,0.09,3884.5,971.13,KP,0,0,2,1,2025,2,7,1,41,134.0,155.0,136.0,153.0,148.75,17.03672503740082
2025-02-17,Ashwagandha,Herbal,432,143,215,39.81,53.08,0.05,7590.44,1897.61,KP,1,0,2,1,2025,2,8,1,48,170.0,134.0,155.0,136.0,150.5,15.588457268119896
2025-02-24,Ashwagandha,Herbal,442,158,237,30.92,41.23,0.03,6514.34,1628.59,Sindh,0,0,2,3,2025,2,9,1,55,143.0,170.0,134.0,155.0,151.25,15.945218719101975
2025-03-03,Ashwagandha,Herbal,183,181,272,27.43,36.57,0.01,6619.17,1654.79,KP,0,0,2,1,2025,3,10,1,62,158.0,143.0,170.0,134.0,163.0,16.30950643030009
2025-03-10,Ashwagandha,Herbal,350,124,186,21.47,28.62,0.1,3548.88,887.22,KP,0,0,2,1,2025,3,11,1,69,181.0,158.0,143.0,170.0,151.5,24.090108620206202
2025-03-17,Ashwagandha,Herbal,86,162,243,10.57,14.09,0.03,2282.58,570.65,Sindh,0,0,2,3,2025,3,12,1,76,124.0,181.0,158.0,143.0,156.25,23.725864929790575
2025-03-24,Ashwagandha,Herbal,456,122,183,34.76,46.35,0.23,5654.7,1413.68,KP,1,0,2,1,2025,3,13,1,83,162.0,124.0,181.0,158.0,147.25,29.0674502952472
2025-03-31,Ashwagandha,Herbal,260,145,218,43.56,58.08,0.24,8421.6,2105.4,Sindh,1,0,2,3,2025,3,14,1,90,122.0,162.0,124.0,181.0,138.25,18.945096111307176
2020-02-03,BCAA,Amino Acid,490,126,189,30.89,41.19,0.13,5189.94,1297.49,KP,0,1,0,1,2020,2,6,1,34,136.0,145.0,160.0,154.0,141.75,14.430869689661812
2020-02-10,BCAA,Amino Acid,351,134,201,30.89,41.19,0.17,5519.46,1379.87,Punjab,0,1,0,2,2020,2,7,1,41,126.0,136.0,145.0,160.0,135.25,7.804912982645393
2020-02-17,BCAA,Amino Acid,210,152,228,30.89,41.19,0.08,6260.88,1565.22,Sindh,0,1,0,3,2020,2,8,1,48,134.0,126.0,136.0,145.0,137.0,10.89342309224546
2020-02-24,BCAA,Amino Acid,430,147,221,30.89,41.19,0.02,6054.93,1513.73,Sindh,0,1,0,3,2020,2,9,1,55,152.0,134.0,126.0,136.0,139.75,11.898879499067686
2020-03-02,BCAA,Amino Acid,233,169,254,30.89,41.19,0.08,6961.11,1740.28,Punjab,0,1,0,2,2020,3,10,1,62,147.0,152.0,134.0,126.0,150.5,14.479871085982309
2020-03-09,BCAA,Amino Acid,340,168,252,30.89,41.19,0.11,6919.92,1729.98,Punjab,1,1,0,2,2020,3,11,1,69,169.0,147.0,152.0,134.0,159.0,11.165422816296141
2020-03-16,BCAA,Amino Acid,485,151,227,30.89,41.19,0.07,6219.69,1554.92,Punjab,0,1,0,2,2020,3,12,1,76,168.0,169.0,147.0,152.0,158.75,11.383467544352781
2020-03-23,BCAA,Amino Acid,84,142,213,30.89,41.19,0.03,5848.98,1462.25,Balochistan,1,1,0,0,2020,3,13,1,83,151.0,168.0,169.0,147.0,157.5,13.228756555322946
2020-03-30,BCAA,Amino Acid,189,140,210,30.89,41.19,0.02,5766.6,1441.65,KP,1,1,0,1,2020,3,14,1,90,142.0,151.0,168.0,169.0,150.25,12.763881332363852
2020-04-06,BCAA,Amino Acid,166,153,230,30.89,41.19,0.13,6302.07,1575.52,KP,1,1,0,1,2020,4,15,2,97,140.0,142.0,151.0,168.0,146.5,6.454972243679011
2020-04-13,BCAA,Amino Acid,332,158,237,30.89,41.19,0.13,6508.02,1627.01,Punjab,1,1,0,2,2020,4,16,2,104,153.0,140.0,142.0,151.0,148.25,8.655441448399177
2020-04-20,BCAA,Amino Acid,405,147,221,30.89,41.19,0.07,6054.93,1513.73,KP,0,1,0,1,2020,4,17,2,111,158.0,153.0,140.0,142.0,149.5,7.767453465154013
2020-04-27,BCAA,Amino Acid,184,139,209,30.89,41.19,0.02,5725.41,1431.35,Balochistan,1,1,0,0,2020,4,18,2,118,147.0,158.0,153.0,140.0,149.25,8.180260794538668
2020-05-04,BCAA,Amino Acid,306,146,219,30.89,41.19,0.05,6013.74,1503.44,Punjab,0,1,0,2,2020,5,19,2,125,139.0,147.0,158.0,153.0,147.5,7.852812659593149
2020-05-11,BCAA,Amino Acid,483,128,192,30.89,41.19,0.23,5272.32,1318.08,Punjab,1,1,0,2,2020,5,20,2,132,146.0,139.0,147.0,158.0,140.0,8.755950357709118
2020-05-18,BCAA,Amino Acid,473,157,236,30.89,41.19,0.07,6466.83,1616.71,Sindh,0,1,0,3,2020,5,21,2,139,128.0,146.0,139.0,147.0,142.5,12.179217270963397
2020-05-25,BCAA,Amino Acid,171,136,204,30.89,41.19,0.04,5601.84,1400.46,KP,0,1,0,1,2020,5,22,2,146,157.0,128.0,146.0,139.0,141.75,12.553220038433688
2020-06-01,BCAA,Amino Acid,457,154,231,30.89,41.19,0.02,6343.26,1585.82,Balochistan,1,1,0,0,2020,6,23,2,153,136.0,157.0,128.0,146.0,143.75,14.008925726121891
2020-06-08,BCAA,Amino Acid,236,149,224,30.89,41.19,0.07,6137.31,1534.33,Punjab,0,1,0,2,2020,6,24,2,160,154.0,136.0,157.0,128.0,149.0,9.27361849549569
2020-06-15,BCAA,Amino Acid,359,129,194,30.89,41.19,0.09,5313.51,1328.38,Sindh,0,1,0,3,2020,6,25,2,167,149.0,154.0,136.0,157.0,142.0,11.518101695447323
2020-06-22,BCAA,Amino Acid,234,174,261,30.89,41.19,0.06,7167.06,1791.77,KP,1,1,0,1,2020,6,26,2,174,129.0,149.0,154.0,136.0,151.5,18.48422751068236
2020-06-29,BCAA,Amino Acid,467,139,209,30.89,41.19,0.23,5725.41,1431.35,KP,1,1,0,1,2020,6,27,2,181,174.0,129.0,149.0,154.0,147.75,19.31105037709411
2020-07-06,BCAA,Amino Acid,277,151,227,30.89,41.19,0.07,6219.69,1554.92,Balochistan,1,1,0,0,2020,7,28,3,188,139.0,174.0,129.0,149.0,148.25,19.379972480200614
2020-07-13,BCAA,Amino Acid,498,152,228,30.89,41.19,0.2,6260.88,1565.22,Balochistan,1,1,0,0,2020,7,29,3,195,151.0,139.0,174.0,129.0,154.0,14.58309523615157
2020-07-20,BCAA,Amino Acid,92,134,201,30.89,41.19,0.23,5519.46,1379.87,Balochistan,1,1,0,0,2020,7,30,3,202,152.0,151.0,139.0,174.0,144.0,8.906926143924926
2020-07-27,BCAA,Amino Acid,110,162,243,30.89,41.19,0.09,6672.78,1668.2,Balochistan,1,1,0,0,2020,7,31,3,209,134.0,152.0,151.0,139.0,149.75,11.615363389350621
2020-08-03,BCAA,Amino Acid,325,155,233,30.89,41.19,0.07,6384.45,1596.11,Sindh,1,1,0,3,2020,8,32,3,216,162.0,134.0,152.0,151.0,150.75,11.926860441876567
2020-08-10,BCAA,Amino Acid,291,120,180,30.89,41.19,0.16,4942.8,1235.7,Sindh,0,1,0,3,2020,8,33,3,223,155.0,162.0,134.0,152.0,142.75,19.27649691550136
2020-08-17,BCAA,Amino Acid,428,152,228,30.89,41.19,0.01,6260.88,1565.22,KP,0,1,0,1,2020,8,34,3,230,120.0,155.0,162.0,134.0,147.25,18.643586922406683
2020-08-24,BCAA,Amino Acid,128,168,252,30.89,41.19,0.03,6919.92,1729.98,Balochistan,1,1,0,0,2020,8,35,3,237,152.0,120.0,155.0,162.0,148.75,20.38586111336319
2020-08-31,BCAA,Amino Acid,341,158,237,30.89,41.19,0.1,6508.02,1627.01,Punjab,0,1,0,2,2020,8,36,3,244,168.0,152.0,120.0,155.0,149.5,20.744477176668816
2020-09-07,BCAA,Amino Acid,491,154,231,30.89,41.19,0.01,6343.26,1585.82,KP,1,1,0,1,2020,9,37,3,251,158.0,168.0,152.0,120.0,158.0,7.118052168020877
2020-09-14,BCAA,Amino Acid,493,146,219,30.89,41.19,0.17,6013.74,1503.44,Punjab,0,1,0,2,2020,9,38,3,258,154.0,158.0,168.0,152.0,156.5,9.146948489341497
2020-09-21,BCAA,Amino Acid,216,138,207,30.89,41.19,0.22,5684.22,1421.06,Balochistan,1,1,0,0,2020,9,39,3,265,146.0,154.0,158.0,168.0,149.0,8.869423130433379
2020-09-28,BCAA,Amino Acid,413,153,230,30.89,41.19,0.02,6302.07,1575.52,Balochistan,1,1,0,0,2020,9,40,3,272,138.0,146.0,154.0,158.0,147.75,7.410578025138568
2020-10-05,BCAA,Amino Acid,75,130,195,30.89,41.19,0.15,5354.7,1338.68,KP,1,1,0,1,2020,10,41,4,279,153.0,138.0,146.0,154.0,141.75,9.945685831890458
2020-10-12,BCAA,Amino Acid,332,160,240,30.89,41.19,0.15,6590.4,1647.6,Balochistan,1,1,0,0,2020,10,42,4,286,130.0,153.0,138.0,146.0,145.25,13.696106502701168
2020-10-19,BCAA,Amino Acid,214,166,249,30.89,41.19,0.1,6837.54,1709.39,KP,1,1,0,1,2020,10,43,4,293,160.0,130.0,153.0,138.0,152.25,15.75595125658873
2020-10-26,BCAA,Amino Acid,267,150,225,30.89,41.19,0.02,6178.5,1544.63,Balochistan,1,1,0,0,2020,10,44,4,300,166.0,160.0,130.0,153.0,151.5,15.7797338380595
2020-11-02,BCAA,Amino Acid,490,143,215,30.89,41.19,0.05,5890.17,1472.54,KP,1,1,0,1,2020,11,45,4,307,150.0,166.0,160.0,130.0,154.75,10.242883708539635
2020-11-09,BCAA,Amino Acid,87,150,225,30.89,41.19,0.13,6178.5,1544.63,Punjab,1,1,0,2,2020,11,46,4,314,143.0,150.0,166.0,160.0,152.25,9.742518497116988
2020-11-16,BCAA,Amino Acid,408,124,186,30.89,41.19,0.23,5107.56,1276.89,Punjab,0,1,0,2,2020,11,47,4,321,150.0,143.0,150.0,166.0,141.75,12.284814474246916
2020-11-23,BCAA,Amino Acid,63,159,239,30.89,41.19,0.16,6549.21,1637.3,KP,1,1,0,1,2020,11,48,4,328,124.0,150.0,143.0,150.0,144.0,14.854853303438125
2020-11-30,BCAA,Amino Acid,163,157,236,30.89,41.19,0.03,6466.83,1616.71,Punjab,0,1,0,2,2020,11,49,4,335,159.0,124.0,150.0,143.0,147.5,16.134848413707928
2020-12-07,BCAA,Amino Acid,281,148,222,30.89,41.19,0.22,6096.12,1524.03,Sindh,0,1,0,3,2020,12,50,4,342,157.0,159.0,124.0,150.0,147.0,16.062378404209007
2020-12-14,BCAA,Amino Acid,125,153,230,30.89,41.19,0.04,6302.07,1575.52,KP,1,1,0,1,2020,12,51,4,349,148.0,157.0,159.0,124.0,154.25,4.8562674281111455
2020-12-21,BCAA,Amino Acid,394,154,231,30.89,41.19,0.13,6343.26,1585.82,KP,0,1,0,1,2020,12,52,4,356,153.0,148.0,157.0,159.0,153.0,3.741657386773927
2020-12-28,BCAA,Amino Acid,221,138,207,30.89,41.19,0.1,5684.22,1421.06,Sindh,1,1,0,3,2020,12,53,4,363,154.0,153.0,148.0,157.0,148.25,7.320063751999239
2021-01-04,BCAA,Amino Acid,391,154,231,30.89,41.19,0.13,6343.26,1585.82,KP,1,1,0,1,2021,1,1,1,4,138.0,154.0,153.0,148.0,149.75,7.8475049113290245
2021-01-11,BCAA,Amino Acid,56,152,228,30.89,41.19,0.21,6260.88,1565.22,Sindh,0,1,0,3,2021,1,2,1,11,154.0,138.0,154.0,153.0,149.5,7.724420150837634
2021-01-18,BCAA,Amino Acid,461,138,207,30.89,41.19,0.06,5684.22,1421.06,Balochistan,1,1,0,0,2021,1,3,1,18,152.0,154.0,138.0,154.0,145.5,8.698658900466583
2021-01-25,BCAA,Amino Acid,250,149,224,30.89,41.19,0.11,6137.31,1534.33,Balochistan,1,1,0,0,2021,1,4,1,25,138.0,152.0,154.0,138.0,148.25,7.135591542869203
2021-02-01,BCAA,Amino Acid,84,162,243,30.89,41.19,0.21,6672.78,1668.2,Punjab,0,1,0,2,2021,2,5,1,32,149.0,138.0,152.0,154.0,150.25,9.878427675158287
2021-02-08,BCAA,Amino Acid,134,153,230,30.89,41.19,0.09,6302.07,1575.52,Punjab,1,1,0,2,2021,2,6,1,39,162.0,149.0,138.0,152.0,150.5,9.94987437106619
2021-02-15,BCAA,Amino Acid,416,151,227,30.89,41.19,0.22,6219.69,1554.92,KP,0,1,0,1,2021,2,7,1,46,153.0,162.0,149.0,138.0,153.75,5.737304826019488
2021-02-22,BCAA,Amino Acid,88,136,204,30.89,41.19,0.2,5601.84,1400.46,Sindh,1,1,0,3,2021,2,8,1,53,151.0,153.0,162.0,149.0,150.5,10.785793124908952
2021-03-01,BCAA,Amino Acid,289,173,260,30.89,41.19,0.0,7125.87,1781.47,Balochistan,0,1,0,0,2021,3,9,1,60,136.0,151.0,153.0,162.0,153.25,15.195942440884231
2021-03-08,BCAA,Amino Acid,219,149,224,30.89,41.19,0.12,6137.31,1534.33,Balochistan,1,1,0,0,2021,3,10,1,67,173.0,136.0,151.0,153.0,152.25,15.348724159790391
2021-03-15,BCAA,Amino Acid,477,166,249,30.89,41.19,0.09,6837.54,1709.39,Punjab,1,1,0,2,2021,3,11,1,74,149.0,173.0,136.0,151.0,156.0,16.713268182295565
2021-03-22,BCAA,Amino Acid,484,120,180,30.89,41.19,0.0,4942.8,1235.7,Punjab,0,1,0,2,2021,3,12,1,81,166.0,149.0,173.0,136.0,152.0,23.593784492248513
2021-03-29,BCAA,Amino Acid,299,150,225,30.89,41.19,0.2,6178.5,1544.63,Punjab,0,1,0,2,2021,3,13,1,88,120.0,166.0,149.0,173.0,146.25,19.15506895489198
2021-04-05,BCAA,Amino Acid,97,138,207,30.89,41.19,0.2,5684.22,1421.06,Balochistan,0,1,0,0,2021,4,14,2,95,150.0,120.0,166.0,149.0,143.5,19.416487838947596
2021-04-12,BCAA,Amino Acid,132,149,224,30.89,41.19,0.08,6137.31,1534.33,Balochistan,0,1,0,0,2021,4,15,2,102,138.0,150.0,120.0,166.0,139.25,13.937359864766352
2021-04-19,BCAA,Amino Acid,453,156,234,30.89,41.19,0.05,6425.64,1606.41,KP,0,1,0,1,2021,4,16,2,109,149.0,138.0,150.0,120.0,148.25,7.500000000000001
2021-04-26,BCAA,Amino Acid,475,133,200,30.89,41.19,0.07,5478.27,1369.57,KP,0,1,0,1,2021,4,17,2,116,156.0,149.0,138.0,150.0,144.0,10.42433051407459
2021-05-03,BCAA,Amino Acid,123,137,206,30.89,41.19,0.08,5643.03,1410.76,KP,0,1,0,1,2021,5,18,2,123,133.0,156.0,149.0,138.0,143.75,10.626225419530051
2021-05-10,BCAA,Amino Acid,101,143,215,30.89,41.19,0.02,5890.17,1472.54,KP,0,1,0,1,2021,5,19,2,130,137.0,133.0,156.0,149.0,142.25,10.045728777279756
2021-05-17,BCAA,Amino Acid,109,158,237,30.89,41.19,0.06,6508.02,1627.01,KP,1,1,0,1,2021,5,20,2,137,143.0,137.0,133.0,156.0,142.75,10.965856099730653
2021-05-24,BCAA,Amino Acid,97,157,236,30.89,41.19,0.12,6466.83,1616.71,Sindh,1,1,0,3,2021,5,21,2,144,158.0,143.0,137.0,133.0,148.75,10.404326023342405
2021-05-31,BCAA,Amino Acid,245,144,216,30.89,41.19,0.13,5931.36,1482.84,Sindh,1,1,0,3,2021,5,22,2,151,157.0,158.0,143.0,137.0,150.5,8.103497187428811
2021-06-07,BCAA,Amino Acid,421,164,246,30.89,41.19,0.06,6755.16,1688.79,Balochistan,1,1,0,0,2021,6,23,2,158,144.0,157.0,158.0,143.0,155.75,8.421203397773185
2021-06-14,BCAA,Amino Acid,68,160,240,30.89,41.19,0.24,6590.4,1647.6,Sindh,0,1,0,3,2021,6,24,2,165,164.0,144.0,157.0,158.0,156.25,8.655441448399188
2021-06-21,BCAA,Amino Acid,448,139,209,30.89,41.19,0.17,5725.41,1431.35,Balochistan,0,1,0,0,2021,6,25,2,172,160.0,164.0,144.0,157.0,151.75,12.120918557051139
2021-06-28,BCAA,Amino Acid,153,147,221,30.89,41.19,0.08,6054.93,1513.73,Punjab,1,1,0,2,2021,6,26,2,179,139.0,160.0,164.0,144.0,152.5,11.561430130683082
2021-07-05,BCAA,Amino Acid,188,148,222,30.89,41.19,0.11,6096.12,1524.03,KP,1,1,0,1,2021,7,27,3,186,147.0,139.0,160.0,164.0,148.5,8.660254037844382
2021-07-12,BCAA,Amino Acid,449,161,242,30.89,41.19,0.17,6631.59,1657.9,Balochistan,1,1,0,0,2021,7,28,3,193,148.0,147.0,139.0,160.0,148.75,9.105858919765152
2021-07-19,BCAA,Amino Acid,446,161,242,30.89,41.19,0.03,6631.59,1657.9,Sindh,1,1,0,3,2021,7,29,3,200,161.0,148.0,147.0,139.0,154.25,7.8049129826453925
2021-07-26,BCAA,Amino Acid,119,132,198,30.89,41.19,0.24,5437.08,1359.27,Punjab,0,1,0,2,2021,7,30,3,207,161.0,161.0,148.0,147.0,150.5,13.77195217340906
2021-08-02,BCAA,Amino Acid,374,140,210,30.89,41.19,0.19,5766.6,1441.65,KP,1,1,0,1,2021,8,31,3,214,132.0,161.0,161.0,148.0,148.5,14.798648586948739
2021-08-09,BCAA,Amino Acid,476,159,239,30.89,41.19,0.22,6549.21,1637.3,Punjab,0,1,0,2,2021,8,32,3,221,140.0,132.0,161.0,161.0,148.0,14.259499757471621
2021-08-16,BCAA,Amino Acid,404,133,200,30.89,41.19,0.09,5478.27,1369.57,KP,1,1,0,1,2021,8,33,3,228,159.0,140.0,132.0,161.0,141.0,12.516655570345717
2021-08-23,BCAA,Amino Acid,252,143,215,30.89,41.19,0.15,5890.17,1472.54,Balochistan,0,1,0,0,2021,8,34,3,235,133.0,159.0,140.0,132.0,143.75,10.996211468804448
2021-08-30,BCAA,Amino Acid,296,158,237,30.89,41.19,0.18,6508.02,1627.01,Sindh,1,1,0,3,2021,8,35,3,242,143.0,133.0,159.0,140.0,148.25,12.526638282742361
2021-09-06,BCAA,Amino Acid,429,168,252,30.89,41.19,0.1,6919.92,1729.98,Sindh,0,1,0,3,2021,9,36,3,249,158.0,143.0,133.0,159.0,150.5,15.54563175514802
2021-09-13,BCAA,Amino Acid,428,146,219,30.89,41.19,0.13,6013.74,1503.44,Sindh,1,1,0,3,2021,9,37,3,256,168.0,158.0,143.0,133.0,153.75,11.499999999999991
2021-09-20,BCAA,Amino Acid,186,169,254,30.89,41.19,0.24,6961.11,1740.28,Punjab,0,1,0,2,2021,9,38,3,263,146.0,168.0,158.0,143.0,160.25,10.719919153923989
2021-09-27,BCAA,Amino Acid,496,142,213,30.89,41.19,0.14,5848.98,1462.25,KP,0,1,0,1,2021,9,39,3,270,169.0,146.0,168.0,158.0,156.25,14.24488212189439
2021-10-04,BCAA,Amino Acid,325,149,224,30.89,41.19,0.23,6137.31,1534.33,Balochistan,1,1,0,0,2021,10,40,4,277,142.0,169.0,146.0,168.0,151.5,12.013880860626726
2021-10-11,BCAA,Amino Acid,136,132,198,30.89,41.19,0.12,5437.08,1359.27,KP,1,1,0,1,2021,10,41,4,284,149.0,142.0,169.0,146.0,148.0,15.641824275533418
2021-10-18,BCAA,Amino Acid,255,166,249,30.89,41.19,0.04,6837.54,1709.39,Balochistan,0,1,0,0,2021,10,42,4,291,132.0,149.0,142.0,169.0,147.25,14.314910641239313
2021-10-25,BCAA,Amino Acid,54,139,209,30.89,41.19,0.05,5725.41,1431.35,KP,0,1,0,1,2021,10,43,4,298,166.0,132.0,149.0,142.0,146.5,14.753530650887146
2021-11-01,BCAA,Amino Acid,54,153,230,30.89,41.19,0.1,6302.07,1575.52,Punjab,1,1,0,2,2021,11,44,4,305,139.0,166.0,132.0,149.0,147.5,15.11070260885751
2021-11-08,BCAA,Amino Acid,398,152,228,30.89,41.19,0.09,6260.88,1565.22,Sindh,0,1,0,3,2021,11,45,4,312,153.0,139.0,166.0,132.0,152.5,11.03026140518286
2021-11-15,BCAA,Amino Acid,160,152,228,30.89,41.19,0.19,6260.88,1565.22,Balochistan,1,1,0,0,2021,11,46,4,319,152.0,153.0,139.0,166.0,149.0,6.683312551921132
2021-11-22,BCAA,Amino Acid,143,140,210,30.89,41.19,0.17,5766.6,1441.65,Balochistan,0,1,0,0,2021,11,47,4,326,152.0,152.0,153.0,139.0,149.25,6.1846584384264816
2021-11-29,BCAA,Amino Acid,301,140,210,30.89,41.19,0.2,5766.6,1441.65,Punjab,0,1,0,2,2021,11,48,4,333,140.0,152.0,152.0,153.0,146.0,6.928203230275501
2021-12-06,BCAA,Amino Acid,411,149,224,30.89,41.19,0.19,6137.31,1534.33,Balochistan,0,1,0,0,2021,12,49,4,340,140.0,140.0,152.0,152.0,145.25,6.1846584384264816
2021-12-13,BCAA,Amino Acid,166,140,210,30.89,41.19,0.12,5766.6,1441.65,Balochistan,0,1,0,0,2021,12,50,4,347,149.0,140.0,140.0,152.0,142.25,4.499999999999988
2021-12-20,BCAA,Amino Acid,137,163,245,30.89,41.19,0.1,6713.97,1678.49,Balochistan,0,1,0,0,2021,12,51,4,354,140.0,149.0,140.0,140.0,148.0,10.86278049120021
2021-12-27,BCAA,Amino Acid,303,143,215,30.89,41.19,0.11,5890.17,1472.54,KP,0,1,0,1,2021,12,52,4,361,163.0,140.0,149.0,140.0,148.75,10.210288928331064
2022-01-03,BCAA,Amino Acid,314,168,252,30.89,41.19,0.19,6919.92,1729.98,Punjab,0,1,0,2,2022,1,1,1,3,143.0,163.0,140.0,149.0,153.5,14.059397805975426
2022-01-10,BCAA,Amino Acid,84,139,209,30.89,41.19,0.0,5725.41,1431.35,KP,0,1,0,1,2022,1,2,1,10,168.0,143.0,163.0,140.0,153.25,14.384598244882149
2022-01-17,BCAA,Amino Acid,398,155,233,30.89,41.19,0.08,6384.45,1596.11,Punjab,1,1,0,2,2022,1,3,1,17,139.0,168.0,143.0,163.0,151.25,13.073510112692253
2022-01-24,BCAA,Amino Acid,457,142,213,30.89,41.19,0.15,5848.98,1462.25,KP,1,1,0,1,2022,1,4,1,24,155.0,139.0,168.0,143.0,151.0,13.291601358251254
2022-01-31,BCAA,Amino Acid,302,166,249,30.89,41.19,0.05,6837.54,1709.39,Balochistan,1,1,0,0,2022,1,5,1,31,142.0,155.0,139.0,168.0,150.5,12.44989959798873
2022-02-07,BCAA,Amino Acid,130,172,258,30.89,41.19,0.1,7084.68,1771.17,KP,0,1,0,1,2022,2,6,1,38,166.0,142.0,155.0,139.0,158.75,13.20037878244408
2022-02-14,BCAA,Amino Acid,135,163,245,30.89,41.19,0.07,6713.97,1678.49,KP,1,1,0,1,2022,2,7,1,45,172.0,166.0,142.0,155.0,160.75,13.047988350699883
2022-02-21,BCAA,Amino Acid,175,156,234,30.89,41.19,0.15,6425.64,1606.41,Punjab,0,1,0,2,2022,2,8,1,52,163.0,172.0,166.0,142.0,164.25,6.6520673478250245
2022-02-28,BCAA,Amino Acid,442,141,212,30.89,41.19,0.14,5807.79,1451.95,Punjab,1,1,0,2,2022,2,9,1,59,156.0,163.0,172.0,166.0,158.0,13.0894359440479
2022-03-07,BCAA,Amino Acid,423,153,230,30.89,41.19,0.03,6302.07,1575.52,Sindh,0,1,0,3,2022,3,10,1,66,141.0,156.0,163.0,172.0,153.25,9.178779875342899
2022-03-14,BCAA,Amino Acid,199,161,242,30.89,41.19,0.06,6631.59,1657.9,Punjab,1,1,0,2,2022,3,11,1,73,153.0,141.0,156.0,163.0,152.75,8.49999999999999
2022-03-21,BCAA,Amino Acid,185,164,246,30.89,41.19,0.24,6755.16,1688.79,KP,1,1,0,1,2022,3,12,1,80,161.0,153.0,141.0,156.0,154.75,10.275375094532228
2022-03-28,BCAA,Amino Acid,185,146,219,30.89,41.19,0.05,6013.74,1503.44,Balochistan,0,1,0,0,2022,3,13,1,87,164.0,161.0,153.0,141.0,156.0,8.12403840463595
2022-04-04,BCAA,Amino Acid,167,144,216,30.89,41.19,0.23,5931.36,1482.84,Punjab,0,1,0,2,2022,4,14,2,94,146.0,164.0,161.0,153.0,153.75,10.21028892833106
2022-04-11,BCAA,Amino Acid,200,152,228,30.89,41.19,0.17,6260.88,1565.22,Balochistan,1,1,0,0,2022,4,15,2,101,144.0,146.0,164.0,161.0,151.5,8.999999999999993
2022-04-18,BCAA,Amino Acid,52,154,231,30.89,41.19,0.2,6343.26,1585.82,KP,0,1,0,1,2022,4,16,2,108,152.0,144.0,146.0,164.0,149.0,4.760952285695223
2022-04-25,BCAA,Amino Acid,258,143,215,30.89,41.19,0.04,5890.17,1472.54,KP,1,1,0,1,2022,4,17,2,115,154.0,152.0,144.0,146.0,148.25,5.560275772537416
2022-05-02,BCAA,Amino Acid,468,152,228,30.89,41.19,0.14,6260.88,1565.22,Balochistan,0,1,0,0,2022,5,18,2,122,143.0,154.0,152.0,144.0,150.25,4.924428900898044
2022-05-09,BCAA,Amino Acid,142,137,206,30.89,41.19,0.01,5643.03,1410.76,Sindh,1,1,0,3,2022,5,19,2,129,152.0,143.0,154.0,152.0,146.5,7.937253933193765
2022-05-16,BCAA,Amino Acid,368,141,212,30.89,41.19,0.03,5807.79,1451.95,Sindh,0,1,0,3,2022,5,20,2,136,137.0,152.0,143.0,154.0,143.25,6.344288770224751
2022-05-23,BCAA,Amino Acid,365,187,281,30.89,41.19,0.05,7702.53,1925.63,Punjab,1,1,0,2,2022,5,21,2,143,141.0,137.0,152.0,143.0,154.25,22.73580143005006
2022-05-30,BCAA,Amino Acid,380,127,191,30.89,41.19,0.24,5231.13,1307.78,Punjab,0,1,0,2,2022,5,22,2,150,187.0,141.0,137.0,152.0,148.0,26.658332030842935
2022-06-06,BCAA,Amino Acid,70,161,242,30.89,41.19,0.08,6631.59,1657.9,Balochistan,0,1,0,0,2022,6,23,2,157,127.0,187.0,141.0,137.0,154.0,26.051231576773226
2022-06-13,BCAA,Amino Acid,269,133,200,30.89,41.19,0.01,5478.27,1369.57,Punjab,0,1,0,2,2022,6,24,2,164,161.0,127.0,187.0,141.0,152.0,27.6405499221705
2022-06-20,BCAA,Amino Acid,410,140,210,30.89,41.19,0.13,5766.6,1441.65,Sindh,0,1,0,3,2022,6,25,2,171,133.0,161.0,127.0,187.0,140.25,14.81834448693015
2022-06-27,BCAA,Amino Acid,160,149,224,30.89,41.19,0.23,6137.31,1534.33,Punjab,1,1,0,2,2022,6,26,2,178,140.0,133.0,161.0,127.0,145.75,12.093386622447818
2022-07-04,BCAA,Amino Acid,413,154,231,30.89,41.19,0.19,6343.26,1585.82,KP,1,1,0,1,2022,7,27,3,185,149.0,140.0,133.0,161.0,144.0,9.345230512584116
2022-07-11,BCAA,Amino Acid,193,153,230,30.89,41.19,0.2,6302.07,1575.52,KP,0,1,0,1,2022,7,28,3,192,154.0,149.0,140.0,133.0,149.0,6.377042156569655
2022-07-18,BCAA,Amino Acid,136,151,227,30.89,41.19,0.1,6219.69,1554.92,KP,1,1,0,1,2022,7,29,3,199,153.0,154.0,149.0,140.0,151.75,2.2173557826083217
2022-07-25,BCAA,Amino Acid,82,137,206,30.89,41.19,0.06,5643.03,1410.76,Sindh,1,1,0,3,2022,7,30,3,206,151.0,153.0,154.0,149.0,148.75,7.932002689527187
2022-08-01,BCAA,Amino Acid,72,131,197,30.89,41.19,0.1,5395.89,1348.97,Sindh,0,1,0,3,2022,8,31,3,213,137.0,151.0,153.0,154.0,143.0,10.708252269472668
2022-08-08,BCAA,Amino Acid,118,149,224,30.89,41.19,0.08,6137.31,1534.33,Punjab,1,1,0,2,2022,8,32,3,220,131.0,137.0,151.0,153.0,142.0,9.591663046625431
2022-08-15,BCAA,Amino Acid,478,182,273,30.89,41.19,0.13,7496.58,1874.15,KP,1,1,0,1,2022,8,33,3,227,149.0,131.0,137.0,151.0,149.75,22.76510487566442
2022-08-22,BCAA,Amino Acid,419,135,203,30.89,41.19,0.02,5560.65,1390.16,Sindh,1,1,0,3,2022,8,34,3,234,182.0,149.0,131.0,137.0,149.25,23.15707235381882
2022-08-29,BCAA,Amino Acid,94,131,197,30.89,41.19,0.06,5395.89,1348.97,Balochistan,1,1,0,0,2022,8,35,3,241,135.0,182.0,149.0,131.0,149.25,23.15707235381882
2022-09-05,BCAA,Amino Acid,440,156,234,30.89,41.19,0.05,6425.64,1606.41,Balochistan,1,1,0,0,2022,9,36,3,248,131.0,135.0,182.0,149.0,151.0,23.395156193822114
2022-09-12,BCAA,Amino Acid,469,140,210,30.89,41.19,0.12,5766.6,1441.65,Punjab,0,1,0,2,2022,9,37,3,255,156.0,131.0,135.0,182.0,140.5,10.969655114602876
2022-09-19,BCAA,Amino Acid,449,139,209,30.89,41.19,0.06,5725.41,1431.35,KP,0,1,0,1,2022,9,38,3,262,140.0,156.0,131.0,135.0,141.5,10.472185381603325
2022-09-26,BCAA,Amino Acid,282,154,231,30.89,41.19,0.12,6343.26,1585.82,Punjab,1,1,0,2,2022,9,39,3,269,139.0,140.0,156.0,131.0,147.25,8.995369179009074
2022-10-03,BCAA,Amino Acid,296,159,239,30.89,41.19,0.23,6549.21,1637.3,Balochistan,0,1,0,0,2022,10,40,4,276,154.0,139.0,140.0,156.0,148.0,10.033277962194926
2022-10-10,BCAA,Amino Acid,334,171,257,30.89,41.19,0.13,7043.49,1760.87,Punjab,0,1,0,2,2022,10,41,4,283,159.0,154.0,139.0,140.0,155.75,13.25078614020063
2022-10-17,BCAA,Amino Acid,257,158,237,30.89,41.19,0.17,6508.02,1627.01,Punjab,1,1,0,2,2022,10,42,4,290,171.0,159.0,154.0,139.0,160.5,7.325753658611952
2022-10-24,BCAA,Amino Acid,319,153,230,30.89,41.19,0.02,6302.07,1575.52,KP,1,1,0,1,2022,10,43,4,297,158.0,171.0,159.0,154.0,160.25,7.632168761236857
2022-10-31,BCAA,Amino Acid,217,143,215,30.89,41.19,0.04,5890.17,1472.54,KP,1,1,0,1,2022,10,44,4,304,153.0,158.0,171.0,159.0,156.25,11.644025649805698
2022-11-07,BCAA,Amino Acid,339,147,221,30.89,41.19,0.22,6054.93,1513.73,Balochistan,0,1,0,0,2022,11,45,4,311,143.0,153.0,158.0,171.0,150.25,6.601767440112768
2022-11-14,BCAA,Amino Acid,471,146,219,30.89,41.19,0.14,6013.74,1503.44,KP,1,1,0,1,2022,11,46,4,318,147.0,143.0,153.0,158.0,147.25,4.193248541803009
2022-11-21,BCAA,Amino Acid,164,150,225,30.89,41.19,0.15,6178.5,1544.63,Sindh,1,1,0,3,2022,11,47,4,325,146.0,147.0,143.0,153.0,146.5,2.886751345948083
2022-11-28,BCAA,Amino Acid,268,167,251,30.89,41.19,0.19,6878.73,1719.68,Punjab,0,1,0,2,2022,11,48,4,332,150.0,146.0,147.0,143.0,152.5,9.814954576223627
2022-12-05,BCAA,Amino Acid,302,143,215,30.89,41.19,0.05,5890.17,1472.54,Balochistan,0,1,0,0,2022,12,49,4,339,167.0,150.0,146.0,147.0,151.5,10.723805294763599
2022-12-12,BCAA,Amino Acid,407,153,230,30.89,41.19,0.18,6302.07,1575.52,Punjab,1,1,0,2,2022,12,50,4,346,143.0,167.0,150.0,146.0,153.25,10.078855755160559
2022-12-19,BCAA,Amino Acid,90,147,221,30.89,41.19,0.05,6054.93,1513.73,Balochistan,0,1,0,0,2022,12,51,4,353,153.0,143.0,167.0,150.0,152.5,10.503967504392477
2022-12-26,BCAA,Amino Acid,94,135,203,30.89,41.19,0.15,5560.65,1390.16,KP,1,1,0,1,2022,12,52,4,360,147.0,153.0,143.0,167.0,144.5,7.549834435270731
2023-01-02,BCAA,Amino Acid,376,171,257,30.89,41.19,0.1,7043.49,1760.87,Balochistan,0,1,0,0,2023,1,1,1,2,135.0,147.0,153.0,143.0,151.5,14.99999999999999
2023-01-09,BCAA,Amino Acid,285,163,245,30.89,41.19,0.01,6713.97,1678.49,Punjab,1,1,0,2,2023,1,2,1,9,171.0,135.0,147.0,153.0,154.0,16.12451549659709
2023-01-16,BCAA,Amino Acid,209,138,207,30.89,41.19,0.2,5684.22,1421.06,Punjab,1,1,0,2,2023,1,3,1,16,163.0,171.0,135.0,147.0,151.75,17.951323071016233
2023-01-23,BCAA,Amino Acid,142,168,252,30.89,41.19,0.09,6919.92,1729.98,KP,0,1,0,1,2023,1,4,1,23,138.0,163.0,171.0,135.0,160.0,15.033296378372897
2023-01-30,BCAA,Amino Acid,212,146,219,30.89,41.19,0.17,6013.74,1503.44,Sindh,0,1,0,3,2023,1,5,1,30,168.0,138.0,163.0,171.0,153.75,14.103781998693343
2023-02-06,BCAA,Amino Acid,407,150,225,30.89,41.19,0.22,6178.5,1544.63,Punjab,1,1,0,2,2023,2,6,1,37,146.0,168.0,138.0,163.0,150.5,12.688577540449508
2023-02-13,BCAA,Amino Acid,336,155,233,30.89,41.19,0.1,6384.45,1596.11,Punjab,1,1,0,2,2023,2,7,1,44,150.0,146.0,168.0,138.0,154.75,9.569918146637045
2023-02-20,BCAA,Amino Acid,198,144,216,30.89,41.19,0.22,5931.36,1482.84,Sindh,1,1,0,3,2023,2,8,1,51,155.0,150.0,146.0,168.0,148.75,4.8562674281111295
2023-02-27,BCAA,Amino Acid,415,152,228,30.89,41.19,0.02,6260.88,1565.22,Balochistan,0,1,0,0,2023,2,9,1,58,144.0,155.0,150.0,146.0,150.25,4.645786621588759
2023-03-06,BCAA,Amino Acid,72,139,209,30.89,41.19,0.03,5725.41,1431.35,Sindh,1,1,0,3,2023,3,10,1,65,152.0,144.0,155.0,150.0,147.5,7.325753658611956
2023-03-13,BCAA,Amino Acid,399,139,209,30.89,41.19,0.08,5725.41,1431.35,Sindh,0,1,0,3,2023,3,11,1,72,139.0,152.0,144.0,155.0,143.5,6.137317546507306
2023-03-20,BCAA,Amino Acid,143,161,242,30.89,41.19,0.17,6631.59,1657.9,KP,1,1,0,1,2023,3,12,1,79,139.0,139.0,152.0,144.0,147.75,10.75096894858008
2023-03-27,BCAA,Amino Acid,249,151,227,30.89,41.19,0.21,6219.69,1554.92,KP,0,1,0,1,2023,3,13,1,86,161.0,139.0,139.0,152.0,147.5,10.630145812734638
2023-04-03,BCAA,Amino Acid,182,132,198,30.89,41.19,0.09,5437.08,1359.27,Balochistan,0,1,0,0,2023,4,14,2,93,151.0,161.0,139.0,139.0,145.75,12.84198842339715
2023-04-10,BCAA,Amino Acid,340,138,207,30.89,41.19,0.1,5684.22,1421.06,Balochistan,1,1,0,0,2023,4,15,2,100,132.0,151.0,161.0,139.0,145.5,13.025615788386606
2023-04-17,BCAA,Amino Acid,396,174,261,30.89,41.19,0.19,7167.06,1791.77,Balochistan,0,1,0,0,2023,4,16,2,107,138.0,132.0,151.0,161.0,148.75,18.60779406592839
2023-04-24,BCAA,Amino Acid,229,146,219,30.89,41.19,0.18,6013.74,1503.44,Balochistan,1,1,0,0,2023,4,17,2,114,174.0,138.0,132.0,151.0,147.5,18.574175621006702
2023-05-01,BCAA,Amino Acid,60,167,251,30.89,41.19,0.15,6878.73,1719.68,Sindh,1,1,0,3,2023,5,18,2,121,146.0,174.0,138.0,132.0,156.25,17.01714821388511
2023-05-08,BCAA,Amino Acid,344,162,243,30.89,41.19,0.16,6672.78,1668.2,Balochistan,0,1,0,0,2023,5,19,2,128,167.0,146.0,174.0,138.0,162.25,11.89887949906768
2023-05-15,BCAA,Amino Acid,243,140,210,30.89,41.19,0.14,5766.6,1441.65,Punjab,1,1,0,2,2023,5,20,2,135,162.0,167.0,146.0,174.0,153.75,12.816005617976291
2023-05-22,BCAA,Amino Acid,365,168,252,30.89,41.19,0.14,6919.92,1729.98,Sindh,1,1,0,3,2023,5,21,2,142,140.0,162.0,167.0,146.0,159.25,13.098982148752366
2023-05-29,BCAA,Amino Acid,332,148,222,30.89,41.19,0.2,6096.12,1524.03,Sindh,1,1,0,3,2023,5,22,2,149,168.0,140.0,162.0,167.0,154.5,12.793227374930316
2023-06-05,BCAA,Amino Acid,85,133,200,30.89,41.19,0.02,5478.27,1369.57,Sindh,1,1,0,3,2023,6,23,2,156,148.0,168.0,140.0,162.0,147.25,15.129992289048479
2023-06-12,BCAA,Amino Acid,277,162,243,30.89,41.19,0.13,6672.78,1668.2,Punjab,1,1,0,2,2023,6,24,2,163,133.0,148.0,168.0,140.0,152.75,15.607156478145953
2023-06-19,BCAA,Amino Acid,69,155,233,30.89,41.19,0.16,6384.45,1596.11,Balochistan,0,1,0,0,2023,6,25,2,170,162.0,133.0,148.0,168.0,149.5,12.396235987858027
2023-06-26,BCAA,Amino Acid,252,147,221,30.89,41.19,0.02,6054.93,1513.73,Balochistan,1,1,0,0,2023,6,26,2,177,155.0,162.0,133.0,148.0,149.25,12.446552400832388
2023-07-03,BCAA,Amino Acid,357,139,209,30.89,41.19,0.1,5725.41,1431.35,Balochistan,0,1,0,0,2023,7,27,3,184,147.0,155.0,162.0,133.0,150.75,9.945685831890453
2023-07-10,BCAA,Amino Acid,369,138,207,30.89,41.19,0.18,5684.22,1421.06,Punjab,0,1,0,2,2023,7,28,3,191,139.0,147.0,155.0,162.0,144.75,7.932002689527184
2023-07-17,BCAA,Amino Acid,401,147,221,30.89,41.19,0.14,6054.93,1513.73,Sindh,1,1,0,3,2023,7,29,3,198,138.0,139.0,147.0,155.0,142.75,4.924428900898035
2023-07-24,BCAA,Amino Acid,76,169,254,30.89,41.19,0.03,6961.11,1740.28,Punjab,1,1,0,2,2023,7,30,3,205,147.0,138.0,139.0,147.0,148.25,14.407752542757427
2023-07-31,BCAA,Amino Acid,115,152,228,30.89,41.19,0.01,6260.88,1565.22,Punjab,1,1,0,2,2023,7,31,3,212,169.0,147.0,138.0,139.0,151.5,13.025615788386606
2023-08-07,BCAA,Amino Acid,250,131,197,30.89,41.19,0.22,5395.89,1348.97,Balochistan,0,1,0,0,2023,8,32,3,219,152.0,169.0,147.0,138.0,149.75,15.649813630413188
2023-08-14,BCAA,Amino Acid,169,154,231,30.89,41.19,0.24,6343.26,1585.82,Punjab,1,1,0,2,2023,8,33,3,226,131.0,152.0,169.0,147.0,151.5,15.6311654502578
2023-08-21,BCAA,Amino Acid,56,156,234,30.89,41.19,0.08,6425.64,1606.41,Punjab,0,1,0,2,2023,8,34,3,233,154.0,131.0,152.0,169.0,148.25,11.615363389350605
2023-08-28,BCAA,Amino Acid,173,146,219,30.89,41.19,0.01,6013.74,1503.44,Balochistan,0,1,0,0,2023,8,35,3,240,156.0,154.0,131.0,152.0,146.75,11.35414755350072
2023-09-04,BCAA,Amino Acid,92,162,243,30.89,41.19,0.03,6672.78,1668.2,Balochistan,0,1,0,0,2023,9,36,3,247,146.0,156.0,154.0,131.0,154.5,6.608075867199649
2023-09-11,BCAA,Amino Acid,254,150,225,30.89,41.19,0.22,6178.5,1544.63,Sindh,0,1,0,3,2023,9,37,3,254,162.0,146.0,156.0,154.0,153.5,6.999999999999981
2023-09-18,BCAA,Amino Acid,317,165,248,30.89,41.19,0.18,6796.35,1699.09,Sindh,0,1,0,3,2023,9,38,3,261,150.0,162.0,146.0,156.0,155.75,9.178779875342897
2023-09-25,BCAA,Amino Acid,379,156,234,30.89,41.19,0.12,6425.64,1606.41,KP,1,1,0,1,2023,9,39,3,268,165.0,150.0,162.0,146.0,158.25,6.6520673478250165
2023-10-02,BCAA,Amino Acid,257,148,222,30.89,41.19,0.09,6096.12,1524.03,Punjab,0,1,0,2,2023,10,40,4,275,156.0,165.0,150.0,162.0,154.75,7.632168761236858
2023-10-09,BCAA,Amino Acid,237,153,230,30.89,41.19,0.22,6302.07,1575.52,Punjab,0,1,0,2,2023,10,41,4,282,148.0,156.0,165.0,150.0,155.5,7.141428428542833
2023-10-16,BCAA,Amino Acid,441,155,233,30.89,41.19,0.03,6384.45,1596.11,Sindh,0,1,0,3,2023,10,42,4,289,153.0,148.0,156.0,165.0,153.0,3.559026084010406
2023-10-23,BCAA,Amino Acid,282,162,243,30.89,41.19,0.21,6672.78,1668.2,Punjab,0,1,0,2,2023,10,43,4,296,155.0,153.0,148.0,156.0,154.5,5.8022983951763845
2023-10-30,BCAA,Amino Acid,171,165,248,30.89,41.19,0.13,6796.35,1699.09,KP,1,1,0,1,2023,10,44,4,303,162.0,155.0,153.0,148.0,158.75,5.678908345800258
2023-11-06,BCAA,Amino Acid,121,134,201,30.89,41.19,0.24,5519.46,1379.87,Sindh,0,1,0,3,2023,11,45,4,310,165.0,162.0,155.0,153.0,154.0,13.976170195491077
2023-11-13,BCAA,Amino Acid,446,149,224,30.89,41.19,0.21,6137.31,1534.33,Punjab,1,1,0,2,2023,11,46,4,317,134.0,165.0,162.0,155.0,152.5,14.153915830374753
2023-11-20,BCAA,Amino Acid,392,135,203,30.89,41.19,0.1,5560.65,1390.16,Punjab,1,1,0,2,2023,11,47,4,324,149.0,134.0,165.0,162.0,145.75,14.545904349105735
2023-11-27,BCAA,Amino Acid,114,149,224,30.89,41.19,0.23,6137.31,1534.33,KP,0,1,0,1,2023,11,48,4,331,135.0,149.0,134.0,165.0,141.75,8.381527307120095
2023-12-04,BCAA,Amino Acid,356,148,222,30.89,41.19,0.2,6096.12,1524.03,KP,0,1,0,1,2023,12,49,4,338,149.0,135.0,149.0,134.0,145.25,6.84957419601149
2023-12-11,BCAA,Amino Acid,270,147,221,30.89,41.19,0.04,6054.93,1513.73,KP,1,1,0,1,2023,12,50,4,345,148.0,149.0,135.0,149.0,144.75,6.551081335677832
2023-12-18,BCAA,Amino Acid,489,161,242,30.89,41.19,0.05,6631.59,1657.9,Balochistan,1,1,0,0,2023,12,51,4,352,147.0,148.0,149.0,135.0,151.25,6.551081335677832
2023-12-25,BCAA,Amino Acid,443,148,222,30.89,41.19,0.23,6096.12,1524.03,KP,0,1,0,1,2023,12,52,4,359,161.0,147.0,148.0,149.0,151.0,6.683312551921125
2024-01-01,BCAA,Amino Acid,352,157,236,30.89,41.19,0.06,6466.83,1616.71,Balochistan,1,1,0,0,2024,1,1,1,1,148.0,161.0,147.0,148.0,153.25,6.84957419601149
2024-01-08,BCAA,Amino Acid,155,147,221,30.89,41.19,0.05,6054.93,1513.73,Sindh,0,1,0,3,2024,1,2,1,8,157.0,148.0,161.0,147.0,153.25,6.84957419601149
2024-01-15,BCAA,Amino Acid,142,141,212,30.89,41.19,0.02,5807.79,1451.95,Balochistan,1,1,0,0,2024,1,3,1,15,147.0,157.0,148.0,161.0,148.25,6.601767440112766
2024-01-22,BCAA,Amino Acid,261,131,197,30.89,41.19,0.22,5395.89,1348.97,Sindh,1,1,0,3,2024,1,4,1,22,141.0,147.0,157.0,148.0,144.0,10.89342309224545
2024-01-29,BCAA,Amino Acid,273,140,210,30.89,41.19,0.07,5766.6,1441.65,Balochistan,1,1,0,0,2024,1,5,1,29,131.0,141.0,147.0,157.0,139.75,6.601767440112766
2024-02-05,BCAA,Amino Acid,255,151,227,30.89,41.19,0.12,6219.69,1554.92,Balochistan,0,1,0,0,2024,2,6,1,36,140.0,131.0,141.0,147.0,140.75,8.180260794538667
2024-02-12,BCAA,Amino Acid,85,132,198,30.89,41.19,0.18,5437.08,1359.27,Balochistan,0,1,0,0,2024,2,7,1,43,151.0,140.0,131.0,141.0,138.5,9.255628917943197
2024-02-19,BCAA,Amino Acid,261,163,245,30.89,41.19,0.14,6713.97,1678.49,Punjab,1,1,0,2,2024,2,8,1,50,132.0,151.0,140.0,131.0,146.5,13.478377746103808
2024-02-26,BCAA,Amino Acid,420,162,243,30.89,41.19,0.2,6672.78,1668.2,Sindh,0,1,0,3,2024,2,9,1,57,163.0,132.0,151.0,140.0,152.0,14.399074044303443
2024-03-04,BCAA,Amino Acid,247,169,254,30.89,41.19,0.05,6961.11,1740.28,Punjab,1,1,0,2,2024,3,10,1,64,162.0,163.0,132.0,151.0,156.5,16.623276853055568
2024-03-11,BCAA,Amino Acid,188,143,215,30.89,41.19,0.03,5890.17,1472.54,Punjab,0,1,0,2,2024,3,11,1,71,169.0,162.0,163.0,132.0,159.25,11.26572974408078
2024-03-18,BCAA,Amino Acid,293,156,234,30.89,41.19,0.02,6425.64,1606.41,Sindh,1,1,0,3,2024,3,12,1,78,143.0,169.0,162.0,163.0,157.5,11.030261405182852
2024-03-25,BCAA,Amino Acid,213,150,225,30.89,41.19,0.1,6178.5,1544.63,Punjab,1,1,0,2,2024,3,13,1,85,156.0,143.0,169.0,162.0,154.5,11.030261405182852
2024-04-01,BCAA,Amino Acid,430,155,233,30.89,41.19,0.07,6384.45,1596.11,KP,1,1,0,1,2024,4,14,2,92,150.0,156.0,143.0,169.0,151.0,5.944184833375642
2024-04-08,BCAA,Amino Acid,191,146,219,30.89,41.19,0.25,6013.74,1503.44,Balochistan,1,1,0,0,2024,4,15,2,99,155.0,150.0,156.0,143.0,151.75,4.64578662158875
2024-04-15,BCAA,Amino Acid,310,125,188,30.89,41.19,0.17,5148.75,1287.19,KP,0,1,0,1,2024,4,16,2,106,146.0,155.0,150.0,156.0,144.0,13.190905958272909
2024-04-22,BCAA,Amino Acid,436,153,230,30.89,41.19,0.23,6302.07,1575.52,KP,1,1,0,1,2024,4,17,2,113,125.0,146.0,155.0,150.0,144.75,13.720422734012233
2024-04-29,BCAA,Amino Acid,305,176,264,30.89,41.19,0.21,7249.44,1812.36,KP,0,1,0,1,2024,4,18,2,120,153.0,125.0,146.0,155.0,150.0,21.023796041628632
2024-05-06,BCAA,Amino Acid,91,138,207,30.89,41.19,0.18,5684.22,1421.06,Balochistan,0,1,0,0,2024,5,19,2,127,176.0,153.0,125.0,146.0,148.0,21.893682498230696
2024-05-13,BCAA,Amino Acid,245,162,243,30.89,41.19,0.08,6672.78,1668.2,Sindh,0,1,0,3,2024,5,20,2,134,138.0,176.0,153.0,125.0,157.25,15.945218719101968
2024-05-20,BCAA,Amino Acid,86,158,237,30.89,41.19,0.1,6508.02,1627.01,Balochistan,0,1,0,0,2024,5,21,2,141,162.0,138.0,176.0,153.0,158.5,15.695009822658065
2024-05-27,BCAA,Amino Acid,232,143,215,30.89,41.19,0.2,5890.17,1472.54,KP,1,1,0,1,2024,5,22,2,148,158.0,162.0,138.0,176.0,150.25,11.55782563172386
2024-06-03,BCAA,Amino Acid,219,155,233,30.89,41.19,0.16,6384.45,1596.11,Sindh,0,1,0,3,2024,6,23,2,155,143.0,158.0,162.0,138.0,154.5,8.185352771872433
2024-06-10,BCAA,Amino Acid,106,153,230,30.89,41.19,0.0,6302.07,1575.52,Punjab,0,1,0,2,2024,6,24,2,162,155.0,143.0,158.0,162.0,152.25,6.499999999999977
2024-06-17,BCAA,Amino Acid,371,156,234,30.89,41.19,0.14,6425.64,1606.41,KP,1,1,0,1,2024,6,25,2,169,153.0,155.0,143.0,158.0,151.75,5.965176722724402
2024-06-24,BCAA,Amino Acid,156,136,204,30.89,41.19,0.24,5601.84,1400.46,Punjab,0,1,0,2,2024,6,26,2,176,156.0,153.0,155.0,143.0,150.0,9.416297927883672
2024-07-01,BCAA,Amino Acid,146,150,225,30.89,41.19,0.18,6178.5,1544.63,Sindh,1,1,0,3,2024,7,27,3,183,136.0,156.0,153.0,155.0,148.75,8.845903006477048
2024-07-08,BCAA,Amino Acid,464,139,209,30.89,41.19,0.08,5725.41,1431.35,Sindh,1,1,0,3,2024,7,28,3,190,150.0,136.0,156.0,153.0,145.25,9.358596760910956
2024-07-15,BCAA,Amino Acid,437,165,248,30.89,41.19,0.02,6796.35,1699.09,Balochistan,1,1,0,0,2024,7,29,3,197,139.0,150.0,136.0,156.0,147.5,13.1275791116768
2024-07-22,BCAA,Amino Acid,220,134,201,30.89,41.19,0.15,5519.46,1379.87,Balochistan,1,1,0,0,2024,7,30,3,204,165.0,139.0,150.0,136.0,147.0,13.735598518691
2024-07-29,BCAA,Amino Acid,259,146,219,30.89,41.19,0.18,6013.74,1503.44,Punjab,1,1,0,2,2024,7,31,3,211,134.0,165.0,139.0,150.0,146.0,13.589211407092996
2024-08-05,BCAA,Amino Acid,57,144,216,30.89,41.19,0.19,5931.36,1482.84,Punjab,1,1,0,2,2024,8,32,3,218,146.0,134.0,165.0,139.0,147.25,12.945398152754246
2024-08-12,BCAA,Amino Acid,209,160,240,30.89,41.19,0.13,6590.4,1647.6,Punjab,0,1,0,2,2024,8,33,3,225,144.0,146.0,134.0,165.0,146.0,10.708252269472663
2024-08-19,BCAA,Amino Acid,453,155,233,30.89,41.19,0.03,6384.45,1596.11,Balochistan,1,1,0,0,2024,8,34,3,232,160.0,144.0,146.0,134.0,151.25,7.544313531837501
2024-08-26,BCAA,Amino Acid,369,121,182,30.89,41.19,0.08,4983.99,1246.0,Balochistan,0,1,0,0,2024,8,35,3,239,155.0,160.0,144.0,146.0,145.0,17.339742404853265
2024-09-02,BCAA,Amino Acid,241,158,237,30.89,41.19,0.17,6508.02,1627.01,Punjab,1,1,0,2,2024,9,36,3,246,121.0,155.0,160.0,144.0,148.5,18.448125469362274
2024-09-09,BCAA,Amino Acid,485,156,234,30.89,41.19,0.08,6425.64,1606.41,Sindh,1,1,0,3,2024,9,37,3,253,158.0,121.0,155.0,160.0,147.5,17.710637105046967
2024-09-16,BCAA,Amino Acid,66,167,251,30.89,41.19,0.24,6878.73,1719.68,Sindh,0,1,0,3,2024,9,38,3,260,156.0,158.0,121.0,155.0,150.5,20.240223977680344
2024-09-23,BCAA,Amino Acid,460,144,216,30.89,41.19,0.21,5931.36,1482.84,Sindh,1,1,0,3,2024,9,39,3,267,167.0,156.0,158.0,121.0,156.25,9.464847243000436
2024-09-30,BCAA,Amino Acid,296,138,207,30.89,41.19,0.18,5684.22,1421.06,KP,1,1,0,1,2024,9,40,3,274,144.0,167.0,156.0,158.0,151.25,12.893796958227611
2024-10-07,BCAA,Amino Acid,414,150,225,30.89,41.19,0.22,6178.5,1544.63,Balochistan,0,1,0,0,2024,10,41,4,281,138.0,144.0,167.0,156.0,149.75,12.499999999999982
2024-10-14,BCAA,Amino Acid,433,161,242,30.89,41.19,0.2,6631.59,1657.9,Balochistan,0,1,0,0,2024,10,42,4,288,150.0,138.0,144.0,167.0,148.25,9.810708435174268
2024-10-21,BCAA,Amino Acid,318,157,236,30.89,41.19,0.17,6466.83,1616.71,Sindh,1,1,0,3,2024,10,43,4,295,161.0,150.0,138.0,144.0,151.5,10.082988974836095
2024-10-28,BCAA,Amino Acid,228,147,221,30.89,41.19,0.02,6054.93,1513.73,Balochistan,1,1,0,0,2024,10,44,4,302,157.0,161.0,150.0,138.0,153.75,6.396613687465129
2024-11-04,BCAA,Amino Acid,410,138,207,30.89,41.19,0.13,5684.22,1421.06,KP,0,1,0,1,2024,11,45,4,309,147.0,157.0,161.0,150.0,150.75,10.340051579497379
2024-11-11,BCAA,Amino Acid,128,152,228,30.89,41.19,0.02,6260.88,1565.22,Punjab,0,1,0,2,2024,11,46,4,316,138.0,147.0,157.0,161.0,148.5,8.103497187428786
2024-11-18,BCAA,Amino Acid,283,164,246,30.89,41.19,0.13,6755.16,1688.79,Balochistan,1,1,0,0,2024,11,47,4,323,152.0,138.0,147.0,157.0,150.25,10.843584893075395
2024-11-25,BCAA,Amino Acid,463,147,221,30.89,41.19,0.0,6054.93,1513.73,Punjab,0,1,0,2,2024,11,48,4,330,164.0,152.0,138.0,147.0,150.25,10.843584893075395
2024-12-02,BCAA,Amino Acid,59,132,198,30.89,41.19,0.05,5437.08,1359.27,Punjab,0,1,0,2,2024,12,49,4,337,147.0,164.0,152.0,138.0,148.75,13.250786140200624
2024-12-09,BCAA,Amino Acid,461,138,207,30.89,41.19,0.24,5684.22,1421.06,Punjab,0,1,0,2,2024,12,50,4,344,132.0,147.0,164.0,152.0,145.25,13.93735986476634
2024-12-16,BCAA,Amino Acid,420,158,237,30.89,41.19,0.17,6508.02,1627.01,Sindh,0,1,0,3,2024,12,51,4,351,138.0,132.0,147.0,164.0,143.75,11.324751652906105
2024-12-23,BCAA,Amino Acid,429,141,212,30.89,41.19,0.2,5807.79,1451.95,Sindh,0,1,0,3,2024,12,52,4,358,158.0,138.0,132.0,147.0,142.25,11.146748404803956
2024-12-30,BCAA,Amino Acid,482,143,215,30.89,41.19,0.15,5890.17,1472.54,Balochistan,1,1,0,0,2024,12,1,4,365,141.0,158.0,138.0,132.0,145.0,8.906926143924903
2025-01-06,BCAA,Amino Acid,113,156,234,30.89,41.19,0.12,6425.64,1606.41,Sindh,1,1,0,3,2025,1,2,1,6,143.0,141.0,158.0,138.0,149.5,8.736894948054077
2025-01-13,BCAA,Amino Acid,209,139,209,30.89,41.19,0.24,5725.41,1431.35,Punjab,1,1,0,2,2025,1,3,1,13,156.0,143.0,141.0,158.0,144.75,7.675719293112937
2025-01-20,BCAA,Amino Acid,477,159,239,30.89,41.19,0.03,6549.21,1637.3,KP,1,1,0,1,2025,1,4,1,20,139.0,156.0,143.0,141.0,149.25,9.742518497116963
2025-01-27,BCAA,Amino Acid,281,147,221,30.89,41.19,0.15,6054.93,1513.73,Sindh,0,1,0,3,2025,1,5,1,27,159.0,139.0,156.0,143.0,150.25,9.0691785736085
2025-02-03,BCAA,Amino Acid,389,146,219,30.89,41.19,0.23,6013.74,1503.44,Sindh,1,1,0,3,2025,2,6,1,34,147.0,159.0,139.0,156.0,147.75,8.301606270274819
2025-02-10,BCAA,Amino Acid,306,147,221,30.89,41.19,0.16,6054.93,1513.73,KP,0,1,0,1,2025,2,7,1,41,146.0,147.0,159.0,139.0,149.75,6.184658438426453
2025-02-17,BCAA,Amino Acid,277,140,210,30.89,41.19,0.04,5766.6,1441.65,Punjab,1,1,0,2,2025,2,8,1,48,147.0,146.0,147.0,159.0,145.0,3.366501646120617
2025-02-24,BCAA,Amino Acid,488,162,243,30.89,41.19,0.04,6672.78,1668.2,Punjab,0,1,0,2,2025,2,9,1,55,140.0,147.0,146.0,147.0,148.75,9.358596760910944
2025-03-03,BCAA,Amino Acid,376,159,239,30.89,41.19,0.18,6549.21,1637.3,KP,0,1,0,1,2025,3,10,1,62,162.0,140.0,147.0,146.0,152.0,10.295630140986974
2025-03-10,BCAA,Amino Acid,369,148,222,30.89,41.19,0.09,6096.12,1524.03,Sindh,0,1,0,3,2025,3,11,1,69,159.0,162.0,140.0,147.0,152.25,10.144785195688776
2025-03-17,BCAA,Amino Acid,156,163,245,30.89,41.19,0.01,6713.97,1678.49,Balochistan,0,1,0,0,2025,3,12,1,76,148.0,159.0,162.0,140.0,158.0,6.87992248018339
2025-03-24,BCAA,Amino Acid,232,143,215,30.89,41.19,0.21,5890.17,1472.54,Punjab,1,1,0,2,2025,3,13,1,83,163.0,148.0,159.0,162.0,153.25,9.322910847297965
2025-03-31,BCAA,Amino Acid,264,153,230,30.89,41.19,0.24,6302.07,1575.52,KP,1,1,0,1,2025,3,14,1,90,143.0,163.0,148.0,159.0,151.75,8.53912563829963
2020-02-03,Biotin,Vitamin,469,162,243,43.77,58.36,0.1,9454.32,2363.58,Punjab,0,2,9,2,2020,2,6,1,34,154.0,161.0,161.0,159.0,159.5,3.696845502136475
2020-02-10,Biotin,Vitamin,452,142,213,18.46,24.61,0.23,3494.62,873.66,Sindh,0,2,9,3,2020,2,7,1,41,162.0,154.0,161.0,161.0,154.75,9.215023964519391
2020-02-17,Biotin,Vitamin,142,139,209,7.71,10.28,0.0,1428.92,357.23,Balochistan,0,2,9,0,2020,2,8,1,48,142.0,162.0,154.0,161.0,149.25,10.688779163215973
2020-02-24,Biotin,Vitamin,124,143,215,24.24,32.32,0.2,4621.76,1155.44,KP,1,2,9,1,2020,2,9,1,55,139.0,142.0,162.0,154.0,146.5,10.472185381603337
2020-03-02,Biotin,Vitamin,444,154,231,30.77,41.03,0.05,6318.62,1579.66,Balochistan,0,2,9,0,2020,3,10,1,62,143.0,139.0,142.0,162.0,144.5,6.557438524301998
2020-03-09,Biotin,Vitamin,431,128,192,22.77,30.36,0.02,3886.08,971.52,Sindh,0,2,9,3,2020,3,11,1,69,154.0,143.0,139.0,142.0,141.0,10.739335795724674
2020-03-16,Biotin,Vitamin,249,150,225,31.23,41.64,0.18,6246.0,1561.5,Sindh,1,2,9,3,2020,3,12,1,76,128.0,154.0,143.0,139.0,143.75,11.4418821295566
2020-03-23,Biotin,Vitamin,92,168,252,36.77,49.02,0.11,8235.36,2058.84,Balochistan,0,2,9,0,2020,3,13,1,83,150.0,128.0,154.0,143.0,150.0,16.57307052620807
2020-03-30,Biotin,Vitamin,203,150,225,7.84,10.45,0.09,1567.5,391.88,KP,0,2,9,1,2020,3,14,1,90,168.0,150.0,128.0,154.0,149.0,16.3707055437449
2020-04-06,Biotin,Vitamin,439,147,221,12.29,16.39,0.19,2409.33,602.33,KP,1,2,9,1,2020,4,15,2,97,150.0,168.0,150.0,128.0,153.75,9.604686356149273
2020-04-13,Biotin,Vitamin,111,123,185,34.44,45.92,0.22,5648.16,1412.04,Sindh,1,2,9,3,2020,4,16,2,104,147.0,150.0,168.0,150.0,147.0,18.49324200890693
2020-04-20,Biotin,Vitamin,220,141,212,34.0,45.33,0.15,6391.53,1597.88,Punjab,1,2,9,2,2020,4,17,2,111,123.0,147.0,150.0,168.0,140.25,12.093386622447824
2020-04-27,Biotin,Vitamin,274,148,222,42.61,56.81,0.02,8407.88,2101.97,Sindh,0,2,9,3,2020,4,18,2,118,141.0,123.0,147.0,150.0,139.75,11.586630226256467
2020-05-04,Biotin,Vitamin,374,154,231,23.09,30.79,0.11,4741.66,1185.42,Sindh,1,2,9,3,2020,5,19,2,125,148.0,141.0,123.0,147.0,141.5,13.428824718989125
2020-05-11,Biotin,Vitamin,408,161,242,37.61,50.15,0.13,8074.15,2018.54,Balochistan,1,2,9,0,2020,5,20,2,132,154.0,148.0,141.0,123.0,151.0,8.524474568362953
2020-05-18,Biotin,Vitamin,72,140,210,22.92,30.56,0.03,4278.4,1069.6,KP,1,2,9,1,2020,5,21,2,139,161.0,154.0,148.0,141.0,150.75,8.920949127381762
2020-05-25,Biotin,Vitamin,65,142,213,44.9,59.86,0.01,8500.12,2125.03,Balochistan,0,2,9,0,2020,5,22,2,146,140.0,161.0,154.0,148.0,149.25,9.979144919948473
2020-06-01,Biotin,Vitamin,184,178,267,28.79,38.39,0.14,6833.42,1708.36,KP,1,2,9,1,2020,6,23,2,153,142.0,140.0,161.0,154.0,155.25,17.876893839068728
2020-06-08,Biotin,Vitamin,259,140,210,34.67,46.23,0.03,6472.2,1618.05,Balochistan,0,2,9,0,2020,6,24,2,160,178.0,142.0,140.0,161.0,150.0,18.690461025168254
2020-06-15,Biotin,Vitamin,238,143,215,17.69,23.58,0.05,3371.94,842.99,Punjab,0,2,9,2,2020,6,25,2,167,140.0,178.0,142.0,140.0,150.75,18.209429791548487
2020-06-22,Biotin,Vitamin,273,173,260,42.52,56.69,0.17,9807.37,2451.84,KP,1,2,9,1,2020,6,26,2,174,143.0,140.0,178.0,142.0,158.5,19.773719933285197
2020-06-29,Biotin,Vitamin,103,176,264,36.87,49.16,0.07,8652.16,2163.04,Punjab,0,2,9,2,2020,6,27,2,181,173.0,143.0,140.0,178.0,158.0,19.131126469709
2020-07-06,Biotin,Vitamin,215,145,218,32.99,43.98,0.01,6377.1,1594.28,Balochistan,1,2,9,0,2020,7,28,3,188,176.0,173.0,143.0,140.0,159.25,17.6705970470723
2020-07-13,Biotin,Vitamin,63,159,239,25.45,33.93,0.23,5394.87,1348.72,Sindh,1,2,9,3,2020,7,29,3,195,145.0,176.0,173.0,143.0,163.25,14.24488212189441
2020-07-20,Biotin,Vitamin,496,144,216,22.61,30.14,0.17,4340.16,1085.04,KP,0,2,9,1,2020,7,30,3,202,159.0,145.0,176.0,173.0,156.0,14.98888477061142
2020-07-27,Biotin,Vitamin,499,145,218,11.82,15.76,0.22,2285.2,571.3,Balochistan,0,2,9,0,2020,7,31,3,209,144.0,159.0,145.0,176.0,148.25,7.182153808805108
2020-08-03,Biotin,Vitamin,288,153,230,37.49,49.99,0.14,7648.47,1912.12,KP,1,2,9,1,2020,8,32,3,216,145.0,144.0,159.0,145.0,150.25,7.0887234393789385
2020-08-10,Biotin,Vitamin,390,137,206,32.91,43.88,0.14,6011.56,1502.89,KP,1,2,9,1,2020,8,33,3,223,153.0,145.0,144.0,159.0,144.75,6.55108133567788
2020-08-17,Biotin,Vitamin,371,165,248,40.9,54.53,0.15,8997.45,2249.36,KP,1,2,9,1,2020,8,34,3,230,137.0,153.0,145.0,144.0,150.0,11.944315244779295
2020-08-24,Biotin,Vitamin,254,170,255,35.67,47.56,0.22,8085.2,2021.3,Punjab,1,2,9,2,2020,8,35,3,237,165.0,137.0,153.0,145.0,156.25,14.682756326158035
2020-08-31,Biotin,Vitamin,390,151,227,21.35,28.46,0.09,4297.46,1074.37,Sindh,1,2,9,3,2020,8,36,3,244,170.0,165.0,137.0,153.0,155.75,14.86326567974438
2020-09-07,Biotin,Vitamin,397,140,210,10.06,13.41,0.05,1877.4,469.35,Balochistan,0,2,9,0,2020,9,37,3,251,151.0,170.0,165.0,137.0,156.5,13.625955623979817
2020-09-14,Biotin,Vitamin,351,171,257,30.95,41.27,0.2,7057.17,1764.29,Balochistan,1,2,9,0,2020,9,38,3,258,140.0,151.0,170.0,165.0,158.0,15.121728296285024
2020-09-21,Biotin,Vitamin,430,164,246,37.28,49.7,0.24,8150.8,2037.7,Balochistan,0,2,9,0,2020,9,39,3,265,171.0,140.0,151.0,170.0,156.5,13.771952173409083
2020-09-28,Biotin,Vitamin,130,141,212,34.73,46.3,0.03,6528.3,1632.08,Punjab,0,2,9,2,2020,9,40,3,272,164.0,171.0,140.0,151.0,154.0,15.853495934125503
2020-10-05,Biotin,Vitamin,417,154,231,18.2,24.26,0.16,3736.04,934.01,Sindh,1,2,9,3,2020,10,41,4,279,141.0,164.0,171.0,140.0,157.5,13.025615788386636
2020-10-12,Biotin,Vitamin,269,159,239,22.02,29.36,0.07,4668.24,1167.06,Sindh,1,2,9,3,2020,10,42,4,286,154.0,141.0,164.0,171.0,154.5,9.882644720249091
2020-10-19,Biotin,Vitamin,415,137,206,24.77,33.02,0.18,4523.74,1130.94,Sindh,1,2,9,3,2020,10,43,4,293,159.0,154.0,141.0,164.0,147.75,10.436314802968877
2020-10-26,Biotin,Vitamin,328,160,240,21.92,29.23,0.09,4676.8,1169.2,Balochistan,1,2,9,0,2020,10,44,4,300,137.0,159.0,154.0,141.0,152.5,10.661457061146347
2020-11-02,Biotin,Vitamin,378,157,236,21.25,28.33,0.1,4447.81,1111.95,KP,1,2,9,1,2020,11,45,4,307,160.0,137.0,159.0,154.0,153.25,10.904891868637089
2020-11-09,Biotin,Vitamin,143,151,227,11.51,15.34,0.16,2316.34,579.09,KP,1,2,9,1,2020,11,46,4,314,157.0,160.0,137.0,159.0,151.25,10.2102889283311
2020-11-16,Biotin,Vitamin,460,163,245,9.33,12.44,0.21,2027.72,506.93,Punjab,1,2,9,2,2020,11,47,4,321,151.0,157.0,160.0,137.0,157.75,5.123475382979862
2020-11-23,Biotin,Vitamin,198,170,255,41.09,54.79,0.03,9314.3,2328.58,Balochistan,1,2,9,0,2020,11,48,4,328,163.0,151.0,157.0,160.0,160.25,8.139410298049892
2020-11-30,Biotin,Vitamin,259,141,212,44.98,59.97,0.05,8455.77,2113.94,Punjab,0,2,9,2,2020,11,49,4,335,170.0,163.0,151.0,157.0,156.25,12.841988423397186
2020-12-07,Biotin,Vitamin,85,147,221,40.01,53.35,0.17,7842.45,1960.61,KP,0,2,9,1,2020,12,50,4,342,141.0,170.0,163.0,151.0,155.25,13.524668819112257
2020-12-14,Biotin,Vitamin,162,143,215,36.37,48.49,0.2,6934.07,1733.52,KP,1,2,9,1,2020,12,51,4,349,147.0,141.0,170.0,163.0,150.25,13.400870618483486
2020-12-21,Biotin,Vitamin,173,134,201,29.76,39.68,0.03,5317.12,1329.28,KP,0,2,9,1,2020,12,52,4,356,143.0,147.0,141.0,170.0,141.25,5.4390562906936255
2020-12-28,Biotin,Vitamin,427,162,243,26.62,35.49,0.08,5749.38,1437.35,Balochistan,1,2,9,0,2020,12,53,4,363,134.0,143.0,147.0,141.0,146.5,11.676186592091351
2021-01-04,Biotin,Vitamin,347,141,212,22.58,30.11,0.01,4245.51,1061.38,Balochistan,1,2,9,0,2021,1,1,1,4,162.0,134.0,143.0,147.0,145.0,11.97218999737867
2021-01-11,Biotin,Vitamin,213,178,267,40.05,53.4,0.22,9505.2,2376.3,Punjab,0,2,9,2,2021,1,2,1,11,141.0,162.0,134.0,143.0,153.75,20.072784228070287
2021-01-18,Biotin,Vitamin,77,159,239,43.79,58.39,0.22,9284.01,2321.0,Punjab,1,2,9,2,2021,1,3,1,18,178.0,141.0,162.0,134.0,160.0,15.165750888103119
2021-01-25,Biotin,Vitamin,286,177,266,37.93,50.57,0.01,8950.89,2237.72,Balochistan,1,2,9,0,2021,1,4,1,25,159.0,178.0,141.0,162.0,163.75,17.500000000000014
2021-02-01,Biotin,Vitamin,356,153,230,36.04,48.05,0.18,7351.65,1837.91,Punjab,1,2,9,2,2021,2,5,1,32,177.0,159.0,178.0,141.0,166.75,12.658988901172181
2021-02-08,Biotin,Vitamin,342,155,233,41.51,55.34,0.15,8577.7,2144.43,Punjab,1,2,9,2,2021,2,6,1,39,153.0,177.0,159.0,178.0,161.0,10.954451150103345
2021-02-15,Biotin,Vitamin,353,165,248,10.85,14.47,0.11,2387.55,596.89,Balochistan,1,2,9,0,2021,2,7,1,46,155.0,153.0,177.0,159.0,162.5,11.000000000000023
2021-02-22,Biotin,Vitamin,330,139,209,23.75,31.66,0.2,4400.74,1100.19,Punjab,0,2,9,2,2021,2,8,1,53,165.0,155.0,153.0,177.0,153.0,10.708252269472693
2021-03-01,Biotin,Vitamin,356,135,203,24.77,33.03,0.23,4459.05,1114.76,KP,0,2,9,1,2021,3,9,1,60,139.0,165.0,155.0,153.0,148.5,13.988090172238206
2021-03-08,Biotin,Vitamin,266,138,207,9.77,13.03,0.1,1798.14,449.54,Sindh,1,2,9,3,2021,3,10,1,67,135.0,139.0,165.0,155.0,144.25,13.93735986476637
2021-03-15,Biotin,Vitamin,486,167,251,42.37,56.49,0.12,9433.83,2358.46,KP,1,2,9,1,2021,3,11,1,74,138.0,135.0,139.0,165.0,144.75,14.930394055974112
2021-03-22,Biotin,Vitamin,142,149,224,40.01,53.34,0.16,7947.66,1986.92,Sindh,1,2,9,3,2021,3,12,1,81,167.0,138.0,135.0,139.0,147.25,14.47699324215266
2021-03-29,Biotin,Vitamin,269,135,203,28.72,38.29,0.18,5169.15,1292.29,KP,1,2,9,1,2021,3,13,1,88,149.0,167.0,138.0,135.0,147.25,14.47699324215266
2021-04-05,Biotin,Vitamin,126,142,213,9.02,12.03,0.23,1708.26,427.07,KP,1,2,9,1,2021,4,14,2,95,135.0,149.0,167.0,138.0,148.25,13.744695946679474
2021-04-12,Biotin,Vitamin,466,157,236,11.06,14.74,0.24,2314.18,578.55,KP,1,2,9,1,2021,4,15,2,102,142.0,135.0,149.0,167.0,145.75,9.429563439877116
2021-04-19,Biotin,Vitamin,114,164,246,30.53,40.71,0.08,6676.44,1669.11,Sindh,1,2,9,3,2021,4,16,2,109,157.0,142.0,135.0,149.0,149.5,13.32916601542149
2021-04-26,Biotin,Vitamin,331,156,234,31.15,41.53,0.11,6478.68,1619.67,Sindh,0,2,9,3,2021,4,17,2,116,164.0,157.0,142.0,135.0,154.75,9.215023964519416
2021-05-03,Biotin,Vitamin,144,148,222,23.93,31.91,0.07,4722.68,1180.67,Balochistan,0,2,9,0,2021,5,18,2,123,156.0,164.0,157.0,142.0,156.25,6.5510813356778845
2021-05-10,Biotin,Vitamin,125,169,254,11.11,14.81,0.11,2502.89,625.72,Balochistan,1,2,9,0,2021,5,19,2,130,148.0,156.0,164.0,157.0,159.25,9.215023964519416
2021-05-17,Biotin,Vitamin,464,133,200,34.48,45.97,0.21,6114.01,1528.5,Balochistan,1,2,9,0,2021,5,20,2,137,169.0,148.0,156.0,164.0,151.5,15.066519173319376
2021-05-24,Biotin,Vitamin,291,143,215,13.14,17.52,0.13,2505.36,626.34,Balochistan,0,2,9,0,2021,5,21,2,144,133.0,169.0,148.0,156.0,148.25,15.17399090549353
2021-05-31,Biotin,Vitamin,404,171,257,34.94,46.59,0.18,7966.89,1991.72,Punjab,1,2,9,2,2021,5,22,2,151,143.0,133.0,169.0,148.0,154.0,18.93849694845573
2021-06-07,Biotin,Vitamin,379,149,224,31.19,41.59,0.06,6196.91,1549.23,KP,1,2,9,1,2021,6,23,2,158,171.0,143.0,133.0,169.0,149.0,16.083117442419766
2021-06-14,Biotin,Vitamin,97,178,267,18.89,25.19,0.23,4483.82,1120.96,Balochistan,1,2,9,0,2021,6,24,2,165,149.0,171.0,143.0,133.0,160.25,16.879474715365607
2021-06-21,Biotin,Vitamin,312,153,230,15.11,20.15,0.11,3082.95,770.74,Punjab,0,2,9,2,2021,6,25,2,172,178.0,149.0,171.0,143.0,162.75,13.961255912942319
2021-06-28,Biotin,Vitamin,334,146,219,40.01,53.35,0.19,7789.1,1947.28,KP,0,2,9,1,2021,6,26,2,179,153.0,178.0,149.0,171.0,156.5,14.617341299520472
2021-07-05,Biotin,Vitamin,211,150,225,29.38,39.17,0.13,5875.5,1468.88,KP,1,2,9,1,2021,7,27,3,186,146.0,153.0,178.0,149.0,156.75,14.45394986384922
2021-07-12,Biotin,Vitamin,104,140,210,37.89,50.52,0.03,7072.8,1768.2,Balochistan,0,2,9,0,2021,7,28,3,193,150.0,146.0,153.0,178.0,147.25,5.619905100029132
2021-07-19,Biotin,Vitamin,206,148,222,22.25,29.66,0.1,4389.68,1097.42,Balochistan,1,2,9,0,2021,7,29,3,200,140.0,150.0,146.0,153.0,146.0,4.320493798938588
2021-07-26,Biotin,Vitamin,369,145,218,27.65,36.86,0.05,5344.7,1336.18,KP,0,2,9,1,2021,7,30,3,207,148.0,140.0,150.0,146.0,145.75,4.349329450233311
2021-08-02,Biotin,Vitamin,318,130,195,29.98,39.97,0.1,5196.1,1299.03,Sindh,1,2,9,3,2021,8,31,3,214,145.0,148.0,140.0,150.0,140.75,7.889866919029761
2021-08-09,Biotin,Vitamin,206,167,251,31.88,42.51,0.08,7099.17,1774.79,Sindh,1,2,9,3,2021,8,32,3,221,130.0,145.0,148.0,140.0,147.5,15.19868415357067
2021-08-16,Biotin,Vitamin,124,159,239,40.22,53.62,0.05,8525.58,2131.4,KP,0,2,9,1,2021,8,33,3,228,167.0,130.0,145.0,148.0,150.25,16.27626083185775
2021-08-23,Biotin,Vitamin,431,141,212,20.27,27.02,0.12,3809.82,952.46,Sindh,0,2,9,3,2021,8,34,3,235,159.0,167.0,130.0,145.0,149.25,16.820126832656964
2021-08-30,Biotin,Vitamin,304,147,221,21.38,28.5,0.19,4189.5,1047.38,KP,0,2,9,1,2021,8,35,3,242,141.0,159.0,167.0,130.0,153.5,11.704699910719631
2021-09-06,Biotin,Vitamin,187,170,255,36.35,48.46,0.09,8238.2,2059.55,KP,0,2,9,1,2021,9,36,3,249,147.0,141.0,159.0,167.0,154.25,12.893796958227632
2021-09-13,Biotin,Vitamin,344,138,207,9.09,12.12,0.16,1672.56,418.14,Sindh,0,2,9,3,2021,9,37,3,256,170.0,147.0,141.0,159.0,149.0,14.491376746189443
2021-09-20,Biotin,Vitamin,267,157,236,24.05,32.06,0.18,5033.42,1258.36,KP,1,2,9,1,2021,9,38,3,263,138.0,170.0,147.0,141.0,153.0,13.735598518691015
2021-09-27,Biotin,Vitamin,239,153,230,27.29,36.38,0.13,5566.14,1391.54,Balochistan,0,2,9,0,2021,9,39,3,270,157.0,138.0,170.0,147.0,154.5,13.178264933847203
2021-10-04,Biotin,Vitamin,114,151,227,28.38,37.84,0.23,5713.84,1428.46,Punjab,0,2,9,2,2021,10,40,4,277,153.0,157.0,138.0,170.0,149.75,8.220908303425695
2021-10-11,Biotin,Vitamin,204,135,203,42.89,57.19,0.2,7720.65,1930.16,Punjab,1,2,9,2,2021,10,41,4,284,151.0,153.0,157.0,138.0,149.0,9.66091783079297
2021-10-18,Biotin,Vitamin,404,122,183,33.98,45.31,0.2,5527.82,1381.96,KP,0,2,9,1,2021,10,42,4,291,135.0,151.0,153.0,157.0,140.25,14.591664287073868
2021-10-25,Biotin,Vitamin,312,144,216,25.94,34.59,0.19,4980.96,1245.24,Sindh,0,2,9,3,2021,10,43,4,298,122.0,135.0,151.0,153.0,138.0,12.516655570345735
2021-11-01,Biotin,Vitamin,222,147,221,13.6,18.13,0.25,2665.11,666.28,KP,0,2,9,1,2021,11,44,4,305,144.0,122.0,135.0,151.0,137.0,11.224972160321837
2021-11-08,Biotin,Vitamin,110,133,200,8.61,11.48,0.11,1526.84,381.71,KP,1,2,9,1,2021,11,45,4,312,147.0,144.0,122.0,135.0,136.5,11.387127235025828
2021-11-15,Biotin,Vitamin,450,149,224,8.71,11.61,0.16,1729.89,432.47,Sindh,1,2,9,3,2021,11,46,4,319,133.0,147.0,144.0,122.0,143.25,7.135591542869229
2021-11-22,Biotin,Vitamin,387,157,236,17.3,23.06,0.13,3620.42,905.11,Punjab,0,2,9,2,2021,11,47,4,326,149.0,133.0,147.0,144.0,146.5,9.983319421247968
2021-11-29,Biotin,Vitamin,189,164,246,13.9,18.53,0.03,3038.92,759.73,Balochistan,0,2,9,0,2021,11,48,4,333,157.0,149.0,133.0,147.0,150.75,13.326039671760455
2021-12-06,Biotin,Vitamin,419,171,257,30.89,41.19,0.21,7043.49,1760.87,Sindh,1,2,9,3,2021,12,49,4,340,164.0,157.0,149.0,133.0,160.25,9.429563439877104
2021-12-13,Biotin,Vitamin,422,163,245,30.06,40.08,0.15,6533.04,1633.26,Sindh,0,2,9,3,2021,12,50,4,347,171.0,164.0,157.0,149.0,163.75,5.737304826019523
2021-12-20,Biotin,Vitamin,52,162,243,16.94,22.59,0.09,3659.58,914.9,KP,1,2,9,1,2021,12,51,4,354,163.0,171.0,164.0,157.0,165.0,4.082482904638661
2021-12-27,Biotin,Vitamin,473,152,228,11.42,15.23,0.15,2314.96,578.74,Punjab,1,2,9,2,2021,12,52,4,361,162.0,163.0,171.0,164.0,162.0,7.788880963698633
2022-01-03,Biotin,Vitamin,324,154,231,43.58,58.11,0.16,8948.94,2237.24,Balochistan,1,2,9,0,2022,1,1,1,3,152.0,162.0,163.0,171.0,157.75,5.560275772537451
2022-01-10,Biotin,Vitamin,62,152,228,42.76,57.01,0.19,8665.52,2166.38,KP,1,2,9,1,2022,1,2,1,10,154.0,152.0,162.0,163.0,155.0,4.760952285695262
2022-01-17,Biotin,Vitamin,218,137,206,22.82,30.42,0.09,4167.54,1041.89,Punjab,0,2,9,2,2022,1,3,1,17,152.0,154.0,152.0,162.0,148.75,7.889866919029764
2022-01-24,Biotin,Vitamin,453,145,218,22.02,29.36,0.15,4257.2,1064.3,KP,0,2,9,1,2022,1,4,1,24,137.0,152.0,154.0,152.0,147.0,7.702813338860908
2022-01-31,Biotin,Vitamin,230,146,219,16.75,22.33,0.17,3260.18,815.05,Sindh,1,2,9,3,2022,1,5,1,31,145.0,137.0,152.0,154.0,145.0,6.164414002968991
2022-02-07,Biotin,Vitamin,58,156,234,44.56,59.41,0.09,9267.96,2316.99,KP,0,2,9,1,2022,2,6,1,38,146.0,145.0,137.0,152.0,146.0,7.788880963698627
2022-02-14,Biotin,Vitamin,81,143,215,33.31,44.41,0.25,6350.63,1587.66,Punjab,1,2,9,2,2022,2,7,1,45,156.0,146.0,145.0,137.0,147.5,5.80229839517642
2022-02-21,Biotin,Vitamin,288,147,221,33.85,45.13,0.24,6634.11,1658.53,KP,1,2,9,1,2022,2,8,1,52,143.0,156.0,146.0,145.0,148.0,5.597618541248905
2022-02-28,Biotin,Vitamin,163,179,269,34.07,45.42,0.02,8130.18,2032.55,KP,1,2,9,1,2022,2,9,1,59,147.0,143.0,156.0,146.0,156.25,16.111590031195977
2022-03-07,Biotin,Vitamin,248,155,233,37.04,49.39,0.06,7655.45,1913.86,KP,1,2,9,1,2022,3,10,1,66,179.0,147.0,143.0,156.0,156.0,16.12451549659711
2022-03-14,Biotin,Vitamin,452,143,215,30.13,40.17,0.1,5744.31,1436.08,Punjab,0,2,9,2,2022,3,11,1,73,155.0,179.0,147.0,143.0,156.0,16.12451549659711
2022-03-21,Biotin,Vitamin,355,166,249,37.82,50.42,0.07,8369.72,2092.43,Punjab,1,2,9,2,2022,3,12,1,80,143.0,155.0,179.0,147.0,160.75,15.370426148939407
2022-03-28,Biotin,Vitamin,190,145,218,8.12,10.83,0.2,1570.35,392.59,Punjab,0,2,9,2,2022,3,13,1,87,166.0,143.0,155.0,179.0,152.25,10.563301251660558
2022-04-04,Biotin,Vitamin,186,148,222,30.88,41.17,0.16,6093.16,1523.29,Sindh,1,2,9,3,2022,4,14,2,94,145.0,166.0,143.0,155.0,150.5,10.535653752852749
2022-04-11,Biotin,Vitamin,367,148,222,38.18,50.9,0.07,7533.2,1883.3,KP,0,2,9,1,2022,4,15,2,101,148.0,145.0,166.0,143.0,151.75,9.604686356149283
2022-04-18,Biotin,Vitamin,217,140,210,38.36,51.15,0.06,7161.0,1790.25,Sindh,0,2,9,3,2022,4,16,2,108,148.0,148.0,145.0,166.0,145.25,3.7749172176354024
2022-04-25,Biotin,Vitamin,117,167,251,15.4,20.53,0.16,3428.51,857.13,Sindh,1,2,9,3,2022,4,17,2,115,140.0,148.0,148.0,145.0,150.75,11.470977871713183
2022-05-02,Biotin,Vitamin,245,154,231,14.15,18.86,0.22,2904.44,726.11,KP,1,2,9,1,2022,5,18,2,122,167.0,140.0,148.0,148.0,152.25,11.383467544352797
2022-05-09,Biotin,Vitamin,366,142,213,28.13,37.5,0.1,5325.0,1331.25,Punjab,1,2,9,2,2022,5,19,2,129,154.0,167.0,140.0,148.0,150.75,12.473304828045112
2022-05-16,Biotin,Vitamin,62,173,260,19.87,26.49,0.1,4582.77,1145.69,Balochistan,0,2,9,0,2022,5,20,2,136,142.0,154.0,167.0,140.0,159.0,13.832329280830955
2022-05-23,Biotin,Vitamin,170,135,203,36.56,48.74,0.08,6579.9,1644.98,KP,1,2,9,1,2022,5,21,2,143,173.0,142.0,154.0,167.0,151.0,16.633299933166203
2022-05-30,Biotin,Vitamin,136,170,255,12.05,16.06,0.0,2730.2,682.55,Balochistan,0,2,9,0,2022,5,22,2,150,135.0,173.0,142.0,154.0,155.0,19.304576314093683
2022-06-06,Biotin,Vitamin,408,154,231,14.69,19.59,0.16,3016.86,754.22,Sindh,1,2,9,3,2022,6,23,2,157,170.0,135.0,173.0,142.0,158.0,17.454703282114732
2022-06-13,Biotin,Vitamin,417,141,212,17.29,23.05,0.07,3250.05,812.51,Balochistan,0,2,9,0,2022,6,24,2,164,154.0,170.0,135.0,173.0,150.0,15.513435037626797
2022-06-20,Biotin,Vitamin,400,153,230,26.81,35.75,0.2,5469.75,1367.44,KP,0,2,9,1,2022,6,25,2,171,141.0,154.0,170.0,135.0,154.5,11.902380714238088
2022-06-27,Biotin,Vitamin,241,137,206,25.04,33.39,0.1,4574.43,1143.61,Sindh,1,2,9,3,2022,6,26,2,178,153.0,141.0,154.0,170.0,146.25,8.539125638299677
2022-07-04,Biotin,Vitamin,143,149,224,20.03,26.71,0.24,3979.79,994.95,KP,1,2,9,1,2022,7,27,3,185,137.0,153.0,141.0,154.0,145.0,7.302967433402227
2022-07-11,Biotin,Vitamin,257,142,213,8.19,10.92,0.19,1550.64,387.66,Sindh,1,2,9,3,2022,7,28,3,192,149.0,137.0,153.0,141.0,145.25,7.135591542869228
2022-07-18,Biotin,Vitamin,115,147,221,9.09,12.12,0.17,1781.64,445.41,Sindh,0,2,9,3,2022,7,29,3,199,142.0,149.0,137.0,153.0,143.75,5.377421934967242
2022-07-25,Biotin,Vitamin,254,181,272,32.06,42.74,0.01,7735.94,1933.99,KP,0,2,9,1,2022,7,30,3,206,147.0,142.0,149.0,137.0,154.75,17.74589154330283
2022-08-01,Biotin,Vitamin,200,152,228,26.42,35.23,0.23,5354.96,1338.74,Balochistan,1,2,9,0,2022,8,31,3,213,181.0,147.0,142.0,149.0,155.5,17.48332538925781
2022-08-08,Biotin,Vitamin,311,152,228,40.46,53.95,0.1,8200.4,2050.1,Sindh,0,2,9,3,2022,8,32,3,220,152.0,181.0,147.0,142.0,158.0,15.5134350376268
2022-08-15,Biotin,Vitamin,225,162,243,39.48,52.64,0.06,8527.68,2131.92,Punjab,1,2,9,2,2022,8,33,3,227,152.0,152.0,181.0,147.0,161.75,13.671747023210562
2022-08-22,Biotin,Vitamin,378,163,245,36.92,49.23,0.15,8024.49,2006.12,KP,0,2,9,1,2022,8,34,3,234,162.0,152.0,152.0,181.0,157.25,6.075908711186081
2022-08-29,Biotin,Vitamin,312,146,219,24.77,33.03,0.06,4822.38,1205.6,Sindh,0,2,9,3,2022,8,35,3,241,163.0,162.0,152.0,152.0,155.75,8.180260794538698
2022-09-05,Biotin,Vitamin,279,132,198,8.17,10.89,0.01,1437.48,359.37,KP,0,2,9,1,2022,9,36,3,248,146.0,163.0,162.0,152.0,150.75,14.728091073410257
2022-09-12,Biotin,Vitamin,55,176,264,35.31,47.08,0.12,8286.08,2071.52,Sindh,0,2,9,3,2022,9,37,3,255,132.0,146.0,163.0,162.0,154.25,19.25919693722111
2022-09-19,Biotin,Vitamin,353,159,239,16.91,22.54,0.06,3583.86,895.97,KP,1,2,9,1,2022,9,38,3,262,176.0,132.0,146.0,163.0,153.25,18.75055554732535
2022-09-26,Biotin,Vitamin,68,161,242,31.62,42.16,0.22,6787.76,1696.94,Balochistan,1,2,9,0,2022,9,39,3,269,159.0,176.0,132.0,146.0,157.0,18.312108926427168
2022-10-03,Biotin,Vitamin,425,129,194,31.75,42.33,0.09,5460.57,1365.14,Balochistan,1,2,9,0,2022,10,40,4,276,161.0,159.0,176.0,132.0,156.25,19.68713624002571
2022-10-10,Biotin,Vitamin,342,138,207,10.42,13.89,0.05,1916.82,479.21,KP,0,2,9,1,2022,10,41,4,283,129.0,161.0,159.0,176.0,146.75,15.755951256588737
2022-10-17,Biotin,Vitamin,118,148,222,33.93,45.24,0.08,6695.52,1673.88,Balochistan,1,2,9,0,2022,10,42,4,290,138.0,129.0,161.0,159.0,144.0,13.735598518691017
2022-10-24,Biotin,Vitamin,136,129,194,16.87,22.49,0.12,2901.21,725.3,Punjab,0,2,9,2,2022,10,43,4,297,148.0,138.0,129.0,161.0,136.0,9.055385138137432
2022-10-31,Biotin,Vitamin,465,149,224,12.97,17.29,0.05,2576.21,644.05,Balochistan,0,2,9,0,2022,10,44,4,304,129.0,148.0,138.0,129.0,141.0,9.416297927883702
2022-11-07,Biotin,Vitamin,190,172,258,36.5,48.67,0.01,8371.24,2092.81,KP,1,2,9,1,2022,11,45,4,311,149.0,129.0,148.0,138.0,149.5,17.597348285087357
2022-11-14,Biotin,Vitamin,255,128,192,9.0,12.0,0.21,1536.0,384.0,Balochistan,1,2,9,0,2022,11,46,4,318,172.0,149.0,129.0,148.0,144.5,20.72840241472234
2022-11-21,Biotin,Vitamin,460,160,240,14.39,19.19,0.24,3070.4,767.6,Punjab,1,2,9,2,2022,11,47,4,325,128.0,172.0,149.0,129.0,152.25,18.697147732564282
2022-11-28,Biotin,Vitamin,138,139,209,21.42,28.56,0.17,3969.84,992.46,KP,0,2,9,1,2022,11,48,4,332,160.0,128.0,172.0,149.0,149.75,19.906029237394392
2022-12-05,Biotin,Vitamin,459,136,204,27.8,37.07,0.0,5041.52,1260.38,Punjab,1,2,9,2,2022,12,49,4,339,139.0,160.0,128.0,172.0,140.75,13.647344063956197
2022-12-12,Biotin,Vitamin,89,144,216,19.05,25.4,0.07,3657.6,914.4,Sindh,1,2,9,3,2022,12,50,4,346,136.0,139.0,160.0,128.0,144.75,10.688779163215996
2022-12-19,Biotin,Vitamin,380,158,237,24.47,32.63,0.13,5155.54,1288.89,Balochistan,0,2,9,0,2022,12,51,4,353,144.0,136.0,139.0,160.0,144.25,9.742518497117013
2022-12-26,Biotin,Vitamin,368,156,234,42.72,56.96,0.14,8885.76,2221.44,Sindh,0,2,9,3,2022,12,52,4,360,158.0,144.0,136.0,139.0,148.5,10.376254944182277
2023-01-02,Biotin,Vitamin,265,173,260,30.54,40.72,0.01,7044.56,1761.14,Sindh,0,2,9,3,2023,1,1,1,2,156.0,158.0,144.0,136.0,157.75,11.898879499067712
2023-01-09,Biotin,Vitamin,90,150,225,16.78,22.37,0.15,3355.5,838.88,Sindh,0,2,9,3,2023,1,2,1,9,173.0,156.0,158.0,144.0,159.25,9.776672917375004
2023-01-16,Biotin,Vitamin,253,149,224,13.34,17.79,0.05,2650.71,662.68,KP,0,2,9,1,2023,1,3,1,16,150.0,173.0,156.0,158.0,157.0,11.10555416597181
2023-01-23,Biotin,Vitamin,278,139,209,31.66,42.21,0.04,5867.19,1466.8,Sindh,1,2,9,3,2023,1,4,1,23,149.0,150.0,173.0,156.0,152.75,14.38459824488217
2023-01-30,Biotin,Vitamin,137,159,239,19.42,25.89,0.08,4116.51,1029.13,Punjab,0,2,9,2,2023,1,5,1,30,139.0,149.0,150.0,173.0,149.25,8.18026079453872
2023-02-06,Biotin,Vitamin,258,144,216,26.2,34.93,0.05,5029.92,1257.48,KP,0,2,9,1,2023,2,6,1,37,159.0,139.0,149.0,150.0,147.75,8.5391256382997
2023-02-13,Biotin,Vitamin,237,136,204,24.88,33.17,0.17,4511.12,1127.78,Sindh,1,2,9,3,2023,2,7,1,44,144.0,159.0,139.0,149.0,144.5,10.214368964029738
2023-02-20,Biotin,Vitamin,342,157,236,27.91,37.21,0.01,5841.97,1460.49,KP,0,2,9,1,2023,2,8,1,51,136.0,144.0,159.0,139.0,149.0,10.923979738782652
2023-02-27,Biotin,Vitamin,278,148,222,19.24,25.65,0.1,3796.2,949.05,Balochistan,1,2,9,0,2023,2,9,1,58,157.0,136.0,144.0,159.0,146.25,8.732124598286521
2023-03-06,Biotin,Vitamin,399,159,239,24.47,32.62,0.03,5186.58,1296.65,KP,1,2,9,1,2023,3,10,1,65,148.0,157.0,136.0,144.0,150.0,10.48808848170154
2023-03-13,Biotin,Vitamin,146,141,212,38.33,51.11,0.19,7206.51,1801.63,Sindh,0,2,9,3,2023,3,11,1,72,159.0,148.0,157.0,136.0,151.25,8.341662504161498
2023-03-20,Biotin,Vitamin,363,149,224,44.05,58.73,0.06,8750.77,2187.69,Balochistan,1,2,9,0,2023,3,12,1,79,141.0,159.0,148.0,157.0,149.25,7.410578025138608
2023-03-27,Biotin,Vitamin,196,142,213,33.38,44.51,0.1,6320.42,1580.11,KP,1,2,9,1,2023,3,13,1,86,149.0,141.0,159.0,148.0,147.75,8.301606270274881
2023-04-03,Biotin,Vitamin,460,143,215,32.66,43.55,0.16,6227.65,1556.91,Sindh,1,2,9,3,2023,4,14,2,93,142.0,149.0,141.0,159.0,143.75,3.5939764421413805
2023-04-10,Biotin,Vitamin,166,162,243,14.28,19.04,0.16,3084.48,771.12,KP,1,2,9,1,2023,4,15,2,100,143.0,142.0,149.0,141.0,149.0,9.201449161228206
2023-04-17,Biotin,Vitamin,382,156,234,23.7,31.6,0.01,4929.6,1232.4,Sindh,0,2,9,3,2023,4,16,2,107,162.0,143.0,142.0,149.0,150.75,9.84462628374827
2023-04-24,Biotin,Vitamin,468,164,246,8.31,11.08,0.2,1817.12,454.28,Sindh,0,2,9,3,2023,4,17,2,114,156.0,162.0,143.0,142.0,156.25,9.46484724300049
2023-05-01,Biotin,Vitamin,468,155,233,30.5,40.66,0.2,6302.3,1575.58,Punjab,1,2,9,2,2023,5,18,2,121,164.0,156.0,162.0,143.0,159.25,4.425306015783994
2023-05-08,Biotin,Vitamin,363,135,203,25.85,34.46,0.02,4652.1,1163.03,Punjab,0,2,9,2,2023,5,19,2,128,155.0,164.0,156.0,162.0,152.5,12.342339054382442
2023-05-15,Biotin,Vitamin,362,114,171,37.1,49.47,0.13,5639.58,1409.9,Balochistan,0,2,9,0,2023,5,20,2,135,135.0,155.0,164.0,156.0,142.0,22.256085310164817
2023-05-22,Biotin,Vitamin,455,153,230,19.95,26.6,0.02,4069.8,1017.45,Balochistan,1,2,9,0,2023,5,21,2,142,114.0,135.0,155.0,164.0,139.25,19.085334683992333
2023-05-29,Biotin,Vitamin,332,174,261,18.21,24.28,0.04,4224.72,1056.18,KP,1,2,9,1,2023,5,22,2,149,153.0,114.0,135.0,155.0,144.0,25.57342370508886
2023-06-05,Biotin,Vitamin,123,161,242,43.28,57.71,0.21,9291.31,2322.83,KP,0,2,9,1,2023,6,23,2,156,174.0,153.0,114.0,135.0,150.5,25.826343140289932
2023-06-12,Biotin,Vitamin,255,162,243,27.98,37.3,0.24,6042.6,1510.65,Balochistan,0,2,9,0,2023,6,24,2,163,161.0,174.0,153.0,114.0,162.5,8.660254037844435
2023-06-19,Biotin,Vitamin,129,145,218,26.47,35.29,0.11,5117.05,1279.26,Punjab,1,2,9,2,2023,6,25,2,170,162.0,161.0,174.0,153.0,160.5,11.902380714238118
2023-06-26,Biotin,Vitamin,292,158,237,36.41,48.54,0.17,7669.32,1917.33,Balochistan,0,2,9,0,2023,6,26,2,177,145.0,162.0,161.0,174.0,156.5,7.8528126595932175
2023-07-03,Biotin,Vitamin,344,150,225,26.2,34.93,0.15,5239.5,1309.88,Balochistan,0,2,9,0,2023,7,27,3,184,158.0,145.0,162.0,161.0,153.75,7.6757192931130245
2023-07-10,Biotin,Vitamin,154,157,236,9.97,13.29,0.19,2086.53,521.63,Punjab,0,2,9,2,2023,7,28,3,191,150.0,158.0,145.0,162.0,152.5,6.137317546507391
2023-07-17,Biotin,Vitamin,80,166,249,24.53,32.7,0.13,5428.2,1357.05,Sindh,0,2,9,3,2023,7,29,3,198,157.0,150.0,158.0,145.0,157.75,6.551081335677913
2023-07-24,Biotin,Vitamin,73,153,230,24.72,32.96,0.2,5042.88,1260.72,KP,1,2,9,1,2023,7,30,3,205,166.0,157.0,150.0,158.0,156.5,6.952217871538129
2023-07-31,Biotin,Vitamin,500,129,194,25.91,34.54,0.11,4455.66,1113.92,Balochistan,0,2,9,0,2023,7,31,3,212,153.0,166.0,157.0,150.0,151.25,15.798206649279344
2023-08-07,Biotin,Vitamin,229,134,201,35.2,46.93,0.07,6288.62,1572.16,KP,1,2,9,1,2023,8,32,3,219,129.0,153.0,166.0,157.0,145.5,17.136705245369296
2023-08-14,Biotin,Vitamin,384,147,221,9.51,12.68,0.11,1863.96,465.99,Sindh,1,2,9,3,2023,8,33,3,226,134.0,129.0,153.0,166.0,140.75,11.146748404804013
2023-08-21,Biotin,Vitamin,100,152,228,21.29,28.38,0.2,4313.76,1078.44,Balochistan,0,2,9,0,2023,8,34,3,233,147.0,134.0,129.0,153.0,140.5,10.785793124908993
2023-08-28,Biotin,Vitamin,98,166,249,20.33,27.1,0.23,4498.6,1124.65,Balochistan,1,2,9,0,2023,8,35,3,240,152.0,147.0,134.0,129.0,149.75,13.225606476327178
2023-09-04,Biotin,Vitamin,57,146,219,21.47,28.62,0.03,4178.52,1044.63,KP,0,2,9,1,2023,9,36,3,247,166.0,152.0,147.0,134.0,152.75,9.21502396451943
2023-09-11,Biotin,Vitamin,487,142,213,32.26,43.01,0.08,6107.42,1526.86,Sindh,1,2,9,3,2023,9,37,3,254,146.0,166.0,152.0,147.0,151.5,10.50396750439252
2023-09-18,Biotin,Vitamin,180,160,240,22.82,30.42,0.08,4867.2,1216.8,Punjab,0,2,9,2,2023,9,38,3,261,142.0,146.0,166.0,152.0,153.5,11.357816691600577
2023-09-25,Biotin,Vitamin,397,162,243,26.45,35.26,0.21,5712.12,1428.03,Sindh,0,2,9,3,2023,9,39,3,268,160.0,142.0,146.0,166.0,152.5,9.983319421247993
2023-10-02,Biotin,Vitamin,334,175,263,7.55,10.06,0.19,1760.5,440.13,Balochistan,0,2,9,0,2023,10,40,4,275,162.0,160.0,142.0,146.0,159.75,13.573871960498256
2023-10-09,Biotin,Vitamin,265,163,245,34.4,45.86,0.1,7475.18,1868.8,Sindh,0,2,9,3,2023,10,41,4,282,175.0,162.0,160.0,142.0,165.0,6.7823299831253285
2023-10-16,Biotin,Vitamin,67,125,188,33.72,44.96,0.07,5620.0,1405.0,Sindh,0,2,9,3,2023,10,42,4,289,163.0,175.0,162.0,160.0,156.25,21.654483754332897
2023-10-23,Biotin,Vitamin,238,154,231,11.75,15.66,0.03,2411.64,602.91,Balochistan,0,2,9,0,2023,10,43,4,296,125.0,163.0,175.0,162.0,154.25,21.31314148594713
2023-10-30,Biotin,Vitamin,109,157,236,29.81,39.74,0.2,6239.18,1559.8,Punjab,1,2,9,2,2023,10,44,4,303,154.0,125.0,163.0,175.0,149.75,16.918924315688653
2023-11-06,Biotin,Vitamin,484,143,215,17.81,23.74,0.14,3394.82,848.71,KP,0,2,9,1,2023,11,45,4,310,157.0,154.0,125.0,163.0,144.75,14.476993242152675
2023-11-13,Biotin,Vitamin,71,156,234,22.9,30.53,0.24,4762.68,1190.67,Sindh,1,2,9,3,2023,11,46,4,317,143.0,157.0,154.0,125.0,152.5,6.454972243679091
2023-11-20,Biotin,Vitamin,224,153,230,20.47,27.29,0.17,4175.37,1043.84,Balochistan,0,2,9,0,2023,11,47,4,324,156.0,143.0,157.0,154.0,152.25,6.3966136874652255
2023-11-27,Biotin,Vitamin,474,145,218,17.85,23.8,0.05,3451.0,862.75,Punjab,0,2,9,2,2023,11,48,4,331,153.0,156.0,143.0,157.0,149.25,6.238322424071029
2023-12-04,Biotin,Vitamin,218,166,249,23.59,31.45,0.19,5220.7,1305.18,KP,0,2,9,1,2023,12,49,4,338,145.0,153.0,156.0,143.0,155.0,8.679477710861066
2023-12-11,Biotin,Vitamin,86,162,243,43.18,57.57,0.04,9326.34,2331.59,Sindh,0,2,9,3,2023,12,50,4,345,166.0,145.0,153.0,156.0,156.5,9.398581453247829
2023-12-18,Biotin,Vitamin,223,169,254,40.07,53.43,0.22,9029.67,2257.42,Sindh,1,2,9,3,2023,12,51,4,352,162.0,166.0,145.0,153.0,160.5,10.723805294763645
2023-12-25,Biotin,Vitamin,334,165,248,40.69,54.25,0.1,8951.25,2237.81,KP,0,2,9,1,2023,12,52,4,359,169.0,162.0,166.0,145.0,165.5,2.8867513459482708
2024-01-01,Biotin,Vitamin,118,153,230,40.49,53.99,0.11,8260.47,2065.12,Sindh,1,2,9,3,2024,1,1,1,1,165.0,169.0,162.0,166.0,162.25,6.800735254367784
2024-01-08,Biotin,Vitamin,492,147,221,14.73,19.64,0.03,2887.08,721.77,Punjab,1,2,9,2,2024,1,2,1,8,153.0,165.0,169.0,162.0,158.5,10.24695076595964
2024-01-15,Biotin,Vitamin,341,171,257,27.72,36.96,0.07,6320.16,1580.04,Balochistan,1,2,9,0,2024,1,3,1,15,147.0,153.0,165.0,169.0,159.0,10.954451150103361
2024-01-22,Biotin,Vitamin,274,140,210,31.01,41.34,0.0,5787.6,1446.9,Balochistan,0,2,9,0,2024,1,4,1,22,171.0,147.0,153.0,165.0,152.75,13.275918047351787
2024-01-29,Biotin,Vitamin,129,171,257,15.65,20.86,0.03,3567.06,891.77,KP,0,2,9,1,2024,1,5,1,29,140.0,171.0,147.0,153.0,157.25,16.132265804901706
2024-02-05,Biotin,Vitamin,270,165,248,20.24,26.98,0.22,4451.7,1112.93,Balochistan,1,2,9,0,2024,2,6,1,36,171.0,140.0,171.0,147.0,161.75,14.77328670269419
2024-02-12,Biotin,Vitamin,241,142,213,23.09,30.79,0.15,4372.18,1093.05,Punjab,0,2,9,2,2024,2,7,1,43,165.0,171.0,140.0,171.0,154.5,15.800843859321803
2024-02-19,Biotin,Vitamin,477,150,225,10.42,13.89,0.01,2083.5,520.88,Balochistan,0,2,9,0,2024,2,8,1,50,142.0,165.0,171.0,140.0,157.0,13.341664064126366
2024-02-26,Biotin,Vitamin,318,159,239,38.52,51.36,0.19,8166.24,2041.56,Balochistan,0,2,9,0,2024,2,9,1,57,150.0,142.0,165.0,171.0,154.0,10.099504938362124
2024-03-04,Biotin,Vitamin,66,161,242,12.32,16.43,0.25,2645.23,661.31,Balochistan,1,2,9,0,2024,3,10,1,64,159.0,150.0,142.0,165.0,153.0,8.755950357709184
2024-03-11,Biotin,Vitamin,188,164,246,35.13,46.84,0.09,7681.76,1920.44,Balochistan,0,2,9,0,2024,3,11,1,71,161.0,159.0,150.0,142.0,158.5,6.027713773341788
2024-03-18,Biotin,Vitamin,98,164,246,39.68,52.9,0.12,8675.6,2168.9,Balochistan,1,2,9,0,2024,3,12,1,78,164.0,161.0,159.0,150.0,162.0,2.4494897427833697
2024-03-25,Biotin,Vitamin,220,154,231,33.02,44.03,0.08,6780.62,1695.16,KP,0,2,9,1,2024,3,13,1,85,164.0,164.0,161.0,159.0,160.75,4.716990566028401
2024-04-01,Biotin,Vitamin,130,154,231,21.54,28.72,0.05,4422.88,1105.72,Balochistan,1,2,9,0,2024,4,14,2,92,154.0,164.0,164.0,161.0,159.0,5.773502691896337
2024-04-08,Biotin,Vitamin,217,144,216,24.47,32.63,0.01,4698.72,1174.68,Balochistan,0,2,9,0,2024,4,15,2,99,154.0,154.0,164.0,164.0,154.0,8.16496580927732
2024-04-15,Biotin,Vitamin,248,149,224,25.04,33.39,0.05,4975.11,1243.78,Balochistan,0,2,9,0,2024,4,16,2,106,144.0,154.0,154.0,164.0,150.25,4.787135538781787
2024-04-22,Biotin,Vitamin,71,148,222,34.12,45.49,0.25,6732.52,1683.13,KP,0,2,9,1,2024,4,17,2,113,149.0,144.0,154.0,154.0,148.75,4.112987559751135
2024-04-29,Biotin,Vitamin,177,160,240,24.57,32.76,0.04,5241.6,1310.4,Balochistan,1,2,9,0,2024,4,18,2,120,148.0,149.0,144.0,154.0,150.25,6.849574196011574
2024-05-06,Biotin,Vitamin,481,125,188,41.75,55.66,0.2,6957.5,1739.38,Punjab,1,2,9,2,2024,5,19,2,127,160.0,148.0,149.0,144.0,145.5,14.708274315273504
2024-05-13,Biotin,Vitamin,378,126,189,35.36,47.15,0.03,5940.9,1485.23,Balochistan,0,2,9,0,2024,5,20,2,134,125.0,160.0,148.0,149.0,139.75,17.173137938847045
2024-05-20,Biotin,Vitamin,329,150,225,42.79,57.05,0.05,8557.5,2139.38,Punjab,0,2,9,2,2024,5,21,2,141,126.0,125.0,160.0,148.0,140.25,17.519037264263915
2024-05-27,Biotin,Vitamin,322,147,221,16.22,21.63,0.17,3179.61,794.9,Sindh,1,2,9,3,2024,5,22,2,148,150.0,126.0,125.0,160.0,137.0,13.341664064126372
2024-06-03,Biotin,Vitamin,286,133,200,37.15,49.53,0.05,6587.49,1646.87,Punjab,0,2,9,2,2024,6,23,2,155,147.0,150.0,126.0,125.0,139.0,11.401754250991424
2024-06-10,Biotin,Vitamin,286,143,215,38.5,51.33,0.0,7340.19,1835.05,KP,1,2,9,1,2024,6,24,2,162,133.0,147.0,150.0,126.0,143.25,7.410578025138634
2024-06-17,Biotin,Vitamin,95,155,233,29.39,39.18,0.05,6072.9,1518.23,Sindh,1,2,9,3,2024,6,25,2,169,143.0,133.0,147.0,150.0,144.5,9.146948489341547
2024-06-24,Biotin,Vitamin,72,129,194,36.59,48.78,0.02,6292.62,1573.16,Balochistan,1,2,9,0,2024,6,26,2,176,155.0,143.0,133.0,147.0,140.0,11.604596790352845
2024-07-01,Biotin,Vitamin,209,151,227,29.86,39.81,0.24,6011.31,1502.83,Balochistan,0,2,9,0,2024,7,27,3,183,129.0,155.0,143.0,133.0,144.5,11.474609652039042
2024-07-08,Biotin,Vitamin,214,147,221,9.71,12.94,0.13,1902.18,475.55,Balochistan,0,2,9,0,2024,7,28,3,190,151.0,129.0,155.0,143.0,145.5,11.474609652039042
2024-07-15,Biotin,Vitamin,272,149,224,34.37,45.82,0.22,6827.18,1706.8,Punjab,0,2,9,2,2024,7,29,3,197,147.0,151.0,129.0,155.0,144.0,10.132456102380486
2024-07-22,Biotin,Vitamin,87,162,243,43.5,58.0,0.07,9396.0,2349.0,Balochistan,1,2,9,0,2024,7,30,3,204,149.0,147.0,151.0,129.0,152.25,6.701989754294432
2024-07-29,Biotin,Vitamin,398,153,230,34.46,45.94,0.08,7028.82,1757.21,Balochistan,1,2,9,0,2024,7,31,3,211,162.0,149.0,147.0,151.0,152.75,6.652067347825102
2024-08-05,Biotin,Vitamin,201,173,260,20.27,27.02,0.19,4674.46,1168.62,Punjab,1,2,9,2,2024,8,32,3,218,153.0,162.0,149.0,147.0,159.25,10.657548185832155
2024-08-12,Biotin,Vitamin,215,136,204,33.78,45.04,0.14,6125.44,1531.36,Punjab,1,2,9,2,2024,8,33,3,225,173.0,153.0,162.0,149.0,156.0,15.641824275533452
2024-08-19,Biotin,Vitamin,133,168,252,35.24,46.98,0.03,7892.64,1973.16,Sindh,0,2,9,3,2024,8,34,3,232,136.0,173.0,153.0,162.0,157.5,16.663332999933345
2024-08-26,Biotin,Vitamin,412,143,215,30.11,40.15,0.11,5741.45,1435.36,Balochistan,1,2,9,0,2024,8,35,3,239,168.0,136.0,173.0,153.0,155.0,18.239152027072628
2024-09-02,Biotin,Vitamin,129,159,239,32.24,42.98,0.18,6833.82,1708.46,KP,0,2,9,1,2024,9,36,3,246,143.0,168.0,136.0,173.0,151.5,14.617341299520497
2024-09-09,Biotin,Vitamin,472,150,225,40.31,53.75,0.04,8062.5,2015.63,Sindh,0,2,9,3,2024,9,37,3,253,159.0,143.0,168.0,136.0,155.0,10.86278049120026
2024-09-16,Biotin,Vitamin,104,160,240,28.4,37.86,0.09,6057.6,1514.4,Sindh,1,2,9,3,2024,9,38,3,260,150.0,159.0,143.0,168.0,153.0,8.041558721209936
2024-09-23,Biotin,Vitamin,372,151,227,41.8,55.73,0.14,8415.23,2103.81,Sindh,1,2,9,3,2024,9,39,3,267,160.0,150.0,159.0,143.0,155.0,5.228129047119461
2024-09-30,Biotin,Vitamin,236,150,225,44.88,59.84,0.19,8976.0,2244.0,KP,1,2,9,1,2024,9,40,3,274,151.0,160.0,150.0,159.0,152.75,4.856267428111247
2024-10-07,Biotin,Vitamin,271,121,182,38.05,50.73,0.16,6138.33,1534.58,Punjab,0,2,9,2,2024,10,41,4,281,150.0,151.0,160.0,150.0,145.5,16.94107434609744
2024-10-14,Biotin,Vitamin,94,159,239,29.46,39.28,0.17,6245.52,1561.38,KP,0,2,9,1,2024,10,42,4,288,121.0,150.0,151.0,160.0,145.25,16.660832312142578
2024-10-21,Biotin,Vitamin,481,137,206,22.32,29.76,0.22,4077.12,1019.28,Sindh,0,2,9,3,2024,10,43,4,295,159.0,121.0,150.0,151.0,141.75,16.5201896679992
2024-10-28,Biotin,Vitamin,358,147,221,11.03,14.71,0.06,2162.37,540.59,Punjab,0,2,9,2,2024,10,44,4,302,137.0,159.0,121.0,150.0,141.0,16.083117442419784
2024-11-04,Biotin,Vitamin,435,156,234,44.55,59.4,0.04,9266.4,2316.6,Balochistan,0,2,9,0,2024,11,45,4,309,147.0,137.0,159.0,121.0,149.75,9.912113800799553
2024-11-11,Biotin,Vitamin,81,161,242,22.56,30.08,0.1,4842.88,1210.72,Punjab,0,2,9,2,2024,11,46,4,316,156.0,147.0,137.0,159.0,150.25,10.563301251660594
2024-11-18,Biotin,Vitamin,228,153,230,18.24,24.32,0.07,3720.96,930.24,Punjab,1,2,9,2,2024,11,47,4,323,161.0,156.0,147.0,137.0,154.25,5.852349955359897
2024-11-25,Biotin,Vitamin,99,185,278,32.99,43.99,0.07,8138.15,2034.54,Balochistan,1,2,9,0,2024,11,48,4,330,153.0,161.0,156.0,147.0,163.75,14.54590434910578
2024-12-02,Biotin,Vitamin,208,149,224,41.03,54.7,0.05,8150.3,2037.58,Sindh,1,2,9,3,2024,12,49,4,337,185.0,153.0,161.0,156.0,162.0,16.124515496597134
2024-12-09,Biotin,Vitamin,339,147,221,26.57,35.43,0.07,5208.21,1302.05,Punjab,1,2,9,2,2024,12,50,4,344,149.0,185.0,153.0,161.0,158.5,17.841898254763546
2024-12-16,Biotin,Vitamin,266,157,236,21.69,28.92,0.19,4540.44,1135.11,Punjab,1,2,9,2,2024,12,51,4,351,147.0,149.0,185.0,153.0,159.5,17.540429489230526
2024-12-23,Biotin,Vitamin,255,151,227,29.06,38.75,0.19,5851.25,1462.81,Sindh,1,2,9,3,2024,12,52,4,358,157.0,147.0,149.0,185.0,151.0,4.320493798938705
2024-12-30,Biotin,Vitamin,204,144,216,15.28,20.37,0.1,2933.28,733.32,Balochistan,0,2,9,0,2024,12,1,4,365,151.0,157.0,147.0,149.0,149.75,5.619905100029222
2025-01-06,Biotin,Vitamin,340,186,279,25.41,33.88,0.02,6301.68,1575.42,Balochistan,1,2,9,0,2025,1,2,1,6,144.0,151.0,157.0,147.0,159.5,18.448125469362317
2025-01-13,Biotin,Vitamin,174,153,230,13.73,18.31,0.15,2801.43,700.36,Balochistan,0,2,9,0,2025,1,3,1,13,186.0,144.0,151.0,157.0,158.5,18.734993995195225
2025-01-20,Biotin,Vitamin,499,146,219,27.3,36.4,0.19,5314.4,1328.6,Balochistan,0,2,9,0,2025,1,4,1,20,153.0,186.0,144.0,151.0,157.25,19.55121479601718
2025-01-27,Biotin,Vitamin,144,157,236,32.64,43.52,0.06,6832.64,1708.16,Punjab,1,2,9,2,2025,1,5,1,27,146.0,153.0,186.0,144.0,160.5,17.597348285087385
2025-02-03,Biotin,Vitamin,149,147,221,35.94,47.92,0.07,7044.24,1761.06,Punjab,0,2,9,2,2025,2,6,1,34,157.0,146.0,153.0,186.0,150.75,5.188127472091244
2025-02-10,Biotin,Vitamin,433,153,230,8.78,11.71,0.04,1791.63,447.91,KP,1,2,9,1,2025,2,7,1,41,147.0,157.0,146.0,153.0,150.75,5.188127472091244
2025-02-17,Biotin,Vitamin,327,154,231,19.89,26.52,0.21,4084.08,1021.02,Balochistan,0,2,9,0,2025,2,8,1,48,153.0,147.0,157.0,146.0,152.75,4.193248541803183
2025-02-24,Biotin,Vitamin,322,131,197,29.39,39.19,0.24,5133.89,1283.47,Balochistan,0,2,9,0,2025,2,9,1,55,154.0,153.0,147.0,157.0,146.25,10.626225419530114
2025-03-03,Biotin,Vitamin,142,142,213,12.31,16.41,0.19,2330.22,582.56,Balochistan,0,2,9,0,2025,3,10,1,62,131.0,154.0,153.0,147.0,145.0,10.801234497346492
2025-03-10,Biotin,Vitamin,294,145,218,27.87,37.16,0.08,5388.2,1347.05,Sindh,1,2,9,3,2025,3,11,1,69,142.0,131.0,154.0,153.0,143.0,9.486832980505204
2025-03-17,Biotin,Vitamin,410,134,201,33.51,44.68,0.12,5987.12,1496.78,Balochistan,0,2,9,0,2025,3,12,1,76,145.0,142.0,131.0,154.0,138.0,6.582805886043933
2025-03-24,Biotin,Vitamin,202,150,225,15.8,21.06,0.06,3159.0,789.75,Balochistan,1,2,9,0,2025,3,13,1,83,134.0,145.0,142.0,131.0,142.75,6.701989754294462
2025-03-31,Biotin,Vitamin,54,154,231,28.59,38.12,0.22,5870.48,1467.62,Punjab,1,2,9,2,2025,3,14,1,90,150.0,134.0,145.0,142.0,145.75,8.655441448399264
2020-02-03,Collagen Peptides,Protein,485,153,230,37.43,49.9,0.1,7634.7,1908.68,Balochistan,0,3,7,0,2020,2,6,1,34,126.0,161.0,134.0,147.0,143.5,16.258331197676263
2020-02-10,Collagen Peptides,Protein,369,155,233,40.17,53.56,0.19,8301.8,2075.45,Punjab,0,3,7,2,2020,2,7,1,41,153.0,126.0,161.0,134.0,148.75,15.54295124271235
2020-02-17,Collagen Peptides,Protein,108,132,198,25.79,34.38,0.16,4538.16,1134.54,Punjab,1,3,7,2,2020,2,8,1,48,155.0,153.0,126.0,161.0,141.5,14.66287829861518
2020-02-24,Collagen Peptides,Protein,284,169,254,27.53,36.7,0.04,6202.3,1550.58,Punjab,1,3,7,2,2020,2,9,1,55,132.0,155.0,153.0,126.0,152.25,15.261607604268521
2020-03-02,Collagen Peptides,Protein,377,152,228,36.08,48.1,0.21,7311.2,1827.8,Punjab,1,3,7,2,2020,3,10,1,62,169.0,132.0,155.0,153.0,152.0,15.253414918196736
2020-03-09,Collagen Peptides,Protein,453,162,243,15.41,20.54,0.24,3327.48,831.87,Punjab,1,3,7,2,2020,3,11,1,69,152.0,169.0,132.0,155.0,153.75,16.090887690449733
2020-03-16,Collagen Peptides,Protein,131,158,237,38.98,51.97,0.0,8211.26,2052.82,Balochistan,0,3,7,0,2020,3,12,1,76,162.0,152.0,169.0,132.0,160.25,7.1355915428692205
2020-03-23,Collagen Peptides,Protein,86,156,234,36.53,48.7,0.19,7597.2,1899.3,Balochistan,0,3,7,0,2020,3,13,1,83,158.0,162.0,152.0,169.0,157.0,4.163331998932279
2020-03-30,Collagen Peptides,Protein,57,165,248,43.52,58.03,0.05,9574.95,2393.74,KP,0,3,7,1,2020,3,14,1,90,156.0,158.0,162.0,152.0,160.25,4.031128874149291
2020-04-06,Collagen Peptides,Protein,381,153,230,19.94,26.58,0.21,4066.74,1016.69,Balochistan,0,3,7,0,2020,4,15,2,97,165.0,156.0,158.0,162.0,158.0,5.099019513592796
2020-04-13,Collagen Peptides,Protein,161,142,213,14.82,19.76,0.09,2805.92,701.48,Balochistan,0,3,7,0,2020,4,16,2,104,153.0,165.0,156.0,158.0,154.0,9.486832980505143
2020-04-20,Collagen Peptides,Protein,57,147,221,22.41,29.88,0.07,4392.36,1098.09,Punjab,1,3,7,2,2020,4,17,2,111,142.0,153.0,165.0,156.0,151.75,9.912113800799512
2020-04-27,Collagen Peptides,Protein,334,138,207,35.36,47.14,0.18,6505.32,1626.33,Balochistan,0,3,7,0,2020,4,18,2,118,147.0,142.0,153.0,165.0,145.0,6.4807406984078755
2020-05-04,Collagen Peptides,Protein,80,140,210,13.7,18.26,0.0,2556.4,639.1,KP,0,3,7,1,2020,5,19,2,125,138.0,147.0,142.0,153.0,141.75,3.862210075418852
2020-05-11,Collagen Peptides,Protein,449,152,228,15.76,21.01,0.09,3193.52,798.38,Balochistan,0,3,7,0,2020,5,20,2,132,140.0,138.0,147.0,142.0,144.25,6.44851404071772
2020-05-18,Collagen Peptides,Protein,93,140,210,8.96,11.95,0.17,1673.0,418.25,Balochistan,0,3,7,0,2020,5,21,2,139,152.0,140.0,138.0,147.0,142.5,6.40312423743287
2020-05-25,Collagen Peptides,Protein,190,150,225,13.26,17.68,0.14,2652.0,663.0,Punjab,0,3,7,2,2020,5,22,2,146,140.0,152.0,140.0,138.0,145.5,6.40312423743287
2020-06-01,Collagen Peptides,Protein,391,143,215,39.01,52.01,0.25,7437.43,1859.36,Punjab,0,3,7,2,2020,6,23,2,153,150.0,140.0,152.0,140.0,146.25,5.678908345800297
2020-06-08,Collagen Peptides,Protein,500,160,240,38.54,51.38,0.04,8220.8,2055.2,KP,0,3,7,1,2020,6,24,2,160,143.0,150.0,140.0,152.0,148.25,8.883505314157633
2020-06-15,Collagen Peptides,Protein,353,148,222,16.75,22.33,0.12,3304.84,826.21,Balochistan,1,3,7,0,2020,6,25,2,167,160.0,143.0,150.0,140.0,150.25,7.135591542869232
2020-06-22,Collagen Peptides,Protein,469,145,218,38.27,51.03,0.12,7399.35,1849.84,Balochistan,1,3,7,0,2020,6,26,2,174,148.0,160.0,143.0,150.0,149.0,7.615773105863925
2020-06-29,Collagen Peptides,Protein,247,151,227,23.68,31.57,0.09,4767.07,1191.77,KP,0,3,7,1,2020,6,27,2,181,145.0,148.0,160.0,143.0,151.0,6.48074069840788
2020-07-06,Collagen Peptides,Protein,342,131,197,20.15,26.87,0.22,3519.97,879.99,Sindh,1,3,7,3,2020,7,28,3,188,151.0,145.0,148.0,160.0,143.75,8.84590300647708
2020-07-13,Collagen Peptides,Protein,455,144,216,29.78,39.71,0.15,5718.24,1429.56,KP,1,3,7,1,2020,7,29,3,195,131.0,151.0,145.0,148.0,142.75,8.421203397773203
2020-07-20,Collagen Peptides,Protein,179,180,270,26.79,35.72,0.02,6429.6,1607.4,Balochistan,0,3,7,0,2020,7,30,3,202,144.0,131.0,151.0,145.0,151.5,20.72840241472234
2020-07-27,Collagen Peptides,Protein,87,157,236,32.84,43.78,0.1,6873.46,1718.37,KP,0,3,7,1,2020,7,31,3,209,180.0,144.0,131.0,151.0,153.0,20.896570691543314
2020-08-03,Collagen Peptides,Protein,387,156,234,37.86,50.48,0.24,7874.88,1968.72,Punjab,0,3,7,2,2020,8,32,3,216,157.0,180.0,144.0,131.0,159.25,15.041608956491332
2020-08-10,Collagen Peptides,Protein,183,177,266,21.83,29.11,0.14,5152.47,1288.12,KP,1,3,7,1,2020,8,33,3,223,156.0,157.0,180.0,144.0,167.5,12.767145334803713
2020-08-17,Collagen Peptides,Protein,398,141,212,29.97,39.96,0.13,5634.36,1408.59,KP,1,3,7,1,2020,8,34,3,230,177.0,156.0,157.0,180.0,157.75,14.773286702694168
2020-08-24,Collagen Peptides,Protein,225,174,261,36.82,49.09,0.19,8541.66,2135.42,KP,1,3,7,1,2020,8,35,3,237,141.0,177.0,156.0,157.0,162.0,16.792855623746675
2020-08-31,Collagen Peptides,Protein,404,132,198,32.66,43.55,0.17,5748.6,1437.15,Punjab,1,3,7,2,2020,8,36,3,244,174.0,141.0,177.0,156.0,156.0,22.847319317591733
2020-09-07,Collagen Peptides,Protein,214,165,248,7.88,10.5,0.19,1732.5,433.13,Punjab,0,3,7,2,2020,9,37,3,251,132.0,174.0,141.0,177.0,153.0,19.748417658131505
2020-09-14,Collagen Peptides,Protein,231,118,177,43.34,57.78,0.24,6818.04,1704.51,Punjab,1,3,7,2,2020,9,38,3,258,165.0,132.0,174.0,141.0,147.25,26.57536453183663
2020-09-21,Collagen Peptides,Protein,394,153,230,9.36,12.48,0.06,1909.44,477.36,KP,1,3,7,1,2020,9,39,3,265,118.0,165.0,132.0,174.0,142.0,21.023796041628646
2020-09-28,Collagen Peptides,Protein,443,161,242,14.32,19.09,0.11,3073.49,768.37,KP,1,3,7,1,2020,9,40,3,272,153.0,118.0,165.0,132.0,149.25,21.42234036389738
2020-10-05,Collagen Peptides,Protein,210,153,230,8.87,11.82,0.01,1808.46,452.12,Punjab,1,3,7,2,2020,10,41,4,279,161.0,153.0,118.0,165.0,146.25,19.207203509794624
2020-10-12,Collagen Peptides,Protein,413,148,222,40.7,54.26,0.02,8030.48,2007.62,Balochistan,1,3,7,0,2020,10,42,4,286,153.0,161.0,153.0,118.0,153.75,5.377421934967262
2020-10-19,Collagen Peptides,Protein,131,152,228,43.94,58.59,0.13,8905.68,2226.42,Balochistan,1,3,7,0,2020,10,43,4,293,148.0,153.0,161.0,153.0,153.5,5.446711546122766
2020-10-26,Collagen Peptides,Protein,421,148,222,35.0,46.66,0.25,6905.68,1726.42,Punjab,1,3,7,2,2020,10,44,4,300,152.0,148.0,153.0,161.0,150.25,2.6299556396766572
2020-11-02,Collagen Peptides,Protein,254,153,230,15.41,20.55,0.21,3144.15,786.04,Sindh,1,3,7,3,2020,11,45,4,307,148.0,152.0,148.0,153.0,150.25,2.6299556396766572
2020-11-09,Collagen Peptides,Protein,107,133,200,38.79,51.72,0.14,6878.76,1719.69,Balochistan,0,3,7,0,2020,11,46,4,314,153.0,148.0,152.0,148.0,146.5,9.255628917943234
2020-11-16,Collagen Peptides,Protein,312,141,212,12.2,16.26,0.16,2292.66,573.17,Punjab,0,3,7,2,2020,11,47,4,321,133.0,153.0,148.0,152.0,143.75,8.693867570496671
2020-11-23,Collagen Peptides,Protein,58,135,203,26.27,35.03,0.23,4729.05,1182.26,Balochistan,0,3,7,0,2020,11,48,4,328,141.0,133.0,153.0,148.0,140.5,9.000000000000021
2020-11-30,Collagen Peptides,Protein,397,166,249,16.98,22.64,0.02,3758.24,939.56,Balochistan,1,3,7,0,2020,11,49,4,335,135.0,141.0,133.0,153.0,143.75,15.217862311551308
2020-12-07,Collagen Peptides,Protein,486,147,221,12.89,17.19,0.0,2526.93,631.73,KP,0,3,7,1,2020,12,50,4,342,166.0,135.0,141.0,133.0,147.25,13.425721582097564
2020-12-14,Collagen Peptides,Protein,155,146,219,33.18,44.24,0.05,6459.04,1614.76,Balochistan,1,3,7,0,2020,12,51,4,349,147.0,166.0,135.0,141.0,148.5,12.871156384205229
2020-12-21,Collagen Peptides,Protein,304,152,228,23.18,30.9,0.21,4696.8,1174.2,Sindh,1,3,7,3,2020,12,52,4,356,146.0,147.0,166.0,135.0,152.75,9.215023964519409
2020-12-28,Collagen Peptides,Protein,485,143,215,12.25,16.33,0.04,2335.19,583.8,Punjab,1,3,7,2,2020,12,53,4,363,152.0,146.0,147.0,166.0,147.0,3.7416573867739946
2021-01-04,Collagen Peptides,Protein,413,161,242,12.59,16.78,0.04,2701.58,675.4,Sindh,0,3,7,3,2021,1,1,1,4,143.0,152.0,146.0,147.0,150.5,7.937253933193797
2021-01-11,Collagen Peptides,Protein,495,126,189,29.66,39.54,0.16,4982.04,1245.51,Sindh,0,3,7,3,2021,1,2,1,11,161.0,143.0,152.0,146.0,145.5,14.93318452306809
2021-01-18,Collagen Peptides,Protein,205,151,227,42.94,57.25,0.17,8644.75,2161.19,KP,1,3,7,1,2021,1,3,1,18,126.0,161.0,143.0,152.0,145.25,14.79583274664414
2021-01-25,Collagen Peptides,Protein,194,134,201,17.58,23.44,0.01,3140.96,785.24,Sindh,0,3,7,3,2021,1,4,1,25,151.0,126.0,161.0,143.0,143.0,15.89549202342183
2021-02-01,Collagen Peptides,Protein,323,172,258,10.33,13.77,0.06,2368.44,592.11,Punjab,1,3,7,2,2021,2,5,1,32,134.0,151.0,126.0,161.0,145.75,20.3695033485519
2021-02-08,Collagen Peptides,Protein,242,131,197,14.99,19.98,0.09,2617.38,654.35,KP,0,3,7,1,2021,2,6,1,39,172.0,134.0,151.0,126.0,147.0,18.8502873541316
2021-02-15,Collagen Peptides,Protein,70,152,228,32.32,43.09,0.09,6549.68,1637.42,Punjab,0,3,7,2,2021,2,7,1,46,131.0,172.0,134.0,151.0,147.25,18.92749323074771
2021-02-22,Collagen Peptides,Protein,59,145,218,26.37,35.16,0.08,5098.2,1274.55,Punjab,0,3,7,2,2021,2,8,1,53,152.0,131.0,172.0,134.0,150.0,17.068489485989492
2021-03-01,Collagen Peptides,Protein,317,153,230,26.36,35.15,0.02,5377.95,1344.49,Punjab,0,3,7,2,2021,3,9,1,60,145.0,152.0,131.0,172.0,145.25,10.144785195688822
2021-03-08,Collagen Peptides,Protein,137,159,239,24.26,32.34,0.0,5142.06,1285.52,Balochistan,1,3,7,0,2021,3,10,1,67,153.0,145.0,152.0,131.0,152.25,5.737304826019538
2021-03-15,Collagen Peptides,Protein,292,156,234,29.47,39.29,0.15,6129.24,1532.31,KP,1,3,7,1,2021,3,11,1,74,159.0,153.0,145.0,152.0,153.25,6.020797289396182
2021-03-22,Collagen Peptides,Protein,474,151,227,37.67,50.22,0.02,7583.22,1895.81,KP,1,3,7,1,2021,3,12,1,81,156.0,159.0,153.0,145.0,154.75,3.500000000000058
2021-03-29,Collagen Peptides,Protein,134,162,243,12.41,16.55,0.19,2681.1,670.28,KP,0,3,7,1,2021,3,13,1,88,151.0,156.0,159.0,153.0,157.0,4.690415759823471
2021-04-05,Collagen Peptides,Protein,330,152,228,12.77,17.02,0.16,2587.04,646.76,Balochistan,0,3,7,0,2021,4,14,2,95,162.0,151.0,156.0,159.0,155.25,4.9916597106240195
2021-04-12,Collagen Peptides,Protein,120,151,227,25.51,34.01,0.09,5135.51,1283.88,Balochistan,0,3,7,0,2021,4,15,2,102,152.0,162.0,151.0,156.0,154.0,5.354126134736375
2021-04-19,Collagen Peptides,Protein,355,152,228,31.91,42.54,0.03,6466.08,1616.52,KP,1,3,7,1,2021,4,16,2,109,151.0,152.0,162.0,151.0,154.25,5.188127472091166
2021-04-26,Collagen Peptides,Protein,73,155,233,10.67,14.23,0.03,2205.65,551.41,Balochistan,0,3,7,0,2021,4,17,2,116,152.0,151.0,152.0,162.0,152.5,1.7320508075689907
2021-05-03,Collagen Peptides,Protein,321,165,248,13.4,17.86,0.17,2946.9,736.73,KP,1,3,7,1,2021,5,18,2,123,155.0,152.0,151.0,152.0,155.75,6.396613687465196
2021-05-10,Collagen Peptides,Protein,156,155,233,9.35,12.46,0.01,1931.3,482.83,Sindh,1,3,7,3,2021,5,19,2,130,165.0,155.0,152.0,151.0,156.75,5.678908345800311
2021-05-17,Collagen Peptides,Protein,475,176,264,20.33,27.1,0.23,4769.6,1192.4,Sindh,0,3,7,3,2021,5,20,2,137,155.0,165.0,155.0,152.0,162.75,10.01249219725041
2021-05-24,Collagen Peptides,Protein,273,138,207,20.92,27.89,0.0,3848.82,962.21,Punjab,0,3,7,2,2021,5,21,2,144,176.0,155.0,165.0,155.0,158.5,16.134848413707942
2021-05-31,Collagen Peptides,Protein,192,173,260,43.13,57.51,0.02,9949.23,2487.31,Sindh,1,3,7,3,2021,5,22,2,151,138.0,176.0,155.0,165.0,160.5,17.635192088548408
2021-06-07,Collagen Peptides,Protein,368,141,212,20.49,27.32,0.24,3852.12,963.03,Sindh,1,3,7,3,2021,6,23,2,158,173.0,138.0,176.0,155.0,157.0,20.28135432690169
2021-06-14,Collagen Peptides,Protein,417,142,213,12.26,16.35,0.23,2321.7,580.43,KP,0,3,7,1,2021,6,24,2,165,141.0,173.0,138.0,176.0,148.5,16.421530582338146
2021-06-21,Collagen Peptides,Protein,282,143,215,14.03,18.7,0.19,2674.1,668.53,Balochistan,1,3,7,0,2021,6,25,2,172,142.0,141.0,173.0,138.0,149.75,15.521490478258428
2021-06-28,Collagen Peptides,Protein,67,160,240,30.66,40.88,0.16,6540.8,1635.2,Balochistan,1,3,7,0,2021,6,26,2,179,143.0,142.0,141.0,173.0,146.5,9.03696114115066
2021-07-05,Collagen Peptides,Protein,345,153,230,26.81,35.75,0.04,5469.75,1367.44,Balochistan,1,3,7,0,2021,7,27,3,186,160.0,143.0,142.0,141.0,149.5,8.582928793055842
2021-07-12,Collagen Peptides,Protein,213,148,222,18.56,24.75,0.0,3663.0,915.75,Punjab,0,3,7,2,2021,7,28,3,193,153.0,160.0,143.0,142.0,151.0,7.257180352359105
2021-07-19,Collagen Peptides,Protein,441,146,219,41.8,55.73,0.02,8136.58,2034.15,KP,0,3,7,1,2021,7,29,3,200,148.0,153.0,160.0,143.0,151.75,6.238322424070996
2021-07-26,Collagen Peptides,Protein,483,142,213,37.52,50.02,0.11,7102.84,1775.71,Sindh,1,3,7,3,2021,7,30,3,207,146.0,148.0,153.0,160.0,147.25,4.573474244670789
2021-08-02,Collagen Peptides,Protein,276,167,251,19.25,25.66,0.19,4285.22,1071.31,Balochistan,0,3,7,0,2021,8,31,3,214,142.0,146.0,148.0,153.0,150.75,11.116804097101543
2021-08-09,Collagen Peptides,Protein,230,157,236,23.06,30.74,0.19,4826.18,1206.55,Punjab,0,3,7,2,2021,8,32,3,221,167.0,142.0,146.0,148.0,153.0,11.284207253207187
2021-08-16,Collagen Peptides,Protein,384,141,212,44.27,59.02,0.12,8321.82,2080.46,Sindh,1,3,7,3,2021,8,33,3,228,157.0,167.0,142.0,146.0,151.75,12.526638282742383
2021-08-23,Collagen Peptides,Protein,301,133,200,17.81,23.75,0.02,3158.75,789.69,Sindh,1,3,7,3,2021,8,34,3,235,141.0,157.0,167.0,142.0,149.5,15.351438586225951
2021-08-30,Collagen Peptides,Protein,133,119,179,29.09,38.78,0.24,4614.82,1153.71,Balochistan,0,3,7,0,2021,8,35,3,242,133.0,141.0,157.0,167.0,137.5,15.864005379054401
2021-09-06,Collagen Peptides,Protein,147,147,221,43.56,58.08,0.13,8537.76,2134.44,KP,1,3,7,1,2021,9,36,3,249,119.0,133.0,141.0,157.0,135.0,12.110601416389978
2021-09-13,Collagen Peptides,Protein,244,146,219,25.35,33.8,0.03,4934.8,1233.7,Balochistan,0,3,7,0,2021,9,37,3,256,147.0,119.0,133.0,141.0,136.25,13.149778198382927
2021-09-20,Collagen Peptides,Protein,193,141,212,34.07,45.42,0.09,6404.22,1601.06,Sindh,1,3,7,3,2021,9,38,3,263,146.0,147.0,119.0,133.0,138.25,13.098982148752382
2021-09-27,Collagen Peptides,Protein,498,146,219,7.85,10.46,0.12,1527.16,381.79,Balochistan,0,3,7,0,2021,9,39,3,270,141.0,146.0,147.0,119.0,145.0,2.708012801545374
2021-10-04,Collagen Peptides,Protein,271,142,213,11.71,15.61,0.07,2216.62,554.16,Sindh,1,3,7,3,2021,10,40,4,277,146.0,141.0,146.0,147.0,143.75,2.6299556396766417
2021-10-11,Collagen Peptides,Protein,108,157,236,21.72,28.96,0.09,4546.72,1136.68,Balochistan,1,3,7,0,2021,10,41,4,284,142.0,146.0,141.0,146.0,146.5,7.3257536586119905
2021-10-18,Collagen Peptides,Protein,402,161,242,29.62,39.49,0.05,6357.89,1589.47,KP,1,3,7,1,2021,10,42,4,291,157.0,142.0,146.0,141.0,151.5,8.962886439832516
2021-10-25,Collagen Peptides,Protein,359,137,206,12.69,16.92,0.19,2318.04,579.51,Balochistan,0,3,7,0,2021,10,43,4,298,161.0,157.0,142.0,146.0,149.25,11.557825631723883
2021-11-01,Collagen Peptides,Protein,107,133,200,16.94,22.59,0.19,3004.47,751.12,Punjab,0,3,7,2,2021,11,44,4,305,137.0,161.0,157.0,142.0,147.0,14.047538337136993
2021-11-08,Collagen Peptides,Protein,98,159,239,34.42,45.89,0.17,7296.51,1824.13,KP,0,3,7,1,2021,11,45,4,312,133.0,137.0,161.0,157.0,147.5,14.54876856186347
2021-11-15,Collagen Peptides,Protein,484,166,249,19.68,26.24,0.07,4355.84,1088.96,KP,1,3,7,1,2021,11,46,4,319,159.0,133.0,137.0,161.0,148.75,16.21470525993818
2021-11-22,Collagen Peptides,Protein,336,153,230,32.09,42.79,0.12,6546.87,1636.72,KP,0,3,7,1,2021,11,47,4,326,166.0,159.0,133.0,137.0,152.75,14.198004554631387
2021-11-29,Collagen Peptides,Protein,433,147,221,26.18,34.91,0.11,5131.77,1282.94,Balochistan,1,3,7,0,2021,11,48,4,333,153.0,166.0,159.0,133.0,156.25,8.139410298049867
2021-12-06,Collagen Peptides,Protein,391,157,236,9.02,12.02,0.1,1887.14,471.79,Balochistan,1,3,7,0,2021,12,49,4,340,147.0,153.0,166.0,159.0,155.75,7.973915809270473
2021-12-13,Collagen Peptides,Protein,448,134,201,12.83,17.1,0.18,2291.4,572.85,Sindh,0,3,7,3,2021,12,50,4,347,157.0,147.0,153.0,166.0,147.75,10.045728777279773
2021-12-20,Collagen Peptides,Protein,407,136,204,31.57,42.09,0.12,5724.24,1431.06,Punjab,1,3,7,2,2021,12,51,4,354,134.0,157.0,147.0,153.0,143.5,10.661457061146333
2021-12-27,Collagen Peptides,Protein,62,159,239,27.53,36.71,0.17,5836.89,1459.22,KP,1,3,7,1,2021,12,52,4,361,136.0,134.0,157.0,147.0,146.5,13.329166015421482
2022-01-03,Collagen Peptides,Protein,314,156,234,22.64,30.19,0.05,4709.64,1177.41,Sindh,0,3,7,3,2022,1,1,1,3,159.0,136.0,134.0,157.0,146.25,13.073510112692267
2022-01-10,Collagen Peptides,Protein,365,148,222,37.45,49.93,0.06,7389.64,1847.41,Balochistan,0,3,7,0,2022,1,2,1,10,156.0,159.0,136.0,134.0,149.75,10.275375094532247
2022-01-17,Collagen Peptides,Protein,198,149,224,23.76,31.68,0.05,4720.32,1180.08,Punjab,0,3,7,2,2022,1,3,1,17,148.0,156.0,159.0,136.0,153.0,5.354126134736359
2022-01-24,Collagen Peptides,Protein,397,162,243,43.11,57.48,0.08,9311.76,2327.94,KP,0,3,7,1,2022,1,4,1,24,149.0,148.0,156.0,159.0,153.75,6.551081335677867
2022-01-31,Collagen Peptides,Protein,321,137,206,15.88,21.17,0.02,2900.29,725.07,Sindh,0,3,7,3,2022,1,5,1,31,162.0,149.0,148.0,156.0,149.0,10.230672835481883
2022-02-07,Collagen Peptides,Protein,483,141,212,23.09,30.79,0.18,4341.39,1085.35,Sindh,1,3,7,3,2022,2,6,1,38,137.0,162.0,149.0,148.0,147.25,11.026483271348738
2022-02-14,Collagen Peptides,Protein,494,152,228,42.31,56.41,0.13,8574.32,2143.58,Balochistan,0,3,7,0,2022,2,7,1,45,141.0,137.0,162.0,149.0,148.0,11.284207253207182
2022-02-21,Collagen Peptides,Protein,248,154,231,41.31,55.08,0.23,8482.32,2120.58,Sindh,1,3,7,3,2022,2,8,1,52,152.0,141.0,137.0,162.0,146.0,8.286535263104051
2022-02-28,Collagen Peptides,Protein,155,167,251,43.02,57.36,0.09,9579.12,2394.78,Balochistan,0,3,7,0,2022,2,9,1,59,154.0,152.0,141.0,137.0,153.5,10.66145706114633
2022-03-07,Collagen Peptides,Protein,194,144,216,42.49,56.65,0.06,8157.6,2039.4,Sindh,0,3,7,3,2022,3,10,1,66,167.0,154.0,152.0,141.0,154.25,9.535023160258548
2022-03-14,Collagen Peptides,Protein,182,147,221,41.44,55.25,0.22,8121.75,2030.44,KP,0,3,7,1,2022,3,11,1,73,144.0,167.0,154.0,152.0,153.0,10.230672835481883
2022-03-21,Collagen Peptides,Protein,236,162,243,24.4,32.53,0.11,5269.86,1317.47,Sindh,0,3,7,3,2022,3,12,1,80,147.0,144.0,167.0,154.0,155.0,11.224972160321837
2022-03-28,Collagen Peptides,Protein,469,160,240,20.36,27.14,0.1,4342.4,1085.6,Sindh,1,3,7,3,2022,3,13,1,87,162.0,147.0,144.0,167.0,153.25,9.069178573608543
2022-04-04,Collagen Peptides,Protein,429,138,207,10.35,13.8,0.17,1904.4,476.1,Sindh,1,3,7,3,2022,4,14,2,94,160.0,162.0,147.0,144.0,151.75,11.324751652906135
2022-04-11,Collagen Peptides,Protein,253,134,201,14.15,18.86,0.09,2527.24,631.81,KP,1,3,7,1,2022,4,15,2,101,138.0,160.0,162.0,147.0,148.5,14.548768561863474
2022-04-18,Collagen Peptides,Protein,223,156,234,12.15,16.2,0.12,2527.2,631.8,Punjab,0,3,7,2,2022,4,16,2,108,134.0,138.0,160.0,162.0,147.0,12.909944487358068
2022-04-25,Collagen Peptides,Protein,170,131,197,43.5,58.0,0.01,7598.0,1899.5,Balochistan,0,3,7,0,2022,4,17,2,115,156.0,134.0,138.0,160.0,139.75,11.20639698267617
2022-05-02,Collagen Peptides,Protein,169,147,221,14.6,19.47,0.14,2862.09,715.52,Punjab,1,3,7,2,2022,5,18,2,122,131.0,156.0,134.0,138.0,142.0,11.63328557774344
2022-05-09,Collagen Peptides,Protein,443,146,219,21.63,28.84,0.16,4210.64,1052.66,Sindh,1,3,7,3,2022,5,19,2,129,147.0,131.0,156.0,134.0,145.0,10.36018017861338
2022-05-16,Collagen Peptides,Protein,359,156,234,36.61,48.81,0.13,7614.36,1903.59,Balochistan,0,3,7,0,2022,5,20,2,136,146.0,147.0,131.0,156.0,145.0,10.36018017861338
2022-05-23,Collagen Peptides,Protein,85,161,242,32.24,42.99,0.08,6921.39,1730.35,Sindh,0,3,7,3,2022,5,21,2,143,156.0,146.0,147.0,131.0,152.5,7.234178138070256
2022-05-30,Collagen Peptides,Protein,269,135,203,32.96,43.95,0.21,5933.25,1483.31,KP,0,3,7,1,2022,5,22,2,150,161.0,156.0,146.0,147.0,149.5,11.503622617824947
2022-06-06,Collagen Peptides,Protein,256,138,207,19.55,26.07,0.25,3597.66,899.42,Balochistan,1,3,7,0,2022,6,23,2,157,135.0,161.0,156.0,146.0,147.5,12.922847983320098
2022-06-13,Collagen Peptides,Protein,324,177,266,40.55,54.07,0.16,9570.39,2392.6,Sindh,1,3,7,3,2022,6,24,2,164,138.0,135.0,161.0,156.0,152.75,19.906029237394392
2022-06-20,Collagen Peptides,Protein,304,128,192,29.36,39.14,0.01,5009.92,1252.48,Balochistan,1,3,7,0,2022,6,25,2,171,177.0,138.0,135.0,161.0,144.5,22.06807649071392
2022-06-27,Collagen Peptides,Protein,452,137,206,32.12,42.83,0.21,5867.71,1466.93,Punjab,1,3,7,2,2022,6,26,2,178,128.0,177.0,138.0,135.0,145.0,21.80214056769045
2022-07-04,Collagen Peptides,Protein,158,138,207,39.53,52.7,0.14,7272.6,1818.15,KP,0,3,7,1,2022,7,27,3,185,137.0,128.0,177.0,138.0,145.0,21.80214056769045
2022-07-11,Collagen Peptides,Protein,329,166,249,23.49,31.32,0.23,5199.12,1299.78,Punjab,0,3,7,2,2022,7,28,3,192,138.0,137.0,128.0,177.0,142.25,16.45954636879969
2022-07-18,Collagen Peptides,Protein,383,136,204,28.71,38.28,0.16,5206.08,1301.52,Punjab,1,3,7,2,2022,7,29,3,199,166.0,138.0,137.0,128.0,144.25,14.522970311429653
2022-07-25,Collagen Peptides,Protein,86,144,216,15.18,20.24,0.08,2914.56,728.64,Balochistan,1,3,7,0,2022,7,30,3,206,136.0,166.0,138.0,137.0,146.0,13.759844960366879
2022-08-01,Collagen Peptides,Protein,211,142,213,11.0,14.66,0.01,2081.72,520.43,Sindh,1,3,7,3,2022,8,31,3,213,144.0,136.0,166.0,138.0,147.0,13.114877048604018
2022-08-08,Collagen Peptides,Protein,285,153,230,8.3,11.07,0.18,1693.71,423.43,Sindh,0,3,7,3,2022,8,32,3,220,142.0,144.0,136.0,166.0,143.75,7.0415433914259005
2022-08-15,Collagen Peptides,Protein,128,152,228,27.75,37.0,0.05,5624.0,1406.0,Balochistan,0,3,7,0,2022,8,33,3,227,153.0,142.0,144.0,136.0,147.75,5.560275772537461
2022-08-22,Collagen Peptides,Protein,391,141,212,11.55,15.4,0.23,2171.4,542.85,Balochistan,0,3,7,0,2022,8,34,3,234,152.0,153.0,142.0,144.0,147.0,6.377042156569694
2022-08-29,Collagen Peptides,Protein,206,159,239,9.24,12.32,0.14,1958.88,489.72,KP,0,3,7,1,2022,8,35,3,241,141.0,152.0,153.0,142.0,151.25,7.500000000000029
2022-09-05,Collagen Peptides,Protein,236,148,222,28.31,37.75,0.06,5587.0,1396.75,Balochistan,1,3,7,0,2022,9,36,3,248,159.0,141.0,152.0,153.0,150.0,7.527726527090838
2022-09-12,Collagen Peptides,Protein,212,175,263,39.14,52.18,0.13,9131.5,2282.88,Sindh,1,3,7,3,2022,9,37,3,255,148.0,159.0,141.0,152.0,155.75,14.818344486930169
2022-09-19,Collagen Peptides,Protein,143,161,242,10.75,14.33,0.15,2307.13,576.78,Balochistan,0,3,7,0,2022,9,38,3,262,175.0,148.0,159.0,141.0,160.75,11.086778913041744
2022-09-26,Collagen Peptides,Protein,319,135,203,44.44,59.25,0.02,7998.75,1999.69,Sindh,0,3,7,3,2022,9,39,3,269,161.0,175.0,148.0,159.0,154.75,17.173137938847027
2022-10-03,Collagen Peptides,Protein,431,145,218,10.13,13.51,0.25,1958.95,489.74,Sindh,0,3,7,3,2022,10,40,4,276,135.0,161.0,175.0,148.0,154.0,17.62573875520306
2022-10-10,Collagen Peptides,Protein,93,153,230,32.15,42.87,0.0,6559.11,1639.78,Punjab,0,3,7,2,2022,10,41,4,283,145.0,135.0,161.0,175.0,148.5,11.120551545074871
2022-10-17,Collagen Peptides,Protein,447,163,245,14.51,19.35,0.14,3154.05,788.51,Balochistan,0,3,7,0,2022,10,42,4,290,153.0,145.0,135.0,161.0,149.0,11.888369666751359
2022-10-24,Collagen Peptides,Protein,116,131,197,13.26,17.68,0.19,2316.08,579.02,KP,1,3,7,1,2022,10,43,4,297,163.0,153.0,145.0,135.0,148.0,13.515423288475544
2022-10-31,Collagen Peptides,Protein,163,148,222,10.12,13.49,0.21,1996.52,499.13,KP,0,3,7,1,2022,10,44,4,304,131.0,163.0,153.0,145.0,148.75,13.375973484822222
2022-11-07,Collagen Peptides,Protein,54,164,246,18.92,25.23,0.01,4137.72,1034.43,Sindh,0,3,7,3,2022,11,45,4,311,148.0,131.0,163.0,153.0,151.5,15.502687938977996
2022-11-14,Collagen Peptides,Protein,116,140,210,44.45,59.27,0.09,8297.8,2074.45,Sindh,1,3,7,3,2022,11,46,4,318,164.0,148.0,131.0,163.0,145.75,14.008925726121912
2022-11-21,Collagen Peptides,Protein,170,152,228,19.04,25.39,0.03,3859.28,964.82,KP,1,3,7,1,2022,11,47,4,325,140.0,164.0,148.0,131.0,151.0,10.000000000000021
2022-11-28,Collagen Peptides,Protein,113,167,251,14.66,19.54,0.17,3263.18,815.8,Sindh,1,3,7,3,2022,11,48,4,332,152.0,140.0,164.0,148.0,155.75,12.338962679253083
2022-12-05,Collagen Peptides,Protein,385,152,228,27.51,36.68,0.03,5575.36,1393.84,KP,0,3,7,1,2022,12,49,4,339,167.0,152.0,140.0,164.0,152.75,11.056672193748009
2022-12-12,Collagen Peptides,Protein,171,147,221,43.7,58.27,0.2,8565.69,2141.42,Balochistan,1,3,7,0,2022,12,50,4,346,152.0,167.0,152.0,140.0,154.5,8.66025403784441
2022-12-19,Collagen Peptides,Protein,280,153,230,23.24,30.99,0.22,4741.47,1185.37,Balochistan,0,3,7,0,2022,12,51,4,353,147.0,152.0,167.0,152.0,154.75,8.578072821638537
2022-12-26,Collagen Peptides,Protein,139,148,222,22.93,30.57,0.15,4524.36,1131.09,KP,0,3,7,1,2022,12,52,4,360,153.0,147.0,152.0,167.0,150.0,2.94392028877601
2023-01-02,Collagen Peptides,Protein,126,145,218,40.14,53.52,0.19,7760.4,1940.1,KP,1,3,7,1,2023,1,1,1,2,148.0,153.0,147.0,152.0,148.25,3.4034296427770783
2023-01-09,Collagen Peptides,Protein,259,170,255,36.41,48.54,0.03,8251.8,2062.95,KP,0,3,7,1,2023,1,2,1,9,145.0,148.0,153.0,147.0,154.0,11.16542281629617
2023-01-16,Collagen Peptides,Protein,116,140,210,39.97,53.29,0.23,7460.6,1865.15,Punjab,0,3,7,2,2023,1,3,1,16,170.0,145.0,148.0,153.0,150.75,13.250786140200656
2023-01-23,Collagen Peptides,Protein,244,140,210,32.02,42.69,0.02,5976.6,1494.15,Punjab,0,3,7,2,2023,1,4,1,23,140.0,170.0,145.0,148.0,148.75,14.361406616345088
2023-01-30,Collagen Peptides,Protein,190,140,210,25.0,33.33,0.22,4666.2,1166.55,Punjab,1,3,7,2,2023,1,5,1,30,140.0,140.0,170.0,145.0,147.5,15.000000000000016
2023-02-06,Collagen Peptides,Protein,106,159,239,9.56,12.74,0.19,2025.66,506.42,Sindh,1,3,7,3,2023,2,6,1,37,140.0,140.0,140.0,170.0,144.75,9.500000000000023
2023-02-13,Collagen Peptides,Protein,333,144,216,41.96,55.94,0.22,8055.36,2013.84,Sindh,0,3,7,3,2023,2,7,1,44,159.0,140.0,140.0,140.0,145.75,9.032349269892844
2023-02-20,Collagen Peptides,Protein,419,168,252,16.84,22.45,0.23,3771.6,942.9,Balochistan,1,3,7,0,2023,2,8,1,51,144.0,159.0,140.0,140.0,152.75,13.047988350699908
2023-02-27,Collagen Peptides,Protein,122,160,240,42.1,56.13,0.09,8980.8,2245.2,Punjab,1,3,7,2,2023,2,9,1,58,168.0,144.0,159.0,140.0,157.75,10.012492197250419
2023-03-06,Collagen Peptides,Protein,315,133,200,30.31,40.41,0.18,5374.53,1343.63,Sindh,0,3,7,3,2023,3,10,1,65,160.0,168.0,144.0,159.0,151.25,15.734781006843848
2023-03-13,Collagen Peptides,Protein,444,142,213,33.01,44.01,0.22,6249.42,1562.36,Sindh,1,3,7,3,2023,3,11,1,72,133.0,160.0,168.0,144.0,150.75,16.070158679988214
2023-03-20,Collagen Peptides,Protein,265,137,206,32.15,42.87,0.22,5873.19,1468.3,Sindh,1,3,7,3,2023,3,12,1,79,142.0,133.0,160.0,168.0,143.0,11.91637528781301
2023-03-27,Collagen Peptides,Protein,247,131,197,17.54,23.39,0.14,3064.09,766.02,Punjab,0,3,7,2,2023,3,13,1,86,137.0,142.0,133.0,160.0,135.75,4.856267428111222
2023-04-03,Collagen Peptides,Protein,343,154,231,23.3,31.06,0.21,4783.24,1195.81,Sindh,0,3,7,3,2023,4,14,2,93,131.0,137.0,142.0,133.0,141.0,9.763879010584576
2023-04-10,Collagen Peptides,Protein,90,148,222,42.13,56.17,0.15,8313.16,2078.29,Balochistan,1,3,7,0,2023,4,15,2,100,154.0,131.0,137.0,142.0,142.5,10.408329997330698
2023-04-17,Collagen Peptides,Protein,369,145,218,28.59,38.12,0.03,5527.4,1381.85,Balochistan,1,3,7,0,2023,4,16,2,107,148.0,154.0,131.0,137.0,144.5,9.746794344809
2023-04-24,Collagen Peptides,Protein,459,142,213,37.73,50.3,0.06,7142.6,1785.65,Punjab,0,3,7,2,2023,4,17,2,114,145.0,148.0,154.0,131.0,147.25,5.123475382979867
2023-05-01,Collagen Peptides,Protein,57,166,249,25.53,34.04,0.23,5650.64,1412.66,KP,1,3,7,1,2023,5,18,2,121,142.0,145.0,148.0,154.0,150.25,10.781929326423944
2023-05-08,Collagen Peptides,Protein,189,138,207,20.48,27.31,0.13,3768.78,942.2,KP,1,3,7,1,2023,5,19,2,128,166.0,142.0,145.0,148.0,147.75,12.500000000000028
2023-05-15,Collagen Peptides,Protein,199,165,248,13.08,17.44,0.14,2877.6,719.4,Sindh,0,3,7,3,2023,5,20,2,135,138.0,166.0,142.0,145.0,152.75,14.818344486930181
2023-05-22,Collagen Peptides,Protein,251,145,218,40.43,53.91,0.24,7816.95,1954.24,Punjab,1,3,7,2,2023,5,21,2,142,165.0,138.0,166.0,142.0,153.5,14.15391583037479
2023-05-29,Collagen Peptides,Protein,277,139,209,26.4,35.2,0.2,4892.8,1223.2,KP,1,3,7,1,2023,5,22,2,149,145.0,165.0,138.0,166.0,146.75,12.55322003843373
2023-06-05,Collagen Peptides,Protein,238,154,231,35.25,47.0,0.17,7238.0,1809.5,Sindh,0,3,7,3,2023,6,23,2,156,139.0,145.0,165.0,138.0,150.75,11.324751652906164
2023-06-12,Collagen Peptides,Protein,410,129,194,28.91,38.54,0.23,4971.66,1242.92,Balochistan,1,3,7,0,2023,6,24,2,163,154.0,139.0,145.0,165.0,141.75,10.50000000000004
2023-06-19,Collagen Peptides,Protein,362,135,203,22.88,30.5,0.2,4117.5,1029.38,Punjab,1,3,7,2,2023,6,25,2,170,129.0,154.0,139.0,145.0,139.25,10.657548185832152
2023-06-26,Collagen Peptides,Protein,131,159,239,30.83,41.1,0.02,6534.9,1633.73,Punjab,1,3,7,2,2023,6,26,2,177,135.0,129.0,154.0,139.0,144.25,14.500000000000028
2023-07-03,Collagen Peptides,Protein,194,152,228,40.31,53.75,0.2,8170.0,2042.5,KP,1,3,7,1,2023,7,27,3,184,159.0,135.0,129.0,154.0,143.75,14.080127840328753
2023-07-10,Collagen Peptides,Protein,312,185,278,34.55,46.06,0.19,8521.1,2130.28,Punjab,1,3,7,2,2023,7,28,3,191,152.0,159.0,135.0,129.0,157.75,20.77458383056889
2023-07-17,Collagen Peptides,Protein,334,149,224,23.32,31.09,0.0,4632.41,1158.1,KP,1,3,7,1,2023,7,29,3,198,185.0,152.0,159.0,135.0,161.25,16.37833935415923
2023-07-24,Collagen Peptides,Protein,467,147,221,22.25,29.67,0.18,4361.49,1090.37,Balochistan,0,3,7,0,2023,7,30,3,205,149.0,185.0,152.0,159.0,158.25,17.95132307101627
2023-07-31,Collagen Peptides,Protein,218,148,222,8.12,10.82,0.04,1601.36,400.34,Balochistan,1,3,7,0,2023,7,31,3,212,147.0,149.0,185.0,152.0,157.25,18.51800925225678
2023-08-07,Collagen Peptides,Protein,449,136,204,27.8,37.07,0.15,5041.52,1260.38,Sindh,1,3,7,3,2023,8,32,3,219,148.0,147.0,149.0,185.0,145.0,6.055300708195064
2023-08-14,Collagen Peptides,Protein,478,126,189,30.26,40.35,0.03,5084.1,1271.03,KP,0,3,7,1,2023,8,33,3,226,136.0,148.0,147.0,149.0,139.25,10.372238588334453
2023-08-21,Collagen Peptides,Protein,395,151,227,9.64,12.85,0.1,1940.35,485.09,KP,0,3,7,1,2023,8,34,3,233,126.0,136.0,148.0,147.0,140.25,11.50000000000004
2023-08-28,Collagen Peptides,Protein,202,158,237,35.2,46.93,0.12,7414.94,1853.74,Balochistan,0,3,7,0,2023,8,35,3,240,151.0,126.0,136.0,148.0,142.75,14.453949863849246
2023-09-04,Collagen Peptides,Protein,88,138,207,31.87,42.49,0.23,5863.62,1465.91,Sindh,0,3,7,3,2023,9,36,3,247,158.0,151.0,126.0,136.0,143.25,14.174507634012112
2023-09-11,Collagen Peptides,Protein,175,148,222,19.46,25.95,0.11,3840.6,960.15,Balochistan,1,3,7,0,2023,9,37,3,254,138.0,158.0,151.0,126.0,148.75,8.301606270274908
2023-09-18,Collagen Peptides,Protein,372,135,203,29.72,39.63,0.09,5350.05,1337.51,KP,0,3,7,1,2023,9,38,3,261,148.0,138.0,158.0,151.0,144.75,10.436314802968893
2023-09-25,Collagen Peptides,Protein,98,140,210,36.74,48.99,0.06,6858.6,1714.65,KP,1,3,7,1,2023,9,39,3,268,135.0,148.0,138.0,158.0,140.25,5.560275772537518
2023-10-02,Collagen Peptides,Protein,486,144,216,25.86,34.48,0.24,4965.12,1241.28,Sindh,1,3,7,3,2023,10,40,4,275,140.0,135.0,148.0,138.0,141.75,5.560275772537518
2023-10-09,Collagen Peptides,Protein,496,151,227,44.61,59.48,0.03,8981.48,2245.37,Balochistan,0,3,7,0,2023,10,41,4,282,144.0,140.0,135.0,148.0,142.5,6.757711644237841
2023-10-16,Collagen Peptides,Protein,129,157,236,12.57,16.76,0.08,2631.32,657.83,Punjab,0,3,7,2,2023,10,42,4,289,151.0,144.0,140.0,135.0,148.0,7.527726527090879
2023-10-23,Collagen Peptides,Protein,413,153,230,14.69,19.58,0.24,2995.74,748.94,KP,0,3,7,1,2023,10,43,4,296,157.0,151.0,144.0,140.0,151.25,5.439056290693672
2023-10-30,Collagen Peptides,Protein,276,136,204,9.4,12.53,0.14,1704.08,426.02,Balochistan,0,3,7,0,2023,10,44,4,303,153.0,157.0,151.0,144.0,149.25,9.178779875342967
2023-11-06,Collagen Peptides,Protein,401,142,213,27.8,37.07,0.23,5263.94,1315.99,Punjab,0,3,7,2,2023,11,45,4,310,136.0,153.0,157.0,151.0,147.0,9.69535971483271
2023-11-13,Collagen Peptides,Protein,203,148,222,33.1,44.13,0.01,6531.24,1632.81,Punjab,1,3,7,2,2023,11,46,4,317,142.0,136.0,153.0,157.0,144.75,7.365459931328186
2023-11-20,Collagen Peptides,Protein,152,126,189,36.0,48.0,0.11,6048.0,1512.0,Punjab,0,3,7,2,2023,11,47,4,324,148.0,142.0,136.0,153.0,138.0,9.380831519646913
2023-11-27,Collagen Peptides,Protein,54,135,203,29.15,38.86,0.07,5246.1,1311.53,Sindh,1,3,7,3,2023,11,48,4,331,126.0,148.0,142.0,136.0,137.75,9.46484724300051
2023-12-04,Collagen Peptides,Protein,412,158,237,38.59,51.45,0.07,8129.1,2032.28,KP,0,3,7,1,2023,12,49,4,338,135.0,126.0,148.0,142.0,141.75,14.103781998693387
2023-12-11,Collagen Peptides,Protein,129,120,180,22.37,29.83,0.11,3579.6,894.9,Punjab,0,3,7,2,2023,12,50,4,345,158.0,135.0,126.0,148.0,134.75,16.680827317612305
2023-12-18,Collagen Peptides,Protein,180,159,239,20.24,26.98,0.09,4289.82,1072.46,Punjab,0,3,7,2,2023,12,51,4,352,120.0,158.0,135.0,126.0,143.0,18.920887928424527
2023-12-25,Collagen Peptides,Protein,72,140,210,42.31,56.41,0.13,7897.4,1974.35,KP,0,3,7,1,2023,12,52,4,359,159.0,120.0,158.0,135.0,144.25,18.373440976946434
2024-01-01,Collagen Peptides,Protein,447,161,242,20.4,27.2,0.22,4379.2,1094.8,Punjab,0,3,7,2,2024,1,1,1,1,140.0,159.0,120.0,158.0,145.0,19.16594201528676
2024-01-08,Collagen Peptides,Protein,486,159,239,30.22,40.29,0.07,6406.11,1601.53,Punjab,0,3,7,2,2024,1,2,1,8,161.0,140.0,159.0,120.0,154.75,9.87842767515834
2024-01-15,Collagen Peptides,Protein,496,155,233,17.07,22.76,0.15,3527.8,881.95,Punjab,0,3,7,2,2024,1,3,1,15,159.0,161.0,140.0,159.0,153.75,9.500000000000048
2024-01-22,Collagen Peptides,Protein,54,152,228,23.5,31.33,0.02,4762.16,1190.54,Sindh,1,3,7,3,2024,1,4,1,22,155.0,159.0,161.0,140.0,156.75,4.031128874149382
2024-01-29,Collagen Peptides,Protein,79,141,212,12.71,16.95,0.09,2389.95,597.49,Balochistan,0,3,7,0,2024,1,5,1,29,152.0,155.0,159.0,161.0,151.75,7.719024117939666
2024-02-05,Collagen Peptides,Protein,285,157,236,13.64,18.19,0.02,2855.83,713.96,Sindh,0,3,7,3,2024,2,6,1,36,141.0,152.0,155.0,159.0,151.25,7.13559154286928
2024-02-12,Collagen Peptides,Protein,145,126,189,19.26,25.68,0.05,3235.68,808.92,Punjab,1,3,7,2,2024,2,7,1,43,157.0,141.0,152.0,155.0,144.0,13.735598518691043
2024-02-19,Collagen Peptides,Protein,437,142,213,19.14,25.52,0.01,3623.84,905.96,KP,1,3,7,1,2024,2,8,1,50,126.0,157.0,141.0,152.0,141.5,12.662279942148423
2024-02-26,Collagen Peptides,Protein,141,139,209,16.53,22.04,0.09,3063.56,765.89,Balochistan,1,3,7,0,2024,2,9,1,57,142.0,126.0,157.0,141.0,141.0,12.727922061357893
2024-03-04,Collagen Peptides,Protein,371,158,237,39.55,52.73,0.02,8331.34,2082.84,Sindh,1,3,7,3,2024,3,10,1,64,139.0,142.0,126.0,157.0,141.25,13.14977819838295
2024-03-11,Collagen Peptides,Protein,86,153,230,19.07,25.42,0.21,3889.26,972.32,KP,1,3,7,1,2024,3,11,1,71,158.0,139.0,142.0,126.0,148.0,8.981462390205033
2024-03-18,Collagen Peptides,Protein,360,146,219,27.14,36.18,0.03,5282.28,1320.57,KP,1,3,7,1,2024,3,12,1,78,153.0,158.0,139.0,142.0,149.0,8.286535263104087
2024-03-25,Collagen Peptides,Protein,152,153,230,37.04,49.39,0.01,7556.67,1889.17,Punjab,0,3,7,2,2024,3,13,1,85,146.0,153.0,158.0,139.0,152.5,4.93288286231633
2024-04-01,Collagen Peptides,Protein,232,162,243,39.17,52.23,0.15,8461.26,2115.32,Punjab,0,3,7,2,2024,4,14,2,92,153.0,146.0,153.0,158.0,153.5,6.5574385243020625
2024-04-08,Collagen Peptides,Protein,100,148,222,11.13,14.84,0.19,2196.32,549.08,Sindh,1,3,7,3,2024,4,15,2,99,162.0,153.0,146.0,153.0,152.25,7.135591542869272
2024-04-15,Collagen Peptides,Protein,321,173,260,33.23,44.3,0.15,7663.9,1915.98,Punjab,1,3,7,2,2024,4,16,2,106,148.0,162.0,153.0,146.0,159.0,10.984838035522754
2024-04-22,Collagen Peptides,Protein,231,167,251,38.73,51.64,0.17,8623.88,2155.97,KP,1,3,7,1,2024,4,17,2,113,173.0,148.0,162.0,153.0,162.5,10.661457061146352
2024-04-29,Collagen Peptides,Protein,211,141,212,18.53,24.7,0.09,3482.7,870.68,Punjab,1,3,7,2,2024,4,18,2,120,167.0,173.0,148.0,162.0,157.25,15.195942440884256
2024-05-06,Collagen Peptides,Protein,472,164,246,23.93,31.91,0.12,5233.24,1308.31,Punjab,0,3,7,2,2024,5,19,2,127,141.0,167.0,173.0,148.0,161.25,14.008925726121921
2024-05-13,Collagen Peptides,Protein,148,136,204,36.87,49.16,0.02,6685.76,1671.44,Sindh,1,3,7,3,2024,5,20,2,134,164.0,141.0,167.0,173.0,152.0,15.769168230019849
2024-05-20,Collagen Peptides,Protein,467,141,212,24.41,32.54,0.03,4588.14,1147.04,Balochistan,0,3,7,0,2024,5,21,2,141,136.0,164.0,141.0,167.0,145.5,12.556538801224935
2024-05-27,Collagen Peptides,Protein,455,133,200,43.04,57.39,0.2,7632.87,1908.22,Balochistan,0,3,7,0,2024,5,22,2,148,141.0,136.0,164.0,141.0,143.5,14.059397805975452
2024-06-03,Collagen Peptides,Protein,241,159,239,38.69,51.58,0.21,8201.22,2050.31,KP,0,3,7,1,2024,6,23,2,155,133.0,141.0,136.0,164.0,142.25,11.64402564980574
2024-06-10,Collagen Peptides,Protein,410,148,222,10.78,14.37,0.18,2126.76,531.69,Punjab,1,3,7,2,2024,6,24,2,162,159.0,133.0,141.0,136.0,145.25,11.026483271348757
2024-06-17,Collagen Peptides,Protein,444,135,203,30.28,40.37,0.05,5449.95,1362.49,Balochistan,1,3,7,0,2024,6,25,2,169,148.0,159.0,133.0,141.0,143.75,12.14838809609464
2024-06-24,Collagen Peptides,Protein,141,160,240,25.85,34.47,0.0,5515.2,1378.8,KP,0,3,7,1,2024,6,26,2,176,135.0,148.0,159.0,133.0,150.5,11.676186592091355
2024-07-01,Collagen Peptides,Protein,230,146,219,18.48,24.64,0.25,3597.44,899.36,Balochistan,0,3,7,0,2024,7,27,3,183,160.0,135.0,148.0,159.0,147.25,10.242883708539662
2024-07-08,Collagen Peptides,Protein,493,142,213,27.12,36.16,0.17,5134.72,1283.68,Balochistan,1,3,7,0,2024,7,28,3,190,146.0,160.0,135.0,148.0,145.75,10.531698185319746
2024-07-15,Collagen Peptides,Protein,183,144,216,29.48,39.31,0.06,5660.64,1415.16,KP,1,3,7,1,2024,7,29,3,197,142.0,146.0,160.0,135.0,148.0,8.164965809277293
2024-07-22,Collagen Peptides,Protein,90,140,210,33.24,44.32,0.19,6204.8,1551.2,Punjab,0,3,7,2,2024,7,30,3,204,144.0,142.0,146.0,160.0,143.0,2.581988897471714
2024-07-29,Collagen Peptides,Protein,196,147,221,39.31,52.41,0.08,7704.27,1926.07,Balochistan,1,3,7,0,2024,7,31,3,211,140.0,144.0,142.0,146.0,143.25,2.986078811194908
2024-08-05,Collagen Peptides,Protein,71,146,219,25.83,34.44,0.13,5028.24,1257.06,KP,0,3,7,1,2024,8,32,3,218,147.0,140.0,144.0,142.0,144.25,3.095695936834539
2024-08-12,Collagen Peptides,Protein,314,163,245,42.09,56.12,0.18,9147.56,2286.89,Punjab,1,3,7,2,2024,8,33,3,225,146.0,147.0,140.0,144.0,149.0,9.831920802501775
2024-08-19,Collagen Peptides,Protein,148,163,245,23.0,30.66,0.19,4997.58,1249.4,Balochistan,1,3,7,0,2024,8,34,3,232,163.0,146.0,147.0,140.0,154.75,9.535023160258561
2024-08-26,Collagen Peptides,Protein,163,152,228,8.39,11.18,0.23,1699.36,424.84,Sindh,1,3,7,3,2024,8,35,3,239,163.0,163.0,146.0,147.0,156.0,8.445906306213313
2024-09-02,Collagen Peptides,Protein,95,145,218,32.48,43.3,0.2,6278.5,1569.63,Punjab,0,3,7,2,2024,9,36,3,246,152.0,163.0,163.0,146.0,155.75,8.845903006477094
2024-09-09,Collagen Peptides,Protein,449,150,225,26.53,35.37,0.01,5305.5,1326.38,Sindh,0,3,7,3,2024,9,37,3,253,145.0,152.0,163.0,163.0,152.5,7.593857166596378
2024-09-16,Collagen Peptides,Protein,375,163,245,23.53,31.37,0.23,5113.31,1278.33,Punjab,0,3,7,2,2024,9,38,3,260,150.0,145.0,152.0,163.0,152.5,7.593857166596378
2024-09-23,Collagen Peptides,Protein,241,150,225,36.04,48.05,0.18,7207.5,1801.88,Balochistan,0,3,7,0,2024,9,39,3,267,163.0,150.0,145.0,152.0,152.0,7.702813338860929
2024-09-30,Collagen Peptides,Protein,358,144,216,11.56,15.41,0.14,2219.04,554.76,Sindh,1,3,7,3,2024,9,40,3,274,150.0,163.0,150.0,145.0,151.75,8.015609770940731
2024-10-07,Collagen Peptides,Protein,161,145,218,31.27,41.69,0.05,6045.05,1511.26,KP,1,3,7,1,2024,10,41,4,281,144.0,150.0,163.0,150.0,150.5,8.736894948054134
2024-10-14,Collagen Peptides,Protein,483,139,209,12.99,17.32,0.1,2407.48,601.87,Balochistan,0,3,7,0,2024,10,42,4,288,145.0,144.0,150.0,163.0,144.5,4.50924975282296
2024-10-21,Collagen Peptides,Protein,194,178,267,27.63,36.84,0.16,6557.52,1639.38,Balochistan,1,3,7,0,2024,10,43,4,295,139.0,145.0,144.0,150.0,151.5,17.86057109949177
2024-10-28,Collagen Peptides,Protein,421,145,218,30.41,40.55,0.02,5879.75,1469.94,Punjab,0,3,7,2,2024,10,44,4,302,178.0,139.0,145.0,144.0,151.75,17.727097901235854
2024-11-04,Collagen Peptides,Protein,269,185,278,41.31,55.08,0.15,10189.8,2547.45,Balochistan,0,3,7,0,2024,11,45,4,309,145.0,178.0,139.0,145.0,161.75,23.113848662652455
2024-11-11,Collagen Peptides,Protein,326,137,206,13.31,17.75,0.14,2431.75,607.94,Punjab,1,3,7,2,2024,11,46,4,316,185.0,145.0,178.0,139.0,161.25,23.781995991365697
2024-11-18,Collagen Peptides,Protein,293,162,243,9.08,12.1,0.05,1960.2,490.05,Sindh,1,3,7,3,2024,11,47,4,323,137.0,185.0,145.0,178.0,157.25,21.234798484249087
2024-11-25,Collagen Peptides,Protein,205,168,252,29.0,38.67,0.24,6496.56,1624.14,KP,0,3,7,1,2024,11,48,4,330,162.0,137.0,185.0,145.0,163.0,19.882991056009
2024-12-02,Collagen Peptides,Protein,225,148,222,27.72,36.96,0.04,5470.08,1367.52,KP,1,3,7,1,2024,12,49,4,337,168.0,162.0,137.0,185.0,153.75,13.961255912942331
2024-12-09,Collagen Peptides,Protein,342,143,215,31.67,42.22,0.05,6037.46,1509.37,Sindh,0,3,7,3,2024,12,50,4,344,148.0,168.0,162.0,137.0,155.25,11.701139545645423
2024-12-16,Collagen Peptides,Protein,80,160,240,19.05,25.4,0.1,4064.0,1016.0,KP,0,3,7,1,2024,12,51,4,351,143.0,148.0,168.0,162.0,154.75,11.354147553500756
2024-12-23,Collagen Peptides,Protein,369,136,204,20.33,27.11,0.03,3686.96,921.74,Sindh,1,3,7,3,2024,12,52,4,358,160.0,143.0,148.0,168.0,146.75,10.111874208078373
2024-12-30,Collagen Peptides,Protein,238,156,234,44.61,59.48,0.13,9278.88,2319.72,Balochistan,1,3,7,0,2024,12,1,4,365,136.0,160.0,143.0,148.0,148.75,11.176612486199351
2025-01-06,Collagen Peptides,Protein,446,136,204,26.57,35.43,0.01,4818.48,1204.62,Sindh,0,3,7,3,2025,1,2,1,6,156.0,136.0,160.0,143.0,147.0,12.80624847486572
2025-01-13,Collagen Peptides,Protein,268,145,218,11.11,14.81,0.18,2147.45,536.86,KP,1,3,7,1,2025,1,3,1,13,136.0,156.0,136.0,160.0,143.25,9.500000000000028
2025-01-20,Collagen Peptides,Protein,128,143,215,25.83,34.44,0.04,4924.92,1231.23,Sindh,0,3,7,3,2025,1,4,1,20,145.0,136.0,156.0,136.0,145.0,8.286535263104069
2025-01-27,Collagen Peptides,Protein,115,131,197,35.51,47.34,0.1,6201.54,1550.39,Balochistan,0,3,7,0,2025,1,5,1,27,143.0,145.0,136.0,156.0,138.75,6.448514040717749
2025-02-03,Collagen Peptides,Protein,364,155,233,44.33,59.11,0.24,9162.05,2290.51,Balochistan,0,3,7,0,2025,2,6,1,34,131.0,143.0,145.0,136.0,143.5,9.848857801796138
2025-02-10,Collagen Peptides,Protein,92,145,218,39.11,52.15,0.04,7561.75,1890.44,Sindh,0,3,7,3,2025,2,7,1,41,155.0,131.0,143.0,145.0,143.5,9.848857801796138
2025-02-17,Collagen Peptides,Protein,102,155,233,26.04,34.72,0.01,5381.6,1345.4,Punjab,1,3,7,2,2025,2,8,1,48,145.0,155.0,131.0,143.0,146.5,11.357816691600577
2025-02-24,Collagen Peptides,Protein,403,137,206,38.87,51.82,0.22,7099.34,1774.84,Balochistan,1,3,7,0,2025,2,9,1,55,155.0,145.0,155.0,131.0,148.0,8.717797887081387
2025-03-03,Collagen Peptides,Protein,391,151,227,25.12,33.49,0.07,5056.99,1264.25,Punjab,1,3,7,2,2025,3,10,1,62,137.0,155.0,145.0,155.0,147.0,7.8315600829805305
2025-03-10,Collagen Peptides,Protein,480,150,225,38.69,51.58,0.25,7737.0,1934.25,Punjab,1,3,7,2,2025,3,11,1,69,151.0,137.0,155.0,145.0,148.25,7.804912982645441
2025-03-17,Collagen Peptides,Protein,255,158,237,12.92,17.22,0.15,2720.76,680.19,Punjab,1,3,7,2,2025,3,12,1,76,150.0,151.0,137.0,155.0,149.0,8.755950357709171
2025-03-24,Collagen Peptides,Protein,135,144,216,34.79,46.39,0.1,6680.16,1670.04,Balochistan,1,3,7,0,2025,3,13,1,83,158.0,150.0,151.0,137.0,150.75,5.737304826019562
2025-03-31,Collagen Peptides,Protein,457,146,219,39.59,52.79,0.13,7707.34,1926.84,KP,1,3,7,1,2025,3,14,1,90,144.0,158.0,150.0,151.0,149.5,6.191391873668958
2020-02-03,Creatine,Performance,64,132,198,38.33,51.11,0.1,6746.52,1686.63,KP,1,4,6,1,2020,2,6,1,34,180.0,148.0,154.0,134.0,153.5,19.958289839896935
2020-02-10,Creatine,Performance,154,137,206,16.02,21.36,0.21,2926.32,731.58,Sindh,0,4,6,3,2020,2,7,1,41,132.0,180.0,148.0,154.0,149.25,21.561926320870928
2020-02-17,Creatine,Performance,187,160,240,40.97,54.63,0.11,8740.8,2185.2,Sindh,0,4,6,3,2020,2,8,1,48,137.0,132.0,180.0,148.0,152.25,22.156639336024465
2020-02-24,Creatine,Performance,138,175,263,32.95,43.93,0.09,7687.75,1921.94,Sindh,1,4,6,3,2020,2,9,1,55,160.0,137.0,132.0,180.0,151.0,20.11632835948615
2020-03-02,Creatine,Performance,311,154,231,44.4,59.2,0.07,9116.8,2279.2,KP,1,4,6,1,2020,3,10,1,62,175.0,160.0,137.0,132.0,156.5,15.71623364550171
2020-03-09,Creatine,Performance,364,154,231,8.22,10.96,0.12,1687.84,421.96,Punjab,1,4,6,2,2020,3,11,1,69,154.0,175.0,160.0,137.0,160.75,9.912113800799503
2020-03-16,Creatine,Performance,281,142,213,31.11,41.48,0.01,5890.16,1472.54,KP,0,4,6,1,2020,3,12,1,76,154.0,154.0,175.0,160.0,156.25,13.720422734012242
2020-03-23,Creatine,Performance,282,141,212,8.05,10.73,0.09,1512.93,378.23,Sindh,1,4,6,3,2020,3,13,1,83,142.0,154.0,154.0,175.0,147.75,7.228416147400478
2020-03-30,Creatine,Performance,88,162,243,28.0,37.33,0.11,6047.46,1511.87,Punjab,0,4,6,2,2020,3,14,1,90,141.0,142.0,154.0,154.0,149.75,10.078855755160568
2020-04-06,Creatine,Performance,480,142,213,41.03,54.7,0.24,7767.4,1941.85,Balochistan,1,4,6,0,2020,4,15,2,97,162.0,141.0,142.0,154.0,146.75,10.177589760514683
2020-04-13,Creatine,Performance,314,145,218,38.54,51.38,0.17,7450.1,1862.53,Punjab,1,4,6,2,2020,4,16,2,104,142.0,162.0,141.0,142.0,147.5,9.814954576223638
2020-04-20,Creatine,Performance,274,148,222,10.04,13.38,0.13,1980.24,495.06,Punjab,0,4,6,2,2020,4,17,2,111,145.0,142.0,162.0,141.0,149.25,8.845903006477068
2020-04-27,Creatine,Performance,434,159,239,32.73,43.64,0.02,6938.76,1734.69,Balochistan,0,4,6,0,2020,4,18,2,118,148.0,145.0,142.0,162.0,148.5,7.416198487095665
2020-05-04,Creatine,Performance,453,156,234,39.71,52.94,0.19,8258.64,2064.66,Sindh,0,4,6,3,2020,5,19,2,125,159.0,148.0,145.0,142.0,152.0,6.582805886043838
2020-05-11,Creatine,Performance,274,127,191,22.1,29.47,0.14,3742.69,935.67,Punjab,0,4,6,2,2020,5,20,2,132,156.0,159.0,148.0,145.0,147.5,14.433756729740647
2020-05-18,Creatine,Performance,236,162,243,36.03,48.04,0.05,7782.48,1945.62,Punjab,0,4,6,2,2020,5,21,2,139,127.0,156.0,159.0,148.0,151.0,16.186414056238647
2020-05-25,Creatine,Performance,57,148,222,38.9,51.87,0.04,7676.76,1919.19,Sindh,0,4,6,3,2020,5,22,2,146,162.0,127.0,156.0,159.0,148.25,15.283433296656003
2020-06-01,Creatine,Performance,99,143,215,9.64,12.85,0.1,1837.55,459.39,Balochistan,0,4,6,0,2020,6,23,2,153,148.0,162.0,127.0,156.0,145.0,14.445299120013637
2020-06-08,Creatine,Performance,184,140,210,25.05,33.4,0.12,4676.0,1169.0,Balochistan,0,4,6,0,2020,6,24,2,160,143.0,148.0,162.0,127.0,148.25,9.742518497116993
2020-06-15,Creatine,Performance,132,174,261,21.47,28.63,0.23,4981.62,1245.41,Balochistan,1,4,6,0,2020,6,25,2,167,140.0,143.0,148.0,162.0,151.25,15.52149047825842
2020-06-22,Creatine,Performance,60,148,222,9.39,12.52,0.01,1852.96,463.24,Balochistan,1,4,6,0,2020,6,26,2,174,174.0,140.0,143.0,148.0,151.25,15.52149047825842
2020-06-29,Creatine,Performance,208,155,233,35.72,47.62,0.13,7381.1,1845.28,Punjab,0,4,6,2,2020,6,27,2,181,148.0,174.0,140.0,143.0,154.25,14.522970311429642
2020-07-06,Creatine,Performance,156,145,218,9.4,12.53,0.11,1816.85,454.21,Punjab,0,4,6,2,2020,7,28,3,188,155.0,148.0,174.0,140.0,155.5,13.02561578838662
2020-07-13,Creatine,Performance,472,142,213,36.2,48.27,0.06,6854.34,1713.59,KP,1,4,6,1,2020,7,29,3,195,145.0,155.0,148.0,174.0,147.5,5.567764362830039
2020-07-20,Creatine,Performance,272,132,198,34.84,46.45,0.19,6131.4,1532.85,Balochistan,0,4,6,0,2020,7,30,3,202,142.0,145.0,155.0,148.0,143.5,9.469248474227873
2020-07-27,Creatine,Performance,473,149,224,33.82,45.09,0.14,6718.41,1679.6,Balochistan,0,4,6,0,2020,7,31,3,209,132.0,142.0,145.0,155.0,142.0,7.257180352359096
2020-08-03,Creatine,Performance,459,134,201,43.91,58.55,0.04,7845.7,1961.43,Balochistan,0,4,6,0,2020,8,32,3,216,149.0,132.0,142.0,145.0,139.25,7.804912982645411
2020-08-10,Creatine,Performance,186,176,264,18.62,24.83,0.02,4370.08,1092.52,Sindh,0,4,6,3,2020,8,33,3,223,134.0,149.0,132.0,142.0,147.75,20.303940504246956
2020-08-17,Creatine,Performance,143,161,242,17.3,23.06,0.17,3712.66,928.17,Balochistan,1,4,6,0,2020,8,34,3,230,176.0,134.0,149.0,132.0,155.0,17.832554500127014
2020-08-24,Creatine,Performance,154,150,225,16.46,21.95,0.19,3292.5,823.13,Balochistan,1,4,6,0,2020,8,35,3,237,161.0,176.0,134.0,149.0,155.25,17.72709790123584
2020-08-31,Creatine,Performance,186,164,246,14.6,19.46,0.18,3191.44,797.86,Punjab,0,4,6,2,2020,8,36,3,244,150.0,161.0,176.0,134.0,162.75,10.68877916321598
2020-09-07,Creatine,Performance,161,140,210,14.62,19.49,0.01,2728.6,682.15,Balochistan,1,4,6,0,2020,9,37,3,251,164.0,150.0,161.0,176.0,153.75,10.965856099730663
2020-09-14,Creatine,Performance,416,143,215,37.37,49.82,0.18,7124.26,1781.07,Punjab,0,4,6,2,2020,9,38,3,258,140.0,164.0,150.0,161.0,149.25,10.688779163215985
2020-09-21,Creatine,Performance,188,151,227,13.73,18.31,0.23,2764.81,691.2,Sindh,0,4,6,3,2020,9,39,3,265,143.0,140.0,164.0,150.0,149.5,10.723805294763618
2020-09-28,Creatine,Performance,281,133,200,38.09,50.79,0.15,6755.07,1688.77,KP,0,4,6,1,2020,9,40,3,272,151.0,143.0,140.0,164.0,141.75,7.455423082115024
2020-10-05,Creatine,Performance,194,149,224,10.31,13.74,0.03,2047.26,511.82,KP,1,4,6,1,2020,10,41,4,279,133.0,151.0,143.0,140.0,144.0,8.08290376865477
2020-10-12,Creatine,Performance,176,144,216,13.05,17.4,0.25,2505.6,626.4,Sindh,1,4,6,3,2020,10,42,4,286,149.0,133.0,151.0,143.0,144.25,8.057087976847889
2020-10-19,Creatine,Performance,255,157,236,39.86,53.15,0.12,8344.55,2086.14,Sindh,0,4,6,3,2020,10,43,4,293,144.0,149.0,133.0,151.0,145.75,10.045728777279765
2020-10-26,Creatine,Performance,223,144,216,41.61,55.48,0.0,7989.12,1997.28,Balochistan,1,4,6,0,2020,10,44,4,300,157.0,144.0,149.0,133.0,148.5,6.137317546507334
2020-11-02,Creatine,Performance,80,148,222,44.38,59.17,0.06,8757.16,2189.29,Balochistan,0,4,6,0,2020,11,45,4,307,144.0,157.0,144.0,149.0,148.25,6.130524719249851
2020-11-09,Creatine,Performance,160,141,212,12.5,16.66,0.23,2349.06,587.27,Balochistan,1,4,6,0,2020,11,46,4,314,148.0,144.0,157.0,144.0,147.5,6.952217871538079
2020-11-16,Creatine,Performance,110,143,215,9.98,13.3,0.24,1901.9,475.48,Punjab,0,4,6,2,2020,11,47,4,321,141.0,148.0,144.0,157.0,144.0,2.9439202887759772
2020-11-23,Creatine,Performance,475,181,272,29.24,38.99,0.04,7057.19,1764.3,Punjab,1,4,6,2,2020,11,48,4,328,143.0,141.0,148.0,144.0,153.25,18.73276986103942
2020-11-30,Creatine,Performance,165,170,255,31.15,41.53,0.11,7060.1,1765.03,Punjab,0,4,6,2,2020,11,49,4,335,181.0,143.0,141.0,148.0,158.75,19.87251032624381
2020-12-07,Creatine,Performance,307,154,231,23.15,30.87,0.04,4753.98,1188.5,KP,1,4,6,1,2020,12,50,4,342,170.0,181.0,143.0,141.0,162.0,16.83250823060347
2020-12-14,Creatine,Performance,294,140,210,36.63,48.84,0.17,6837.6,1709.4,KP,0,4,6,1,2020,12,51,4,349,154.0,170.0,181.0,143.0,161.25,17.988422202442703
2020-12-21,Creatine,Performance,404,154,231,37.64,50.18,0.2,7727.72,1931.93,Balochistan,1,4,6,0,2020,12,52,4,356,140.0,154.0,170.0,181.0,154.5,12.261049438499686
2020-12-28,Creatine,Performance,117,144,216,15.19,20.25,0.19,2916.0,729.0,Punjab,0,4,6,2,2020,12,53,4,363,154.0,140.0,154.0,170.0,148.0,7.1180521680208875
2021-01-04,Creatine,Performance,225,152,228,14.91,19.88,0.08,3021.76,755.44,Balochistan,0,4,6,0,2021,1,1,1,4,144.0,154.0,140.0,154.0,147.5,6.608075867199684
2021-01-11,Creatine,Performance,281,133,200,13.37,17.83,0.24,2371.39,592.85,Balochistan,1,4,6,0,2021,1,2,1,11,152.0,144.0,154.0,140.0,145.75,9.535023160258545
2021-01-18,Creatine,Performance,421,155,233,23.17,30.89,0.02,4787.95,1196.99,KP,0,4,6,1,2021,1,3,1,18,133.0,152.0,144.0,154.0,146.0,9.83192080250176
2021-01-25,Creatine,Performance,73,177,266,17.56,23.41,0.15,4143.57,1035.89,KP,0,4,6,1,2021,1,4,1,25,155.0,133.0,152.0,144.0,154.25,18.02544497832625
2021-02-01,Creatine,Performance,249,139,209,37.22,49.63,0.05,6898.57,1724.64,Balochistan,0,4,6,0,2021,2,5,1,32,177.0,155.0,133.0,152.0,151.0,19.66384160500351
2021-02-08,Creatine,Performance,439,151,227,12.34,16.45,0.13,2483.95,620.99,Balochistan,0,4,6,0,2021,2,6,1,39,139.0,177.0,155.0,133.0,155.5,15.864005379054401
2021-02-15,Creatine,Performance,435,157,236,21.47,28.63,0.09,4494.91,1123.73,Sindh,1,4,6,3,2021,2,7,1,46,151.0,139.0,177.0,155.0,156.0,15.874507866387553
2021-02-22,Creatine,Performance,242,167,251,11.73,15.64,0.22,2611.88,652.97,Balochistan,0,4,6,0,2021,2,8,1,53,157.0,151.0,139.0,177.0,153.5,11.704699910719638
2021-03-01,Creatine,Performance,440,155,233,41.61,55.48,0.16,8599.4,2149.85,Punjab,1,4,6,2,2021,3,9,1,60,167.0,157.0,151.0,139.0,157.5,6.806859285554065
2021-03-08,Creatine,Performance,491,162,243,32.74,43.65,0.01,7071.3,1767.83,KP,1,4,6,1,2021,3,10,1,67,155.0,167.0,157.0,151.0,160.25,5.377421934967253
2021-03-15,Creatine,Performance,237,152,228,43.49,57.98,0.2,8812.96,2203.24,Balochistan,0,4,6,0,2021,3,11,1,74,162.0,155.0,167.0,157.0,159.0,6.78232998312529
2021-03-22,Creatine,Performance,329,141,212,8.56,11.41,0.06,1608.81,402.2,KP,1,4,6,1,2021,3,12,1,81,152.0,162.0,155.0,167.0,152.5,8.736894948054125
2021-03-29,Creatine,Performance,202,140,210,29.72,39.63,0.09,5548.2,1387.05,KP,1,4,6,1,2021,3,13,1,88,141.0,152.0,162.0,155.0,148.75,10.372238588334422
2021-04-05,Creatine,Performance,240,138,207,25.68,34.24,0.09,4725.12,1181.28,Punjab,0,4,6,2,2021,4,14,2,95,140.0,141.0,152.0,162.0,142.75,6.291528696058988
2021-04-12,Creatine,Performance,60,150,225,13.82,18.42,0.19,2763.0,690.75,Sindh,0,4,6,3,2021,4,15,2,102,138.0,140.0,141.0,152.0,142.25,5.31507290636736
2021-04-19,Creatine,Performance,455,139,209,17.99,23.98,0.03,3333.22,833.31,Punjab,0,4,6,2,2021,4,16,2,109,150.0,138.0,140.0,141.0,141.75,5.560275772537459
2021-04-26,Creatine,Performance,215,161,242,21.35,28.47,0.13,4583.67,1145.92,Balochistan,1,4,6,0,2021,4,17,2,116,139.0,150.0,138.0,140.0,147.0,10.801234497346448
2021-05-03,Creatine,Performance,225,138,207,20.12,26.82,0.05,3701.16,925.29,Balochistan,0,4,6,0,2021,5,18,2,123,161.0,139.0,150.0,138.0,147.0,10.801234497346448
2021-05-10,Creatine,Performance,381,141,212,42.6,56.8,0.17,8008.8,2002.2,Sindh,1,4,6,3,2021,5,19,2,130,138.0,161.0,139.0,150.0,144.75,10.904891868637074
2021-05-17,Creatine,Performance,66,144,216,20.29,27.05,0.2,3895.2,973.8,Punjab,1,4,6,2,2021,5,20,2,137,141.0,138.0,161.0,139.0,146.0,10.295630140987017
2021-05-24,Creatine,Performance,152,147,221,12.62,16.82,0.05,2472.54,618.14,Sindh,1,4,6,3,2021,5,21,2,144,144.0,141.0,138.0,161.0,142.5,3.872983346207461
2021-05-31,Creatine,Performance,263,145,218,21.14,28.18,0.16,4086.1,1021.53,Sindh,1,4,6,3,2021,5,22,2,151,147.0,144.0,141.0,138.0,144.25,2.5000000000000684
2021-06-07,Creatine,Performance,295,163,245,27.17,36.22,0.2,5903.86,1475.97,KP,0,4,6,1,2021,6,23,2,158,145.0,147.0,144.0,141.0,149.75,8.920949127381773
2021-06-14,Creatine,Performance,197,147,221,34.92,46.56,0.06,6844.32,1711.08,Balochistan,0,4,6,0,2021,6,24,2,165,163.0,145.0,147.0,144.0,150.5,8.3864970836061
2021-06-21,Creatine,Performance,134,153,230,14.67,19.56,0.1,2992.68,748.17,Balochistan,0,4,6,0,2021,6,25,2,172,147.0,163.0,145.0,147.0,152.0,8.082903768654779
2021-06-28,Creatine,Performance,102,166,249,29.54,39.39,0.21,6538.74,1634.69,Sindh,1,4,6,3,2021,6,26,2,179,153.0,147.0,163.0,145.0,157.25,8.808140174482556
2021-07-05,Creatine,Performance,258,154,231,13.37,17.82,0.11,2744.28,686.07,KP,0,4,6,1,2021,7,27,3,186,166.0,153.0,147.0,163.0,155.0,7.9582242575422315
2021-07-12,Creatine,Performance,382,176,264,31.61,42.14,0.1,7416.64,1854.16,Punjab,0,4,6,2,2021,7,28,3,193,154.0,166.0,153.0,147.0,162.25,10.904891868637076
2021-07-19,Creatine,Performance,296,149,224,29.47,39.29,0.17,5854.21,1463.55,Balochistan,0,4,6,0,2021,7,29,3,200,176.0,154.0,166.0,153.0,161.25,12.14838809609463
2021-07-26,Creatine,Performance,406,150,225,8.27,11.02,0.15,1653.0,413.25,Balochistan,0,4,6,0,2021,7,30,3,207,149.0,176.0,154.0,166.0,157.25,12.685293322058698
2021-08-02,Creatine,Performance,178,127,191,37.73,50.3,0.07,6388.1,1597.03,KP,1,4,6,1,2021,8,31,3,214,150.0,149.0,176.0,154.0,150.5,20.04162335407656
2021-08-09,Creatine,Performance,226,135,203,23.9,31.86,0.1,4301.1,1075.28,Sindh,1,4,6,3,2021,8,32,3,221,127.0,150.0,149.0,176.0,140.25,11.176612486199343
2021-08-16,Creatine,Performance,172,153,230,8.78,11.71,0.08,1791.63,447.91,KP,1,4,6,1,2021,8,33,3,228,135.0,127.0,150.0,149.0,141.25,12.33896267925308
2021-08-23,Creatine,Performance,145,141,212,24.4,32.53,0.0,4586.73,1146.68,KP,0,4,6,1,2021,8,34,3,235,153.0,135.0,127.0,150.0,139.0,10.95445115010334
2021-08-30,Creatine,Performance,311,135,203,44.1,58.8,0.06,7938.0,1984.5,Punjab,1,4,6,2,2021,8,35,3,242,141.0,153.0,135.0,127.0,141.0,8.485281374238594
2021-09-06,Creatine,Performance,273,140,210,27.03,36.04,0.07,5045.6,1261.4,Punjab,1,4,6,2,2021,9,36,3,249,135.0,141.0,153.0,135.0,142.25,7.6321687612369
2021-09-13,Creatine,Performance,181,164,246,10.99,14.65,0.15,2402.6,600.65,Punjab,0,4,6,2,2021,9,37,3,256,140.0,135.0,141.0,153.0,145.0,12.935738607954852
2021-09-20,Creatine,Performance,235,141,212,39.25,52.33,0.13,7378.53,1844.63,Punjab,1,4,6,2,2021,9,38,3,263,164.0,140.0,135.0,141.0,145.0,12.935738607954852
2021-09-27,Creatine,Performance,121,151,227,41.72,55.62,0.07,8398.62,2099.66,Sindh,1,4,6,3,2021,9,39,3,270,141.0,164.0,140.0,135.0,149.0,11.165422816296168
2021-10-04,Creatine,Performance,221,150,225,24.94,33.25,0.17,4987.5,1246.88,KP,1,4,6,1,2021,10,40,4,277,151.0,141.0,164.0,140.0,151.5,9.46924847422788
2021-10-11,Creatine,Performance,197,159,239,31.7,42.26,0.21,6719.34,1679.84,Balochistan,0,4,6,0,2021,10,41,4,284,150.0,151.0,141.0,164.0,150.25,7.365459931328145
2021-10-18,Creatine,Performance,227,132,198,18.23,24.31,0.05,3208.92,802.23,Sindh,0,4,6,3,2021,10,42,4,291,159.0,150.0,151.0,141.0,148.0,11.401754250991399
2021-10-25,Creatine,Performance,285,137,206,36.38,48.5,0.12,6644.5,1661.13,Sindh,1,4,6,3,2021,10,43,4,298,132.0,159.0,150.0,151.0,144.5,12.288205727444526
2021-11-01,Creatine,Performance,433,161,242,12.41,16.54,0.17,2662.94,665.74,Balochistan,1,4,6,0,2021,11,44,4,305,137.0,132.0,159.0,150.0,147.25,14.885675440951069
2021-11-08,Creatine,Performance,233,124,186,40.92,54.56,0.2,6765.44,1691.36,Sindh,0,4,6,3,2021,11,45,4,312,161.0,137.0,132.0,159.0,138.5,15.926916420533738
2021-11-15,Creatine,Performance,265,180,270,24.12,32.16,0.05,5788.8,1447.2,Punjab,0,4,6,2,2021,11,46,4,319,124.0,161.0,137.0,132.0,150.5,24.933244206614336
2021-11-22,Creatine,Performance,179,150,225,42.62,56.82,0.2,8523.0,2130.75,KP,0,4,6,1,2021,11,47,4,326,180.0,124.0,161.0,137.0,153.75,23.386249521175202
2021-11-29,Creatine,Performance,492,140,210,41.3,55.07,0.21,7709.8,1927.45,Sindh,1,4,6,3,2021,11,48,4,333,150.0,180.0,124.0,161.0,148.5,23.57258294431621
2021-12-06,Creatine,Performance,363,163,245,27.98,37.3,0.05,6079.9,1519.98,KP,0,4,6,1,2021,12,49,4,340,140.0,150.0,180.0,124.0,158.25,17.289206652321194
2021-12-13,Creatine,Performance,344,158,237,10.84,14.45,0.17,2283.1,570.78,Punjab,0,4,6,2,2021,12,50,4,347,163.0,140.0,150.0,180.0,152.75,10.0457287772798
2021-12-20,Creatine,Performance,475,138,207,30.04,40.05,0.08,5526.9,1381.73,Punjab,0,4,6,2,2021,12,51,4,354,158.0,163.0,140.0,150.0,149.75,12.60621539823382
2021-12-27,Creatine,Performance,390,158,237,12.06,16.08,0.14,2540.64,635.16,Balochistan,1,4,6,0,2021,12,52,4,361,138.0,158.0,163.0,140.0,154.25,11.086778913041762
2022-01-03,Creatine,Performance,486,147,221,39.74,52.99,0.18,7789.53,1947.38,KP,1,4,6,1,2022,1,1,1,3,158.0,138.0,158.0,163.0,150.25,9.673847907287676
2022-01-10,Creatine,Performance,471,166,249,14.56,19.41,0.07,3222.06,805.52,Sindh,1,4,6,3,2022,1,2,1,10,147.0,158.0,138.0,158.0,152.25,12.284814474246955
2022-01-17,Creatine,Performance,129,122,183,33.94,45.25,0.06,5520.5,1380.13,Balochistan,0,4,6,0,2022,1,3,1,17,166.0,147.0,158.0,138.0,148.25,19.155068954892005
2022-01-24,Creatine,Performance,326,174,261,26.29,35.05,0.09,6098.7,1524.68,KP,1,4,6,1,2022,1,4,1,24,122.0,166.0,147.0,158.0,152.25,23.128265535198864
2022-01-31,Creatine,Performance,386,148,222,41.42,55.22,0.05,8172.56,2043.14,Balochistan,1,4,6,0,2022,1,5,1,31,174.0,122.0,166.0,147.0,152.5,23.057898140695034
2022-02-07,Creatine,Performance,368,157,236,41.51,55.34,0.12,8688.38,2172.1,KP,1,4,6,1,2022,2,6,1,38,148.0,174.0,122.0,166.0,150.25,21.700614430625404
2022-02-14,Creatine,Performance,148,160,240,35.03,46.71,0.03,7473.6,1868.4,Punjab,1,4,6,2,2022,2,7,1,45,157.0,148.0,174.0,122.0,159.75,10.781929326423954
2022-02-21,Creatine,Performance,287,138,207,12.31,16.41,0.07,2264.58,566.15,KP,0,4,6,1,2022,2,8,1,52,160.0,157.0,148.0,174.0,150.75,9.91211380079955
2022-02-28,Creatine,Performance,121,135,203,18.06,24.08,0.15,3250.8,812.7,Punjab,1,4,6,2,2022,2,9,1,59,138.0,160.0,157.0,148.0,147.5,12.819256348686308
2022-03-07,Creatine,Performance,329,159,239,36.35,48.46,0.11,7705.14,1926.29,KP,0,4,6,1,2022,3,10,1,66,135.0,138.0,160.0,157.0,148.0,13.341664064126366
2022-03-14,Creatine,Performance,85,149,224,41.1,54.8,0.1,8165.2,2041.3,KP,1,4,6,1,2022,3,11,1,73,159.0,135.0,138.0,160.0,145.25,10.965856099730694
2022-03-21,Creatine,Performance,136,169,254,22.24,29.65,0.21,5010.85,1252.71,KP,0,4,6,1,2022,3,12,1,80,149.0,159.0,135.0,138.0,153.0,14.514360704718193
2022-03-28,Creatine,Performance,343,143,215,41.92,55.89,0.03,7992.27,1998.07,KP,0,4,6,1,2022,3,13,1,87,169.0,149.0,159.0,135.0,155.0,11.430952132988207
2022-04-04,Creatine,Performance,484,134,201,11.5,15.33,0.09,2054.22,513.56,Sindh,1,4,6,3,2022,4,14,2,94,143.0,169.0,149.0,159.0,148.75,14.840822079655862
2022-04-11,Creatine,Performance,147,166,249,23.62,31.49,0.16,5227.34,1306.84,Punjab,0,4,6,2,2022,4,15,2,101,134.0,143.0,169.0,149.0,153.0,17.18526500620035
2022-04-18,Creatine,Performance,126,155,233,25.9,34.53,0.05,5352.15,1338.04,KP,0,4,6,1,2022,4,16,2,108,166.0,134.0,143.0,169.0,149.5,13.964240043768974
2022-04-25,Creatine,Performance,453,148,222,25.04,33.39,0.07,4941.72,1235.43,Punjab,1,4,6,2,2022,4,17,2,115,155.0,166.0,134.0,143.0,150.75,13.400870618483497
2022-05-02,Creatine,Performance,255,173,260,19.93,26.57,0.24,4596.61,1149.15,Sindh,1,4,6,3,2022,5,18,2,122,148.0,155.0,166.0,134.0,160.5,11.150485789118523
2022-05-09,Creatine,Performance,261,134,201,23.61,31.48,0.12,4218.32,1054.58,KP,1,4,6,1,2022,5,19,2,129,173.0,148.0,155.0,166.0,152.5,16.217274740226877
2022-05-16,Creatine,Performance,241,149,224,36.44,48.59,0.22,7239.91,1809.98,Punjab,0,4,6,2,2022,5,20,2,136,134.0,173.0,148.0,155.0,151.0,16.186414056238668
2022-05-23,Creatine,Performance,282,161,242,41.7,55.6,0.05,8951.6,2237.9,Sindh,0,4,6,3,2022,5,21,2,143,149.0,134.0,173.0,148.0,154.25,16.680827317612298
2022-05-30,Creatine,Performance,199,156,234,15.53,20.7,0.24,3229.2,807.3,Sindh,0,4,6,3,2022,5,22,2,150,161.0,149.0,134.0,173.0,150.0,11.747340124470764
2022-06-06,Creatine,Performance,266,156,234,36.2,48.27,0.21,7530.12,1882.53,Balochistan,1,4,6,0,2022,6,23,2,157,156.0,161.0,149.0,134.0,155.5,4.932882862316319
2022-06-13,Creatine,Performance,324,146,219,37.58,50.1,0.23,7314.6,1828.65,Balochistan,1,4,6,0,2022,6,24,2,164,156.0,156.0,161.0,149.0,154.75,6.2915286960590135
2022-06-20,Creatine,Performance,111,141,212,32.59,43.45,0.16,6126.45,1531.61,Balochistan,1,4,6,0,2022,6,25,2,171,146.0,156.0,156.0,161.0,149.75,7.5000000000000435
2022-06-27,Creatine,Performance,285,156,234,25.8,34.4,0.05,5366.4,1341.6,Sindh,0,4,6,3,2022,6,26,2,178,141.0,146.0,156.0,156.0,149.75,7.5000000000000435
2022-07-04,Creatine,Performance,218,145,218,20.72,27.62,0.04,4004.9,1001.23,Punjab,0,4,6,2,2022,7,27,3,185,156.0,141.0,146.0,156.0,147.0,6.377042156569712
2022-07-11,Creatine,Performance,466,152,228,44.86,59.81,0.03,9091.12,2272.78,Balochistan,1,4,6,0,2022,7,28,3,192,145.0,156.0,141.0,146.0,148.5,6.757711644237809
2022-07-18,Creatine,Performance,436,157,236,21.24,28.32,0.01,4446.24,1111.56,KP,0,4,6,1,2022,7,29,3,199,152.0,145.0,156.0,141.0,152.5,5.446711546122786
2022-07-25,Creatine,Performance,170,157,236,14.72,19.63,0.09,3081.91,770.48,Sindh,1,4,6,3,2022,7,30,3,206,157.0,152.0,145.0,156.0,152.75,5.678908345800327
2022-08-01,Creatine,Performance,486,152,228,27.46,36.61,0.11,5564.72,1391.18,KP,1,4,6,1,2022,8,31,3,213,157.0,157.0,152.0,145.0,154.5,2.8867513459482312
2022-08-08,Creatine,Performance,92,139,209,11.06,14.74,0.09,2048.86,512.22,Balochistan,0,4,6,0,2022,8,32,3,220,152.0,157.0,157.0,152.0,151.25,8.500000000000037
2022-08-15,Creatine,Performance,304,147,221,39.62,52.82,0.08,7764.54,1941.14,Balochistan,1,4,6,0,2022,8,33,3,227,139.0,152.0,157.0,157.0,148.75,7.675719293113012
2022-08-22,Creatine,Performance,289,167,251,42.5,56.67,0.06,9463.89,2365.97,Sindh,1,4,6,3,2022,8,34,3,234,147.0,139.0,152.0,157.0,151.25,11.786291472158124
2022-08-29,Creatine,Performance,210,136,204,12.04,16.05,0.23,2182.8,545.7,KP,1,4,6,1,2022,8,35,3,241,167.0,147.0,139.0,152.0,147.25,13.961255912942335
2022-09-05,Creatine,Performance,384,142,213,42.91,57.21,0.04,8123.82,2030.96,Balochistan,1,4,6,0,2022,9,36,3,248,136.0,167.0,147.0,139.0,148.0,13.441230102437325
2022-09-12,Creatine,Performance,401,148,222,41.1,54.8,0.22,8110.4,2027.6,Punjab,1,4,6,2,2022,9,37,3,255,142.0,136.0,167.0,147.0,148.25,13.425721582097577
2022-09-19,Creatine,Performance,383,138,207,19.81,26.41,0.21,3644.58,911.15,KP,0,4,6,1,2022,9,38,3,262,148.0,142.0,136.0,167.0,141.0,5.291502622129242
2022-09-26,Creatine,Performance,77,134,201,17.96,23.95,0.04,3209.3,802.33,Punjab,1,4,6,2,2022,9,39,3,269,138.0,148.0,142.0,136.0,140.5,5.972157622389693
2022-10-03,Creatine,Performance,360,137,206,16.74,22.32,0.04,3057.84,764.46,KP,1,4,6,1,2022,10,40,4,276,134.0,138.0,148.0,142.0,139.25,6.075908711186114
2022-10-10,Creatine,Performance,318,141,212,17.45,23.27,0.05,3281.07,820.27,Balochistan,0,4,6,0,2022,10,41,4,283,137.0,134.0,138.0,148.0,137.5,2.8867513459482423
2022-10-17,Creatine,Performance,438,157,236,18.39,24.52,0.08,3849.64,962.41,Sindh,1,4,6,3,2022,10,42,4,290,141.0,137.0,134.0,138.0,142.25,10.242883708539665
2022-10-24,Creatine,Performance,132,166,249,28.57,38.09,0.11,6322.94,1580.74,Sindh,0,4,6,3,2022,10,43,4,297,157.0,141.0,137.0,134.0,150.25,13.59840676942219
2022-10-31,Creatine,Performance,172,138,207,14.51,19.35,0.12,2670.3,667.58,Balochistan,1,4,6,0,2022,10,44,4,304,166.0,157.0,141.0,137.0,150.5,13.279056191361416
2022-11-07,Creatine,Performance,413,156,234,10.34,13.78,0.12,2149.68,537.42,KP,0,4,6,1,2022,11,45,4,311,138.0,166.0,157.0,141.0,154.25,11.729592206608633
2022-11-14,Creatine,Performance,337,167,251,25.25,33.66,0.24,5621.22,1405.31,Balochistan,0,4,6,0,2022,11,46,4,318,156.0,138.0,166.0,157.0,156.75,13.450526631573474
2022-11-21,Creatine,Performance,349,166,249,19.84,26.45,0.15,4390.7,1097.68,Sindh,0,4,6,3,2022,11,47,4,325,167.0,156.0,138.0,166.0,156.75,13.450526631573474
2022-11-28,Creatine,Performance,186,168,252,21.35,28.47,0.22,4782.96,1195.74,Sindh,1,4,6,3,2022,11,48,4,332,166.0,167.0,156.0,138.0,164.25,5.56027577253748
2022-12-05,Creatine,Performance,398,151,227,41.78,55.71,0.13,8412.21,2103.05,KP,1,4,6,1,2022,12,49,4,339,168.0,166.0,167.0,156.0,163.0,8.041558721209917
2022-12-12,Creatine,Performance,500,130,195,24.59,32.78,0.09,4261.4,1065.35,Balochistan,0,4,6,0,2022,12,50,4,346,151.0,168.0,166.0,167.0,153.75,17.557049866079453
2022-12-19,Creatine,Performance,370,146,219,36.53,48.71,0.15,7111.66,1777.92,Sindh,1,4,6,3,2022,12,51,4,353,130.0,151.0,168.0,166.0,148.75,15.649813630413211
2022-12-26,Creatine,Performance,453,167,251,30.32,40.42,0.1,6750.14,1687.54,Sindh,1,4,6,3,2022,12,52,4,360,146.0,130.0,151.0,168.0,148.5,15.242484486898249
2023-01-02,Creatine,Performance,456,166,249,27.55,36.73,0.01,6097.18,1524.3,Punjab,0,4,6,2,2023,1,1,1,2,167.0,146.0,130.0,151.0,152.25,17.708284313657657
2023-01-09,Creatine,Performance,352,152,228,26.76,35.68,0.15,5423.36,1355.84,Sindh,0,4,6,3,2023,1,2,1,9,166.0,167.0,146.0,130.0,157.75,10.404326023342431
2023-01-16,Creatine,Performance,205,134,201,41.56,55.41,0.13,7424.94,1856.24,KP,0,4,6,1,2023,1,3,1,16,152.0,166.0,167.0,146.0,154.75,15.435349040433147
2023-01-23,Creatine,Performance,147,157,236,19.72,26.29,0.2,4127.53,1031.88,Sindh,0,4,6,3,2023,1,4,1,23,134.0,152.0,166.0,167.0,152.25,13.47528602046479
2023-01-30,Creatine,Performance,417,164,246,38.63,51.5,0.05,8446.0,2111.5,Punjab,0,4,6,2,2023,1,5,1,30,157.0,134.0,152.0,166.0,151.75,12.816005617976314
2023-02-06,Creatine,Performance,225,156,234,13.86,18.48,0.2,2882.88,720.72,Sindh,0,4,6,3,2023,2,6,1,37,164.0,157.0,134.0,152.0,152.75,12.996794476587954
2023-02-13,Creatine,Performance,173,159,239,31.64,42.18,0.06,6706.62,1676.66,Balochistan,1,4,6,0,2023,2,7,1,44,156.0,164.0,157.0,134.0,159.0,3.5590260840105037
2023-02-20,Creatine,Performance,328,147,221,44.16,58.88,0.17,8655.36,2163.84,Balochistan,0,4,6,0,2023,2,8,1,51,159.0,156.0,164.0,157.0,156.5,7.1414284285428815
2023-02-27,Creatine,Performance,302,145,218,22.57,30.09,0.02,4363.05,1090.76,Punjab,1,4,6,2,2023,2,9,1,58,147.0,159.0,156.0,164.0,151.75,6.800735254367755
2023-03-06,Creatine,Performance,301,150,225,28.83,38.44,0.11,5766.0,1441.5,Punjab,0,4,6,2,2023,3,10,1,65,145.0,147.0,159.0,156.0,150.25,6.1846584384265295
2023-03-13,Creatine,Performance,94,159,239,33.29,44.38,0.09,7056.42,1764.11,Balochistan,0,4,6,0,2023,3,11,1,72,150.0,145.0,147.0,159.0,150.25,6.1846584384265295
2023-03-20,Creatine,Performance,384,152,228,21.8,29.06,0.18,4417.12,1104.28,Punjab,1,4,6,2,2023,3,12,1,79,159.0,150.0,145.0,147.0,151.5,5.802298395176443
2023-03-27,Creatine,Performance,407,148,222,21.1,28.13,0.03,4163.24,1040.81,KP,1,4,6,1,2023,3,13,1,86,152.0,159.0,150.0,145.0,152.25,4.7871355387817385
2023-04-03,Creatine,Performance,468,152,228,29.42,39.23,0.11,5962.96,1490.74,Sindh,0,4,6,3,2023,4,14,2,93,148.0,152.0,159.0,150.0,152.75,4.573474244670798
2023-04-10,Creatine,Performance,433,157,236,20.21,26.94,0.1,4229.58,1057.4,Sindh,0,4,6,3,2023,4,15,2,100,152.0,148.0,152.0,159.0,152.25,3.685557397916059
2023-04-17,Creatine,Performance,221,144,216,27.86,37.15,0.1,5349.6,1337.4,KP,1,4,6,1,2023,4,16,2,107,157.0,152.0,148.0,152.0,150.25,5.5602757725374685
2023-04-24,Creatine,Performance,358,156,234,16.69,22.25,0.18,3471.0,867.75,KP,0,4,6,1,2023,4,17,2,114,144.0,157.0,152.0,148.0,152.25,5.909032633745319
2023-05-01,Creatine,Performance,197,140,210,29.71,39.61,0.09,5545.4,1386.35,Punjab,0,4,6,2,2023,5,18,2,121,156.0,144.0,157.0,152.0,149.25,8.539125638299696
2023-05-08,Creatine,Performance,369,137,206,31.55,42.07,0.19,5763.59,1440.9,KP,1,4,6,1,2023,5,19,2,128,140.0,156.0,144.0,157.0,144.25,8.341662504161494
2023-05-15,Creatine,Performance,379,158,237,36.83,49.1,0.04,7757.8,1939.45,Punjab,1,4,6,2,2023,5,20,2,135,137.0,140.0,156.0,144.0,147.75,10.781929326423931
2023-05-22,Creatine,Performance,375,155,233,23.12,30.83,0.08,4778.65,1194.66,Punjab,0,4,6,2,2023,5,21,2,142,158.0,137.0,140.0,156.0,147.5,10.535653752852758
2023-05-29,Creatine,Performance,466,139,209,32.64,43.52,0.23,6049.28,1512.32,Punjab,1,4,6,2,2023,5,22,2,149,155.0,158.0,137.0,140.0,147.25,10.781929326423931
2023-06-05,Creatine,Performance,343,181,272,31.64,42.18,0.24,7634.58,1908.65,Sindh,1,4,6,3,2023,6,23,2,156,139.0,155.0,158.0,137.0,158.25,17.308475765743612
2023-06-12,Creatine,Performance,63,144,216,25.64,34.18,0.21,4921.92,1230.48,Balochistan,0,4,6,0,2023,6,24,2,163,181.0,139.0,155.0,158.0,154.75,18.73276986103943
2023-06-19,Creatine,Performance,246,129,194,27.89,37.19,0.07,4797.51,1199.38,Punjab,1,4,6,2,2023,6,25,2,170,144.0,181.0,139.0,155.0,148.25,22.706460167391434
2023-06-26,Creatine,Performance,488,152,228,23.2,30.93,0.1,4701.36,1175.34,Sindh,1,4,6,3,2023,6,26,2,177,129.0,144.0,181.0,139.0,151.5,21.855586623714014
2023-07-03,Creatine,Performance,127,144,216,30.9,41.2,0.06,5932.8,1483.2,Sindh,1,4,6,3,2023,7,27,3,184,152.0,129.0,144.0,181.0,142.25,9.604686356149287
2023-07-10,Creatine,Performance,305,155,233,15.14,20.19,0.08,3129.45,782.36,Balochistan,1,4,6,0,2023,7,28,3,191,144.0,152.0,129.0,144.0,145.0,11.633285577743445
2023-07-17,Creatine,Performance,387,143,215,43.0,57.33,0.1,8198.19,2049.55,Sindh,0,4,6,3,2023,7,29,3,198,155.0,144.0,152.0,129.0,148.5,5.9160797830996374
2023-07-24,Creatine,Performance,109,177,266,26.95,35.93,0.19,6359.61,1589.9,Balochistan,0,4,6,0,2023,7,30,3,205,143.0,155.0,144.0,152.0,154.75,15.798206649279326
2023-07-31,Creatine,Performance,485,149,224,31.69,42.25,0.14,6295.25,1573.81,KP,1,4,6,1,2023,7,31,3,212,177.0,143.0,155.0,144.0,156.0,14.832396974191333
2023-08-07,Creatine,Performance,425,142,213,20.36,27.14,0.08,3853.88,963.47,Sindh,1,4,6,3,2023,8,32,3,219,149.0,177.0,143.0,155.0,152.75,16.459546368799685
2023-08-14,Creatine,Performance,58,141,212,43.4,57.87,0.11,8159.67,2039.92,KP,0,4,6,1,2023,8,33,3,226,142.0,149.0,177.0,143.0,152.25,16.87947471536561
2023-08-21,Creatine,Performance,332,161,242,20.78,27.71,0.17,4461.31,1115.33,Sindh,0,4,6,3,2023,8,34,3,233,141.0,142.0,149.0,177.0,148.25,9.215023964519403
2023-08-28,Creatine,Performance,110,126,189,27.71,36.95,0.05,4655.7,1163.93,Punjab,1,4,6,2,2023,8,35,3,240,161.0,141.0,142.0,149.0,142.5,14.34108317619931
2023-09-04,Creatine,Performance,475,167,251,23.01,30.68,0.11,5123.56,1280.89,Punjab,1,4,6,2,2023,9,36,3,247,126.0,161.0,141.0,142.0,148.75,18.803811670332525
2023-09-11,Creatine,Performance,432,144,216,34.76,46.34,0.08,6672.96,1668.24,Sindh,1,4,6,3,2023,9,37,3,254,167.0,126.0,161.0,141.0,149.5,18.448125469362292
2023-09-18,Creatine,Performance,241,161,242,14.72,19.63,0.15,3160.43,790.11,Punjab,0,4,6,2,2023,9,38,3,261,144.0,167.0,126.0,161.0,149.5,18.448125469362292
2023-09-25,Creatine,Performance,295,145,218,25.05,33.4,0.05,4843.0,1210.75,Punjab,1,4,6,2,2023,9,39,3,268,161.0,144.0,167.0,126.0,154.25,11.528949070347519
2023-10-02,Creatine,Performance,120,163,245,37.43,49.9,0.14,8133.7,2033.43,Punjab,1,4,6,2,2023,10,40,4,275,145.0,161.0,144.0,167.0,153.25,10.144785195688813
2023-10-09,Creatine,Performance,343,151,227,14.43,19.24,0.08,2905.24,726.31,Sindh,0,4,6,3,2023,10,41,4,282,163.0,145.0,161.0,144.0,155.0,8.485281374238584
2023-10-16,Creatine,Performance,261,159,239,31.96,42.61,0.13,6774.99,1693.75,Balochistan,1,4,6,0,2023,10,42,4,289,151.0,163.0,145.0,161.0,154.5,8.062257748298563
2023-10-23,Creatine,Performance,356,140,210,12.82,17.09,0.17,2392.6,598.15,Punjab,1,4,6,2,2023,10,43,4,296,159.0,151.0,163.0,145.0,153.25,10.144785195688812
2023-10-30,Creatine,Performance,148,148,222,41.87,55.82,0.1,8261.36,2065.34,KP,0,4,6,1,2023,10,44,4,303,140.0,159.0,151.0,163.0,149.5,7.8528126595931775
2023-11-06,Creatine,Performance,474,148,222,32.9,43.87,0.15,6492.76,1623.19,KP,1,4,6,1,2023,11,45,4,310,148.0,140.0,159.0,151.0,148.75,7.80491298264541
2023-11-13,Creatine,Performance,256,150,225,24.94,33.25,0.14,4987.5,1246.88,Punjab,1,4,6,2,2023,11,46,4,317,148.0,148.0,140.0,159.0,146.5,4.434711565216716
2023-11-20,Creatine,Performance,288,168,252,39.37,52.49,0.01,8818.32,2204.58,KP,1,4,6,1,2023,11,47,4,324,150.0,148.0,148.0,140.0,153.5,9.712534856222327
2023-11-27,Creatine,Performance,339,131,197,26.49,35.32,0.19,4626.92,1156.73,Balochistan,1,4,6,0,2023,11,48,4,331,168.0,150.0,148.0,148.0,149.25,15.129992289048497
2023-12-04,Creatine,Performance,106,127,191,35.15,46.86,0.23,5951.22,1487.81,Balochistan,0,4,6,0,2023,12,49,4,338,131.0,168.0,150.0,148.0,144.0,18.88562063228707
2023-12-11,Creatine,Performance,498,165,248,13.16,17.54,0.03,2894.1,723.53,Sindh,0,4,6,3,2023,12,50,4,345,127.0,131.0,168.0,150.0,147.75,21.74664725116649
2023-12-18,Creatine,Performance,51,112,168,10.39,13.85,0.1,1551.2,387.8,KP,0,4,6,1,2023,12,51,4,352,165.0,127.0,131.0,168.0,133.75,22.38116767880235
2023-12-25,Creatine,Performance,105,144,216,24.57,32.76,0.19,4717.44,1179.36,Balochistan,1,4,6,0,2023,12,52,4,359,112.0,165.0,127.0,131.0,137.0,22.788886180182956
2024-01-01,Creatine,Performance,397,168,252,23.0,30.67,0.09,5152.56,1288.14,Punjab,1,4,6,2,2024,1,1,1,1,144.0,112.0,165.0,127.0,147.25,25.81181899828062
2024-01-08,Creatine,Performance,305,152,228,44.93,59.91,0.09,9106.32,2276.58,Balochistan,0,4,6,0,2024,1,2,1,8,168.0,144.0,112.0,165.0,144.0,23.5513623102076
2024-01-15,Creatine,Performance,285,148,222,38.84,51.78,0.1,7663.44,1915.86,Balochistan,1,4,6,0,2024,1,3,1,15,152.0,168.0,144.0,112.0,153.0,10.519822558706355
2024-01-22,Creatine,Performance,433,158,237,22.11,29.48,0.13,4657.84,1164.46,Balochistan,1,4,6,0,2024,1,4,1,22,148.0,152.0,168.0,144.0,156.5,8.698658900466619
2024-01-29,Creatine,Performance,334,160,240,21.04,28.05,0.14,4488.0,1122.0,Sindh,0,4,6,3,2024,1,5,1,29,158.0,148.0,152.0,168.0,154.5,5.507570547286142
2024-02-05,Creatine,Performance,368,151,227,30.14,40.19,0.15,6068.69,1517.17,KP,1,4,6,1,2024,2,6,1,36,160.0,158.0,148.0,152.0,154.25,5.678908345800313
2024-02-12,Creatine,Performance,165,128,192,29.24,38.98,0.06,4989.44,1247.36,Balochistan,0,4,6,0,2024,2,7,1,43,151.0,160.0,158.0,148.0,149.25,14.682756326158035
2024-02-19,Creatine,Performance,198,144,216,10.43,13.91,0.09,2003.04,500.76,Punjab,0,4,6,2,2024,2,8,1,50,128.0,151.0,160.0,158.0,145.75,13.524668819112252
2024-02-26,Creatine,Performance,436,125,188,25.79,34.38,0.04,4297.5,1074.38,Punjab,1,4,6,2,2024,2,9,1,57,144.0,128.0,151.0,160.0,137.0,12.516655570345746
2024-03-04,Creatine,Performance,385,168,252,23.27,31.03,0.21,5213.04,1303.26,Balochistan,0,4,6,0,2024,3,10,1,64,125.0,144.0,128.0,151.0,141.25,19.687136240025712
2024-03-11,Creatine,Performance,64,174,261,7.6,10.13,0.09,1762.62,440.66,Balochistan,1,4,6,0,2024,3,11,1,71,168.0,125.0,144.0,128.0,152.75,22.588713996153047
2024-03-18,Creatine,Performance,283,150,225,39.74,52.98,0.24,7947.0,1986.75,KP,1,4,6,1,2024,3,12,1,78,174.0,168.0,125.0,144.0,154.25,22.005681084665397
2024-03-25,Creatine,Performance,339,147,221,10.16,13.55,0.08,1991.85,497.96,Balochistan,0,4,6,0,2024,3,13,1,85,150.0,174.0,168.0,125.0,159.75,13.275918047351775
2024-04-01,Creatine,Performance,486,148,222,26.2,34.93,0.22,5169.64,1292.41,Punjab,0,4,6,2,2024,4,14,2,92,147.0,150.0,174.0,168.0,154.75,12.893796958227648
2024-04-08,Creatine,Performance,498,167,251,22.76,30.35,0.23,5068.45,1267.11,Punjab,0,4,6,2,2024,4,15,2,99,148.0,147.0,150.0,174.0,153.0,9.416297927883718
2024-04-15,Creatine,Performance,108,150,225,15.71,20.94,0.22,3141.0,785.25,Sindh,1,4,6,3,2024,4,16,2,106,167.0,148.0,147.0,150.0,153.0,9.416297927883718
2024-04-22,Creatine,Performance,494,175,263,19.3,25.73,0.16,4502.75,1125.69,Balochistan,0,4,6,0,2024,4,17,2,113,150.0,167.0,148.0,147.0,160.0,13.140268896284702
2024-04-29,Creatine,Performance,456,176,264,42.24,56.32,0.08,9912.32,2478.08,Punjab,0,4,6,2,2024,4,18,2,120,175.0,150.0,167.0,148.0,167.0,12.027745701779166
2024-05-06,Creatine,Performance,132,166,249,21.99,29.32,0.19,4867.12,1216.78,Punjab,0,4,6,2,2024,5,19,2,127,176.0,175.0,150.0,167.0,166.75,12.038133853162924
2024-05-13,Creatine,Performance,263,139,209,43.07,57.42,0.0,7981.38,1995.35,Punjab,1,4,6,2,2024,5,20,2,134,166.0,176.0,175.0,150.0,164.0,17.262676501632086
2024-05-20,Creatine,Performance,491,158,237,30.4,40.53,0.03,6403.74,1600.94,Punjab,1,4,6,2,2024,5,21,2,141,139.0,166.0,176.0,175.0,159.75,15.671098663888692
2024-05-27,Creatine,Performance,76,144,216,23.77,31.69,0.1,4563.36,1140.84,KP,1,4,6,1,2024,5,22,2,148,158.0,139.0,166.0,176.0,151.75,12.446552400832422
2024-06-03,Creatine,Performance,161,136,204,10.64,14.18,0.14,1928.48,482.12,KP,1,4,6,1,2024,6,23,2,155,144.0,158.0,139.0,166.0,144.25,9.742518497117024
2024-06-10,Creatine,Performance,236,158,237,8.43,11.24,0.02,1775.92,443.98,Balochistan,1,4,6,0,2024,6,24,2,162,136.0,144.0,158.0,139.0,149.0,10.893423092245493
2024-06-17,Creatine,Performance,467,148,222,12.11,16.14,0.08,2388.72,597.18,Balochistan,1,4,6,0,2024,6,25,2,169,158.0,136.0,144.0,158.0,146.5,9.146948489341533
2024-06-24,Creatine,Performance,212,140,210,15.71,20.95,0.25,2933.0,733.25,Balochistan,1,4,6,0,2024,6,26,2,176,148.0,158.0,136.0,144.0,145.5,9.712534856222344
2024-07-01,Creatine,Performance,84,149,224,28.03,37.37,0.11,5568.13,1392.03,Punjab,1,4,6,2,2024,7,27,3,183,140.0,148.0,158.0,136.0,148.75,7.365459931328166
2024-07-08,Creatine,Performance,71,154,231,11.14,14.85,0.15,2286.9,571.73,Balochistan,1,4,6,0,2024,7,28,3,190,149.0,140.0,148.0,158.0,147.75,5.795112883571297
2024-07-15,Creatine,Performance,461,131,197,28.03,37.37,0.05,4895.47,1223.87,KP,1,4,6,1,2024,7,29,3,197,154.0,149.0,140.0,148.0,143.5,10.148891565092251
2024-07-22,Creatine,Performance,452,142,213,41.81,55.75,0.1,7916.5,1979.13,Balochistan,1,4,6,0,2024,7,30,3,204,131.0,154.0,149.0,140.0,144.0,9.966610925150734
2024-07-29,Creatine,Performance,475,161,242,42.02,56.03,0.04,9020.83,2255.21,Punjab,0,4,6,2,2024,7,31,3,211,142.0,131.0,154.0,149.0,147.0,13.241349377360827
2024-08-05,Creatine,Performance,368,155,233,43.52,58.03,0.04,8994.65,2248.66,KP,1,4,6,1,2024,8,32,3,218,161.0,142.0,131.0,154.0,147.25,13.425721582097575
2024-08-12,Creatine,Performance,276,147,221,14.37,19.16,0.22,2816.52,704.13,Punjab,0,4,6,2,2024,8,33,3,225,155.0,161.0,142.0,131.0,151.25,8.421203397773224
2024-08-19,Creatine,Performance,146,158,237,31.97,42.62,0.05,6733.96,1683.49,KP,0,4,6,1,2024,8,34,3,232,147.0,155.0,161.0,142.0,155.25,6.020797289396198
2024-08-26,Creatine,Performance,349,155,233,10.43,13.9,0.13,2154.5,538.63,Balochistan,0,4,6,0,2024,8,35,3,239,158.0,147.0,155.0,161.0,153.75,4.716990566028366
2024-09-02,Creatine,Performance,162,166,249,23.42,31.22,0.18,5182.52,1295.63,Balochistan,0,4,6,0,2024,9,36,3,246,155.0,158.0,147.0,155.0,156.5,7.8528126595932015
2024-09-09,Creatine,Performance,207,149,224,29.7,39.6,0.19,5900.4,1475.1,Balochistan,1,4,6,0,2024,9,37,3,253,166.0,155.0,158.0,147.0,157.0,7.071067811865517
2024-09-16,Creatine,Performance,299,142,213,22.67,30.22,0.12,4291.24,1072.81,Sindh,1,4,6,3,2024,9,38,3,260,149.0,166.0,155.0,158.0,153.0,10.165300454651298
2024-09-23,Creatine,Performance,492,167,251,42.97,57.29,0.13,9567.43,2391.86,Sindh,0,4,6,3,2024,9,39,3,267,142.0,149.0,166.0,155.0,156.0,12.463279397226632
2024-09-30,Creatine,Performance,168,142,213,20.9,27.87,0.19,3957.54,989.39,Balochistan,0,4,6,0,2024,9,40,3,274,167.0,142.0,149.0,166.0,150.0,11.803954139750536
2024-10-07,Creatine,Performance,276,154,231,12.43,16.57,0.2,2551.78,637.95,Punjab,0,4,6,2,2024,10,41,4,281,142.0,167.0,142.0,149.0,151.25,11.926860441876583
2024-10-14,Creatine,Performance,426,138,207,34.98,46.64,0.03,6436.32,1609.08,Punjab,1,4,6,2,2024,10,42,4,288,154.0,142.0,167.0,142.0,150.25,13.073510112692274
2024-10-21,Creatine,Performance,451,159,239,22.34,29.79,0.16,4736.61,1184.15,Balochistan,1,4,6,0,2024,10,43,4,295,138.0,154.0,142.0,167.0,148.25,9.87842767515832
2024-10-28,Creatine,Performance,225,164,246,9.98,13.31,0.11,2182.84,545.71,KP,1,4,6,1,2024,10,44,4,302,159.0,138.0,154.0,142.0,153.75,11.26572974408081
2024-11-04,Creatine,Performance,472,152,228,12.46,16.61,0.02,2524.72,631.18,Sindh,1,4,6,3,2024,11,45,4,309,164.0,159.0,138.0,154.0,153.25,11.295279249904969
2024-11-11,Creatine,Performance,400,158,237,16.0,21.33,0.24,3370.14,842.54,Punjab,0,4,6,2,2024,11,46,4,316,152.0,164.0,159.0,138.0,158.25,4.92442890089809
2024-11-18,Creatine,Performance,195,163,245,9.61,12.81,0.24,2088.03,522.01,Sindh,1,4,6,3,2024,11,47,4,323,158.0,152.0,164.0,159.0,159.25,5.500000000000034
2024-11-25,Creatine,Performance,348,140,210,11.59,15.45,0.06,2163.0,540.75,Balochistan,1,4,6,0,2024,11,48,4,330,163.0,158.0,152.0,164.0,153.25,9.912113800799519
2024-12-02,Creatine,Performance,442,149,224,38.42,51.23,0.19,7633.27,1908.32,KP,1,4,6,1,2024,12,49,4,337,140.0,163.0,158.0,152.0,152.5,10.148891565092233
2024-12-09,Creatine,Performance,249,130,195,24.16,32.21,0.25,4187.3,1046.83,Punjab,1,4,6,2,2024,12,50,4,344,149.0,140.0,163.0,158.0,145.5,14.01189970465581
2024-12-16,Creatine,Performance,296,136,204,13.68,18.24,0.11,2480.64,620.16,Sindh,1,4,6,3,2024,12,51,4,351,130.0,149.0,140.0,163.0,138.75,7.973915809270468
2024-12-23,Creatine,Performance,438,158,237,20.28,27.04,0.18,4272.32,1068.08,Punjab,0,4,6,2,2024,12,52,4,358,136.0,130.0,149.0,140.0,143.25,12.632629707758138
2024-12-30,Creatine,Performance,93,156,234,30.76,41.01,0.06,6397.56,1599.39,Punjab,1,4,6,2,2024,12,1,4,365,158.0,136.0,130.0,149.0,145.0,14.094916341243987
2025-01-06,Creatine,Performance,382,147,221,44.93,59.9,0.13,8805.3,2201.33,Sindh,0,4,6,3,2025,1,2,1,6,156.0,158.0,136.0,130.0,149.25,10.045728777279765
2025-01-13,Creatine,Performance,308,143,215,30.93,41.24,0.15,5897.32,1474.33,Balochistan,1,4,6,0,2025,1,3,1,13,147.0,156.0,158.0,136.0,151.0,7.164728420068235
2025-01-20,Creatine,Performance,309,128,192,28.22,37.63,0.22,4816.64,1204.16,Punjab,0,4,6,2,2025,1,4,1,20,143.0,147.0,156.0,158.0,143.5,11.676186592091332
2025-01-27,Creatine,Performance,261,143,215,28.17,37.56,0.12,5371.08,1342.77,KP,0,4,6,1,2025,1,5,1,27,128.0,143.0,147.0,156.0,140.25,8.381527307120113
2025-02-03,Creatine,Performance,94,153,230,8.08,10.77,0.17,1647.81,411.95,KP,1,4,6,1,2025,2,6,1,34,143.0,128.0,143.0,147.0,141.75,10.307764064044157
2025-02-10,Creatine,Performance,95,158,237,20.33,27.1,0.13,4281.8,1070.45,KP,1,4,6,1,2025,2,7,1,41,153.0,143.0,128.0,143.0,145.5,13.228756555322956
2025-02-17,Creatine,Performance,347,145,218,11.18,14.9,0.17,2160.5,540.13,Punjab,0,4,6,2,2025,2,8,1,48,158.0,153.0,143.0,128.0,149.75,6.994045086119098
2025-02-24,Creatine,Performance,211,149,224,42.65,56.87,0.0,8473.63,2118.41,Punjab,0,4,6,2,2025,2,9,1,55,145.0,158.0,153.0,143.0,151.25,5.560275772537429
2025-03-03,Creatine,Performance,196,155,233,24.33,32.44,0.03,5028.2,1257.05,KP,1,4,6,1,2025,3,10,1,62,149.0,145.0,158.0,153.0,151.75,5.852349955359816
2025-03-10,Creatine,Performance,258,141,212,34.94,46.58,0.12,6567.78,1641.95,Punjab,0,4,6,2,2025,3,11,1,69,155.0,149.0,145.0,158.0,147.5,5.97215762238964
2025-03-17,Creatine,Performance,93,152,228,34.22,45.63,0.05,6935.76,1733.94,KP,1,4,6,1,2025,3,12,1,76,141.0,155.0,149.0,145.0,149.25,6.020797289396147
2025-03-24,Creatine,Performance,234,167,251,9.95,13.26,0.14,2214.42,553.61,Balochistan,1,4,6,0,2025,3,13,1,83,152.0,141.0,155.0,149.0,153.75,10.688779163215973
2025-03-31,Creatine,Performance,123,174,261,26.72,35.63,0.03,6199.62,1549.91,KP,1,4,6,1,2025,3,14,1,90,167.0,152.0,141.0,155.0,158.5,14.843629385474877
2020-02-03,Electrolyte Powder,Hydration,156,168,252,34.93,46.57,0.05,7823.76,1955.94,Sindh,0,5,3,3,2020,2,6,1,34,129.0,147.0,151.0,154.0,148.75,16.00781059358212
2020-02-10,Electrolyte Powder,Hydration,88,151,227,16.57,22.09,0.0,3335.59,833.9,Sindh,0,5,3,3,2020,2,7,1,41,168.0,129.0,147.0,151.0,148.75,16.00781059358212
2020-02-17,Electrolyte Powder,Hydration,365,154,231,20.45,27.26,0.13,4198.04,1049.51,Sindh,1,5,3,3,2020,2,8,1,48,151.0,168.0,129.0,147.0,150.5,16.134848413707928
2020-02-24,Electrolyte Powder,Hydration,349,135,203,20.47,27.29,0.04,3684.15,921.04,KP,1,5,3,1,2020,2,9,1,55,154.0,151.0,168.0,129.0,152.0,13.540064007726597
2020-03-02,Electrolyte Powder,Hydration,355,161,242,40.39,53.85,0.24,8669.85,2167.46,Balochistan,0,5,3,0,2020,3,10,1,62,135.0,154.0,151.0,168.0,150.25,10.99621146880445
2020-03-09,Electrolyte Powder,Hydration,337,158,237,10.24,13.65,0.1,2156.7,539.18,Balochistan,1,5,3,0,2020,3,11,1,69,161.0,135.0,154.0,151.0,152.0,11.690451944500117
2020-03-16,Electrolyte Powder,Hydration,83,155,233,21.0,28.0,0.24,4340.0,1085.0,Sindh,0,5,3,3,2020,3,12,1,76,158.0,161.0,135.0,154.0,152.25,11.757976016304841
2020-03-23,Electrolyte Powder,Hydration,349,151,227,10.34,13.78,0.09,2080.78,520.2,Balochistan,0,5,3,0,2020,3,13,1,83,155.0,158.0,161.0,135.0,156.25,4.27200187265875
2020-03-30,Electrolyte Powder,Hydration,201,156,234,18.33,24.44,0.1,3812.64,953.16,KP,0,5,3,1,2020,3,14,1,90,151.0,155.0,158.0,161.0,155.0,2.9439202887759244
2020-04-06,Electrolyte Powder,Hydration,471,185,278,32.36,43.15,0.19,7982.75,1995.69,Punjab,1,5,3,2,2020,4,15,2,97,156.0,151.0,155.0,158.0,161.75,15.649813630413192
2020-04-13,Electrolyte Powder,Hydration,305,162,243,30.93,41.24,0.14,6680.88,1670.22,Balochistan,0,5,3,0,2020,4,16,2,104,185.0,156.0,151.0,155.0,163.5,15.022205785658327
2020-04-20,Electrolyte Powder,Hydration,273,157,236,8.08,10.77,0.15,1690.89,422.72,Punjab,0,5,3,2,2020,4,17,2,111,162.0,185.0,156.0,151.0,165.0,13.589211407093
2020-04-27,Electrolyte Powder,Hydration,261,147,221,17.26,23.01,0.04,3382.47,845.62,Punjab,1,5,3,2,2020,4,18,2,118,157.0,162.0,185.0,156.0,162.75,16.090887690449726
2020-05-04,Electrolyte Powder,Hydration,107,133,200,12.86,17.14,0.17,2279.62,569.91,Punjab,1,5,3,2,2020,5,19,2,125,147.0,157.0,162.0,185.0,149.75,12.789970028633112
2020-05-11,Electrolyte Powder,Hydration,232,156,234,29.21,38.94,0.16,6074.64,1518.66,Sindh,1,5,3,3,2020,5,20,2,132,133.0,147.0,157.0,162.0,148.25,11.116804097101525
2020-05-18,Electrolyte Powder,Hydration,218,154,231,30.92,41.23,0.22,6349.42,1587.36,Sindh,1,5,3,3,2020,5,21,2,139,156.0,133.0,147.0,157.0,147.5,10.40832999733066
2020-05-25,Electrolyte Powder,Hydration,425,149,224,11.29,15.05,0.04,2242.45,560.61,Balochistan,0,5,3,0,2020,5,22,2,146,154.0,156.0,133.0,147.0,148.0,10.424330514074589
2020-06-01,Electrolyte Powder,Hydration,332,137,206,18.22,24.29,0.23,3327.73,831.93,Sindh,1,5,3,3,2020,6,23,2,153,149.0,154.0,156.0,133.0,149.0,8.524474568362944
2020-06-08,Electrolyte Powder,Hydration,471,152,228,22.03,29.37,0.02,4464.24,1116.06,Punjab,1,5,3,2,2020,6,24,2,160,137.0,149.0,154.0,156.0,148.0,7.615773105863902
2020-06-15,Electrolyte Powder,Hydration,220,148,222,11.87,15.83,0.14,2342.84,585.71,KP,1,5,3,1,2020,6,25,2,167,152.0,137.0,149.0,154.0,146.5,6.557438524301994
2020-06-22,Electrolyte Powder,Hydration,491,174,261,10.38,13.84,0.09,2408.16,602.04,Sindh,0,5,3,3,2020,6,26,2,174,148.0,152.0,137.0,149.0,152.75,15.521490478258414
2020-06-29,Electrolyte Powder,Hydration,336,136,204,23.18,30.91,0.19,4203.76,1050.94,Sindh,0,5,3,3,2020,6,27,2,181,174.0,148.0,152.0,137.0,152.5,15.86400537905439
2020-07-06,Electrolyte Powder,Hydration,252,140,210,38.48,51.3,0.17,7182.0,1795.5,KP,0,5,3,1,2020,7,28,3,188,136.0,174.0,148.0,152.0,149.5,17.078251276599328
2020-07-13,Electrolyte Powder,Hydration,407,153,230,26.26,35.01,0.02,5356.53,1339.13,Punjab,1,5,3,2,2020,7,29,3,195,140.0,136.0,174.0,148.0,150.75,17.114808402861733
2020-07-20,Electrolyte Powder,Hydration,73,159,239,14.5,19.33,0.01,3073.47,768.37,Punjab,1,5,3,2,2020,7,30,3,202,153.0,140.0,136.0,174.0,147.0,10.80123449734643
2020-07-27,Electrolyte Powder,Hydration,194,153,230,20.18,26.9,0.03,4115.7,1028.93,KP,0,5,3,1,2020,7,31,3,209,159.0,153.0,140.0,136.0,151.25,8.015609770940696
2020-08-03,Electrolyte Powder,Hydration,279,137,206,30.17,40.22,0.19,5510.14,1377.54,Sindh,0,5,3,3,2020,8,32,3,216,153.0,159.0,153.0,140.0,150.5,9.433981132056601
2020-08-10,Electrolyte Powder,Hydration,74,162,243,34.91,46.54,0.11,7539.48,1884.87,Balochistan,0,5,3,0,2020,8,33,3,223,137.0,153.0,159.0,153.0,152.75,11.146748404803976
2020-08-17,Electrolyte Powder,Hydration,82,153,230,30.58,40.77,0.02,6237.81,1559.45,Punjab,0,5,3,2,2020,8,34,3,230,162.0,137.0,153.0,159.0,151.25,10.404326023342405
2020-08-24,Electrolyte Powder,Hydration,67,165,248,36.17,48.23,0.04,7957.95,1989.49,KP,1,5,3,1,2020,8,35,3,237,153.0,162.0,137.0,153.0,154.25,12.579745625409124
2020-08-31,Electrolyte Powder,Hydration,204,147,221,14.84,19.79,0.21,2909.13,727.28,Sindh,0,5,3,3,2020,8,36,3,244,165.0,153.0,162.0,137.0,156.75,8.261355820929152
2020-09-07,Electrolyte Powder,Hydration,353,142,213,19.52,26.02,0.04,3694.84,923.71,Balochistan,1,5,3,0,2020,9,37,3,251,147.0,165.0,153.0,162.0,151.75,9.912113800799505
2020-09-14,Electrolyte Powder,Hydration,117,140,210,31.61,42.14,0.15,5899.6,1474.9,Punjab,1,5,3,2,2020,9,38,3,258,142.0,147.0,165.0,153.0,148.5,11.387127235025817
2020-09-21,Electrolyte Powder,Hydration,81,155,233,35.6,47.47,0.14,7357.85,1839.46,Sindh,0,5,3,3,2020,9,39,3,265,140.0,142.0,147.0,165.0,146.0,6.683312551921143
2020-09-28,Electrolyte Powder,Hydration,233,156,234,30.09,40.12,0.12,6258.72,1564.68,KP,0,5,3,1,2020,9,40,3,272,155.0,140.0,142.0,147.0,148.25,8.42120339777319
2020-10-05,Electrolyte Powder,Hydration,127,140,210,39.45,52.6,0.14,7364.0,1841.0,Sindh,0,5,3,3,2020,10,41,4,279,156.0,155.0,140.0,142.0,147.75,8.958236433584462
2020-10-12,Electrolyte Powder,Hydration,328,154,231,35.34,47.12,0.06,7256.48,1814.12,Punjab,0,5,3,2,2020,10,42,4,286,140.0,156.0,155.0,140.0,151.25,7.544313531837519
2020-10-19,Electrolyte Powder,Hydration,368,154,231,8.52,11.36,0.2,1749.44,437.36,Balochistan,1,5,3,0,2020,10,43,4,293,154.0,140.0,156.0,155.0,151.0,7.393691004272947
2020-10-26,Electrolyte Powder,Hydration,275,150,225,43.76,58.35,0.14,8752.5,2188.13,KP,1,5,3,1,2020,10,44,4,300,154.0,154.0,140.0,156.0,149.5,6.608075867199672
2020-11-02,Electrolyte Powder,Hydration,427,157,236,22.85,30.46,0.08,4782.22,1195.56,KP,0,5,3,1,2020,11,45,4,307,150.0,154.0,154.0,140.0,153.75,2.872281323269028
2020-11-09,Electrolyte Powder,Hydration,465,154,231,34.14,45.52,0.03,7010.08,1752.52,KP,1,5,3,1,2020,11,46,4,314,157.0,150.0,154.0,154.0,153.75,2.872281323269028
2020-11-16,Electrolyte Powder,Hydration,178,164,246,9.34,12.45,0.14,2041.8,510.45,Sindh,1,5,3,3,2020,11,47,4,321,154.0,157.0,150.0,154.0,156.25,5.909032633745287
2020-11-23,Electrolyte Powder,Hydration,118,135,203,23.36,31.15,0.2,4205.25,1051.31,Balochistan,1,5,3,0,2020,11,48,4,328,164.0,154.0,157.0,150.0,152.5,12.39623598785804
2020-11-30,Electrolyte Powder,Hydration,366,163,245,10.82,14.42,0.09,2350.46,587.62,KP,1,5,3,1,2020,11,49,4,335,135.0,164.0,154.0,157.0,154.0,13.441230102437308
2020-12-07,Electrolyte Powder,Hydration,75,148,222,29.48,39.31,0.12,5817.88,1454.47,Sindh,1,5,3,3,2020,12,50,4,342,163.0,135.0,164.0,154.0,152.5,13.77195217340907
2020-12-14,Electrolyte Powder,Hydration,420,138,207,39.38,52.51,0.07,7246.38,1811.6,Sindh,1,5,3,3,2020,12,51,4,349,148.0,163.0,135.0,164.0,146.0,12.622730819174329
2020-12-21,Electrolyte Powder,Hydration,160,150,225,25.89,34.52,0.21,5178.0,1294.5,Balochistan,1,5,3,0,2020,12,52,4,356,138.0,148.0,163.0,135.0,149.75,10.275375094532242
2020-12-28,Electrolyte Powder,Hydration,364,145,218,40.35,53.8,0.2,7801.0,1950.25,KP,0,5,3,1,2020,12,53,4,363,150.0,138.0,148.0,163.0,145.25,5.251983752196261
2021-01-04,Electrolyte Powder,Hydration,440,158,237,21.26,28.34,0.03,4477.72,1119.43,Sindh,1,5,3,3,2021,1,1,1,4,145.0,150.0,138.0,148.0,147.75,8.421203397773196
2021-01-11,Electrolyte Powder,Hydration,94,145,218,37.83,50.44,0.09,7313.8,1828.45,Sindh,1,5,3,3,2021,1,2,1,11,158.0,145.0,150.0,138.0,149.5,6.137317546507336
2021-01-18,Electrolyte Powder,Hydration,91,147,221,33.5,44.67,0.25,6566.49,1641.62,Punjab,1,5,3,2,2021,1,3,1,18,145.0,158.0,145.0,150.0,148.75,6.23832242407098
2021-01-25,Electrolyte Powder,Hydration,284,149,224,7.88,10.5,0.05,1564.5,391.13,Sindh,1,5,3,3,2021,1,4,1,25,147.0,145.0,158.0,145.0,149.75,5.737304826019516
2021-02-01,Electrolyte Powder,Hydration,405,147,221,7.72,10.29,0.02,1512.63,378.16,Balochistan,1,5,3,0,2021,2,5,1,32,149.0,147.0,145.0,158.0,147.0,1.6329931618555014
2021-02-08,Electrolyte Powder,Hydration,429,165,248,39.94,53.25,0.08,8786.25,2196.56,KP,1,5,3,1,2021,2,6,1,39,147.0,149.0,147.0,145.0,152.0,8.717797887081359
2021-02-15,Electrolyte Powder,Hydration,487,162,243,15.89,21.18,0.23,3431.16,857.79,Punjab,0,5,3,2,2021,2,7,1,46,165.0,147.0,149.0,147.0,155.75,9.069178573608541
2021-02-22,Electrolyte Powder,Hydration,132,158,237,27.02,36.02,0.24,5691.16,1422.79,KP,1,5,3,1,2021,2,8,1,53,162.0,165.0,147.0,149.0,158.0,7.874007874011827
2021-03-01,Electrolyte Powder,Hydration,89,155,233,9.47,12.62,0.06,1956.1,489.03,KP,1,5,3,1,2021,3,9,1,60,158.0,162.0,165.0,147.0,160.0,4.3969686527576695
2021-03-08,Electrolyte Powder,Hydration,465,143,215,25.16,33.54,0.04,4796.22,1199.06,Sindh,0,5,3,3,2021,3,10,1,67,155.0,158.0,162.0,165.0,154.5,8.18535277187247
2021-03-15,Electrolyte Powder,Hydration,219,154,231,26.16,34.88,0.04,5371.52,1342.88,Balochistan,0,5,3,0,2021,3,11,1,74,143.0,155.0,158.0,162.0,152.5,6.557438524302024
2021-03-22,Electrolyte Powder,Hydration,159,154,231,11.4,15.2,0.24,2340.8,585.2,KP,0,5,3,1,2021,3,12,1,81,154.0,143.0,155.0,158.0,151.5,5.686240703077353
2021-03-29,Electrolyte Powder,Hydration,297,148,222,27.89,37.19,0.08,5504.12,1376.03,Balochistan,0,5,3,0,2021,3,13,1,88,154.0,154.0,143.0,155.0,149.75,5.315072906367355
2021-04-05,Electrolyte Powder,Hydration,370,156,234,43.09,57.45,0.06,8962.2,2240.55,Balochistan,0,5,3,0,2021,4,14,2,95,148.0,154.0,154.0,143.0,153.0,3.464101615137801
2021-04-12,Electrolyte Powder,Hydration,304,140,210,33.4,44.53,0.14,6234.2,1558.55,Balochistan,0,5,3,0,2021,4,15,2,102,156.0,148.0,154.0,154.0,149.5,7.187952884282628
2021-04-19,Electrolyte Powder,Hydration,203,150,225,32.95,43.93,0.11,6589.5,1647.38,KP,0,5,3,1,2021,4,16,2,109,140.0,156.0,148.0,154.0,148.5,6.608075867199691
2021-04-26,Electrolyte Powder,Hydration,228,151,227,35.49,47.32,0.0,7145.32,1786.33,Punjab,0,5,3,2,2021,4,17,2,116,150.0,140.0,156.0,148.0,149.25,6.701989754294389
2021-05-03,Electrolyte Powder,Hydration,246,160,240,32.6,43.47,0.12,6955.2,1738.8,Balochistan,0,5,3,0,2021,5,18,2,123,151.0,150.0,140.0,156.0,150.25,8.180260794538702
2021-05-10,Electrolyte Powder,Hydration,321,129,194,13.65,18.2,0.18,2347.8,586.95,KP,0,5,3,1,2021,5,19,2,130,160.0,151.0,150.0,140.0,147.5,13.127579111676821
2021-05-17,Electrolyte Powder,Hydration,50,146,219,34.79,46.38,0.11,6771.48,1692.87,Punjab,0,5,3,2,2021,5,20,2,137,129.0,160.0,151.0,150.0,146.5,13.025615788386625
2021-05-24,Electrolyte Powder,Hydration,287,162,243,44.7,59.6,0.03,9655.2,2413.8,Punjab,0,5,3,2,2021,5,21,2,144,146.0,129.0,160.0,151.0,149.25,15.261607604268525
2021-05-31,Electrolyte Powder,Hydration,51,140,210,19.31,25.74,0.03,3603.6,900.9,Balochistan,1,5,3,0,2021,5,22,2,151,162.0,146.0,129.0,160.0,144.25,13.768926368215261
2021-06-07,Electrolyte Powder,Hydration,185,153,230,25.73,34.3,0.08,5247.9,1311.98,Sindh,0,5,3,3,2021,6,23,2,158,140.0,162.0,146.0,129.0,150.25,9.464847243000461
2021-06-14,Electrolyte Powder,Hydration,474,134,201,25.54,34.05,0.09,4562.7,1140.68,KP,1,5,3,1,2021,6,24,2,165,153.0,140.0,162.0,146.0,147.25,12.632629707758136
2021-06-21,Electrolyte Powder,Hydration,85,147,221,32.6,43.47,0.05,6390.09,1597.52,KP,1,5,3,1,2021,6,25,2,172,134.0,153.0,140.0,162.0,143.5,8.266397845091502
2021-06-28,Electrolyte Powder,Hydration,115,154,231,23.69,31.59,0.2,4864.86,1216.22,Sindh,1,5,3,3,2021,6,26,2,179,147.0,134.0,153.0,140.0,147.0,9.201449161228181
2021-07-05,Electrolyte Powder,Hydration,140,152,228,13.12,17.49,0.14,2658.48,664.62,Sindh,0,5,3,3,2021,7,27,3,186,154.0,147.0,134.0,153.0,146.75,8.995369179009097
2021-07-12,Electrolyte Powder,Hydration,209,190,285,35.0,46.67,0.0,8867.3,2216.83,Sindh,1,5,3,3,2021,7,28,3,193,152.0,154.0,147.0,134.0,160.75,19.720970226301414
2021-07-19,Electrolyte Powder,Hydration,177,139,209,25.14,33.52,0.22,4659.28,1164.82,Punjab,0,5,3,2,2021,7,29,3,200,190.0,152.0,154.0,147.0,158.75,21.868927728629043
2021-07-26,Electrolyte Powder,Hydration,83,134,201,15.53,20.71,0.02,2775.14,693.79,KP,0,5,3,1,2021,7,30,3,207,139.0,190.0,152.0,154.0,153.75,25.32949532330507
2021-08-02,Electrolyte Powder,Hydration,171,165,248,19.79,26.38,0.05,4352.7,1088.18,Punjab,0,5,3,2,2021,8,31,3,214,134.0,139.0,190.0,152.0,157.0,25.85858980429263
2021-08-09,Electrolyte Powder,Hydration,103,122,183,39.51,52.68,0.06,6426.96,1606.74,Balochistan,1,5,3,0,2021,8,32,3,221,165.0,134.0,139.0,190.0,140.0,18.129166187849535
2021-08-16,Electrolyte Powder,Hydration,230,153,230,13.66,18.21,0.03,2786.13,696.53,Sindh,0,5,3,3,2021,8,33,3,228,122.0,165.0,134.0,139.0,143.5,19.192012227313047
2021-08-23,Electrolyte Powder,Hydration,111,144,216,29.18,38.91,0.12,5603.04,1400.76,Punjab,1,5,3,2,2021,8,34,3,235,153.0,122.0,165.0,134.0,146.0,18.165902124584953
2021-08-30,Electrolyte Powder,Hydration,487,154,231,10.16,13.55,0.12,2086.7,521.68,KP,0,5,3,1,2021,8,35,3,242,144.0,153.0,122.0,165.0,143.25,14.863265679744366
2021-09-06,Electrolyte Powder,Hydration,464,162,243,7.72,10.29,0.11,1666.98,416.75,KP,0,5,3,1,2021,9,36,3,249,154.0,144.0,153.0,122.0,153.25,7.365459931328117
2021-09-13,Electrolyte Powder,Hydration,147,155,233,9.18,12.24,0.07,1897.2,474.3,Punjab,1,5,3,2,2021,9,37,3,256,162.0,154.0,144.0,153.0,153.75,7.41057802513857
2021-09-20,Electrolyte Powder,Hydration,189,165,248,39.61,52.81,0.03,8713.65,2178.41,KP,0,5,3,1,2021,9,38,3,263,155.0,162.0,154.0,144.0,159.0,5.354126134736336
2021-09-27,Electrolyte Powder,Hydration,183,138,207,18.4,24.53,0.07,3385.14,846.29,KP,0,5,3,1,2021,9,39,3,270,165.0,155.0,162.0,154.0,155.0,12.08304597359457
2021-10-04,Electrolyte Powder,Hydration,402,138,207,34.52,46.02,0.13,6350.76,1587.69,Punjab,0,5,3,2,2021,10,40,4,277,138.0,165.0,155.0,162.0,149.0,13.341664064126329
2021-10-11,Electrolyte Powder,Hydration,241,144,216,22.45,29.93,0.0,4309.92,1077.48,Punjab,1,5,3,2,2021,10,41,4,284,138.0,138.0,165.0,155.0,146.25,12.816005617976293
2021-10-18,Electrolyte Powder,Hydration,360,163,245,24.4,32.53,0.07,5302.39,1325.6,Sindh,0,5,3,3,2021,10,42,4,291,144.0,138.0,138.0,165.0,145.75,11.842719282327007
2021-10-25,Electrolyte Powder,Hydration,259,139,209,36.03,48.04,0.25,6677.56,1669.39,KP,1,5,3,1,2021,10,43,4,298,163.0,144.0,138.0,138.0,146.0,11.633285577743427
2021-11-01,Electrolyte Powder,Hydration,159,145,218,26.39,35.19,0.16,5102.55,1275.64,Balochistan,0,5,3,0,2021,11,44,4,305,139.0,163.0,144.0,138.0,147.75,10.499999999999995
2021-11-08,Electrolyte Powder,Hydration,150,132,198,32.9,43.86,0.22,5789.52,1447.38,Sindh,1,5,3,3,2021,11,45,4,312,145.0,139.0,163.0,144.0,144.75,13.27591804735175
2021-11-15,Electrolyte Powder,Hydration,248,168,252,32.71,43.61,0.0,7326.48,1831.62,Balochistan,0,5,3,0,2021,11,46,4,319,132.0,145.0,139.0,163.0,146.0,15.599145275730118
2021-11-22,Electrolyte Powder,Hydration,71,160,240,16.85,22.47,0.22,3595.2,898.8,Balochistan,1,5,3,0,2021,11,47,4,326,168.0,132.0,145.0,139.0,151.25,15.986973864159948
2021-11-29,Electrolyte Powder,Hydration,425,137,206,19.55,26.07,0.04,3571.59,892.9,Balochistan,1,5,3,0,2021,11,48,4,333,160.0,168.0,132.0,145.0,149.25,17.461863207191453
2021-12-06,Electrolyte Powder,Hydration,72,135,203,7.77,10.36,0.08,1398.6,349.65,Punjab,0,5,3,2,2021,12,49,4,340,137.0,160.0,168.0,132.0,150.0,16.512621435334445
2021-12-13,Electrolyte Powder,Hydration,108,158,237,39.83,53.1,0.22,8389.8,2097.45,Punjab,1,5,3,2,2021,12,50,4,347,135.0,137.0,160.0,168.0,147.5,13.329166015421468
2021-12-20,Electrolyte Powder,Hydration,369,151,227,39.49,52.65,0.2,7950.15,1987.54,Balochistan,0,5,3,0,2021,12,51,4,354,158.0,135.0,137.0,160.0,145.25,11.086778913041723
2021-12-27,Electrolyte Powder,Hydration,378,150,225,39.68,52.91,0.08,7936.5,1984.13,Sindh,1,5,3,3,2021,12,52,4,361,151.0,158.0,135.0,137.0,148.5,9.678154093971981
2022-01-03,Electrolyte Powder,Hydration,251,160,240,17.46,23.28,0.14,3724.8,931.2,Punjab,1,5,3,2,2022,1,1,1,3,150.0,151.0,158.0,135.0,154.75,4.991659710623973
2022-01-10,Electrolyte Powder,Hydration,284,146,219,24.59,32.79,0.04,4787.34,1196.84,Balochistan,0,5,3,0,2022,1,2,1,10,160.0,150.0,151.0,158.0,151.75,5.909032633745271
2022-01-17,Electrolyte Powder,Hydration,237,160,240,38.75,51.66,0.18,8265.6,2066.4,Balochistan,0,5,3,0,2022,1,3,1,17,146.0,160.0,150.0,151.0,154.0,7.118052168020868
2022-01-24,Electrolyte Powder,Hydration,210,136,204,15.6,20.8,0.03,2828.8,707.2,Balochistan,0,5,3,0,2022,1,4,1,24,160.0,146.0,160.0,150.0,150.5,11.704699910719624
2022-01-31,Electrolyte Powder,Hydration,126,139,209,9.11,12.15,0.22,1688.85,422.21,Sindh,1,5,3,3,2022,1,5,1,31,136.0,160.0,146.0,160.0,145.25,10.688779163215974
2022-02-07,Electrolyte Powder,Hydration,88,144,216,27.47,36.62,0.07,5273.28,1318.32,Sindh,1,5,3,3,2022,2,6,1,38,139.0,136.0,160.0,146.0,144.75,10.688779163215974
2022-02-14,Electrolyte Powder,Hydration,78,154,231,23.09,30.78,0.21,4740.12,1185.03,Balochistan,0,5,3,0,2022,2,7,1,45,144.0,139.0,136.0,160.0,143.25,7.889866919029749
2022-02-21,Electrolyte Powder,Hydration,142,142,213,40.28,53.71,0.04,7626.82,1906.71,Punjab,1,5,3,2,2022,2,8,1,52,154.0,144.0,139.0,136.0,144.75,6.5
2022-02-28,Electrolyte Powder,Hydration,439,153,230,9.25,12.33,0.24,1886.49,471.62,Punjab,0,5,3,2,2022,2,9,1,59,142.0,154.0,144.0,139.0,148.25,6.130524719249843
2022-03-07,Electrolyte Powder,Hydration,55,153,230,22.45,29.93,0.03,4579.29,1144.82,Balochistan,0,5,3,0,2022,3,10,1,66,153.0,142.0,154.0,144.0,150.5,5.686240703077331
2022-03-14,Electrolyte Powder,Hydration,464,161,242,28.01,37.35,0.01,6013.35,1503.34,Balochistan,1,5,3,0,2022,3,11,1,73,153.0,153.0,142.0,154.0,152.25,7.8049129826454
2022-03-21,Electrolyte Powder,Hydration,442,171,257,37.91,50.55,0.03,8644.05,2161.01,Balochistan,0,5,3,0,2022,3,12,1,80,161.0,153.0,153.0,142.0,159.5,8.544003745317537
2022-03-28,Electrolyte Powder,Hydration,147,161,242,20.83,27.77,0.14,4470.97,1117.74,Balochistan,1,5,3,0,2022,3,13,1,87,171.0,161.0,153.0,153.0,161.5,7.371114795832002
2022-04-04,Electrolyte Powder,Hydration,154,133,200,39.68,52.9,0.18,7035.7,1758.93,Balochistan,0,5,3,0,2022,4,14,2,94,161.0,171.0,161.0,153.0,156.5,16.360521589077376
2022-04-11,Electrolyte Powder,Hydration,71,137,206,29.76,39.68,0.22,5436.16,1359.04,KP,0,5,3,1,2022,4,15,2,101,133.0,161.0,171.0,161.0,150.5,18.430047929038786
2022-04-18,Electrolyte Powder,Hydration,430,137,206,23.1,30.8,0.02,4219.6,1054.9,Punjab,1,5,3,2,2022,4,16,2,108,137.0,133.0,161.0,171.0,142.0,12.806248474865702
2022-04-25,Electrolyte Powder,Hydration,166,143,215,20.2,26.93,0.19,3850.99,962.75,KP,0,5,3,1,2022,4,17,2,115,137.0,137.0,133.0,161.0,137.5,4.12310562561767
2022-05-02,Electrolyte Powder,Hydration,256,137,206,34.61,46.14,0.07,6321.18,1580.3,Punjab,1,5,3,2,2022,5,18,2,122,143.0,137.0,137.0,133.0,138.5,3.0000000000000133
2022-05-09,Electrolyte Powder,Hydration,320,148,222,13.56,18.08,0.07,2675.84,668.96,KP,0,5,3,1,2022,5,19,2,129,137.0,143.0,137.0,137.0,141.25,5.315072906367332
2022-05-16,Electrolyte Powder,Hydration,437,142,213,7.93,10.57,0.11,1500.94,375.24,Sindh,1,5,3,3,2022,5,20,2,136,148.0,137.0,143.0,137.0,142.5,4.509249752822904
2022-05-23,Electrolyte Powder,Hydration,229,142,213,35.66,47.55,0.02,6752.1,1688.03,Sindh,1,5,3,3,2022,5,21,2,143,142.0,148.0,137.0,143.0,142.25,4.500000000000011
2022-05-30,Electrolyte Powder,Hydration,335,142,213,36.08,48.11,0.25,6831.62,1707.91,Punjab,1,5,3,2,2022,5,22,2,150,142.0,142.0,148.0,137.0,143.5,3.0000000000000155
2022-06-06,Electrolyte Powder,Hydration,285,139,209,11.28,15.04,0.15,2090.56,522.64,Balochistan,0,5,3,0,2022,6,23,2,157,142.0,142.0,142.0,148.0,141.25,1.5000000000000315
2022-06-13,Electrolyte Powder,Hydration,436,140,210,41.8,55.73,0.14,7802.2,1950.55,Punjab,0,5,3,2,2022,6,24,2,164,139.0,142.0,142.0,142.0,140.75,1.5000000000000315
2022-06-20,Electrolyte Powder,Hydration,454,166,249,37.4,49.86,0.11,8276.76,2069.19,Sindh,1,5,3,3,2022,6,25,2,171,140.0,139.0,142.0,142.0,146.75,12.893796958227627
2022-06-27,Electrolyte Powder,Hydration,319,145,218,14.04,18.72,0.2,2714.4,678.6,KP,1,5,3,1,2022,6,26,2,178,166.0,140.0,139.0,142.0,147.5,12.609520212918493
2022-07-04,Electrolyte Powder,Hydration,90,148,222,32.49,43.32,0.14,6411.36,1602.84,Sindh,1,5,3,3,2022,7,27,3,185,145.0,166.0,140.0,139.0,149.75,11.324751652906127
2022-07-11,Electrolyte Powder,Hydration,117,168,252,44.93,59.91,0.0,10064.88,2516.22,KP,1,5,3,1,2022,7,28,3,192,148.0,145.0,166.0,140.0,156.75,11.926860441876563
2022-07-18,Electrolyte Powder,Hydration,334,151,227,22.78,30.37,0.25,4585.87,1146.47,Balochistan,1,5,3,0,2022,7,29,3,199,168.0,148.0,145.0,166.0,153.0,10.295630140986999
2022-07-25,Electrolyte Powder,Hydration,166,147,221,44.81,59.75,0.23,8783.25,2195.81,Punjab,0,5,3,2,2022,7,30,3,206,151.0,168.0,148.0,145.0,153.5,9.814954576223638
2022-08-01,Electrolyte Powder,Hydration,479,156,234,21.02,28.02,0.11,4371.12,1092.78,Punjab,1,5,3,2,2022,8,31,3,213,147.0,151.0,168.0,148.0,155.5,9.110433579144297
2022-08-08,Electrolyte Powder,Hydration,187,131,197,15.5,20.67,0.13,2707.77,676.94,Balochistan,0,5,3,0,2022,8,32,3,220,156.0,147.0,151.0,168.0,146.25,10.812801055539065
2022-08-15,Electrolyte Powder,Hydration,167,148,222,19.07,25.43,0.15,3763.64,940.91,Sindh,1,5,3,3,2022,8,33,3,227,131.0,156.0,147.0,151.0,145.5,10.472185381603342
2022-08-22,Electrolyte Powder,Hydration,368,164,246,24.09,32.12,0.04,5267.68,1316.92,Punjab,0,5,3,2,2022,8,34,3,234,148.0,131.0,156.0,147.0,149.75,14.103781998693355
2022-08-29,Electrolyte Powder,Hydration,286,131,197,27.68,36.91,0.2,4835.21,1208.8,Punjab,1,5,3,2,2022,8,35,3,241,164.0,148.0,131.0,156.0,143.5,15.84297951775486
2022-09-05,Electrolyte Powder,Hydration,242,133,200,32.29,43.05,0.17,5725.65,1431.41,KP,0,5,3,1,2022,9,36,3,248,131.0,164.0,148.0,131.0,144.0,15.340577998671801
2022-09-12,Electrolyte Powder,Hydration,439,139,209,37.01,49.35,0.08,6859.65,1714.91,Punjab,1,5,3,2,2022,9,37,3,255,133.0,131.0,164.0,148.0,141.75,15.217862311551293
2022-09-19,Electrolyte Powder,Hydration,256,149,224,12.27,16.36,0.1,2437.64,609.41,Balochistan,0,5,3,0,2022,9,38,3,262,139.0,133.0,131.0,164.0,138.0,8.082903768654761
2022-09-26,Electrolyte Powder,Hydration,481,171,257,8.0,10.67,0.05,1824.57,456.14,Balochistan,1,5,3,0,2022,9,39,3,269,149.0,139.0,133.0,131.0,148.0,16.693312034065215
2022-10-03,Electrolyte Powder,Hydration,446,168,252,14.82,19.76,0.15,3319.68,829.92,Sindh,0,5,3,3,2022,10,40,4,276,171.0,149.0,139.0,133.0,156.75,15.326991442115006
2022-10-10,Electrolyte Powder,Hydration,422,149,224,40.51,54.01,0.24,8047.49,2011.87,KP,0,5,3,1,2022,10,41,4,283,168.0,171.0,149.0,139.0,159.25,11.898879499067688
2022-10-17,Electrolyte Powder,Hydration,184,142,213,13.37,17.83,0.16,2531.86,632.97,KP,1,5,3,1,2022,10,42,4,290,149.0,168.0,171.0,149.0,157.5,14.20093893609386
2022-10-24,Electrolyte Powder,Hydration,295,141,212,14.08,18.77,0.2,2646.57,661.64,Balochistan,1,5,3,0,2022,10,43,4,297,142.0,149.0,168.0,171.0,150.0,12.516655570345723
2022-10-31,Electrolyte Powder,Hydration,286,129,194,8.33,11.11,0.16,1433.19,358.3,Sindh,0,5,3,3,2022,10,44,4,304,141.0,142.0,149.0,168.0,140.25,8.301606270274842
2022-11-07,Electrolyte Powder,Hydration,106,139,209,31.06,41.41,0.18,5755.99,1439.0,Punjab,0,5,3,2,2022,11,45,4,311,129.0,141.0,142.0,149.0,137.75,5.965176722724422
2022-11-14,Electrolyte Powder,Hydration,280,148,222,41.33,55.11,0.01,8156.28,2039.07,Balochistan,1,5,3,0,2022,11,46,4,318,139.0,129.0,141.0,142.0,139.25,7.847504911329031
2022-11-21,Electrolyte Powder,Hydration,139,147,221,20.81,27.75,0.25,4079.25,1019.81,Balochistan,1,5,3,0,2022,11,47,4,325,148.0,139.0,129.0,141.0,140.75,8.808140174482538
2022-11-28,Electrolyte Powder,Hydration,256,151,227,28.24,37.65,0.16,5685.15,1421.29,Sindh,0,5,3,3,2022,11,48,4,332,147.0,148.0,139.0,129.0,146.25,5.123475382979799
2022-12-05,Electrolyte Powder,Hydration,139,152,228,44.68,59.57,0.06,9054.64,2263.66,Punjab,1,5,3,2,2022,12,49,4,339,151.0,147.0,148.0,139.0,149.5,2.3804761428476238
2022-12-12,Electrolyte Powder,Hydration,98,148,222,36.01,48.01,0.04,7105.48,1776.37,Punjab,0,5,3,2,2022,12,50,4,346,152.0,151.0,147.0,148.0,149.5,2.3804761428476238
2022-12-19,Electrolyte Powder,Hydration,205,150,225,41.52,55.36,0.23,8304.0,2076.0,Sindh,1,5,3,3,2022,12,51,4,353,148.0,152.0,151.0,147.0,150.25,1.7078251276599408
2022-12-26,Electrolyte Powder,Hydration,301,129,194,15.73,20.97,0.06,2705.13,676.28,Sindh,1,5,3,3,2022,12,52,4,360,150.0,148.0,152.0,151.0,144.75,10.626225419530055
2023-01-02,Electrolyte Powder,Hydration,105,131,197,12.57,16.76,0.15,2195.56,548.89,Sindh,1,5,3,3,2023,1,1,1,2,129.0,150.0,148.0,152.0,139.5,11.030261405182868
2023-01-09,Electrolyte Powder,Hydration,479,161,242,11.57,15.43,0.19,2484.23,621.06,Sindh,1,5,3,3,2023,1,2,1,9,131.0,129.0,150.0,148.0,142.75,15.413738460650402
2023-01-16,Electrolyte Powder,Hydration,387,137,206,31.57,42.09,0.17,5766.33,1441.58,KP,0,5,3,1,2023,1,3,1,16,161.0,131.0,129.0,150.0,139.5,14.73091986265624
2023-01-23,Electrolyte Powder,Hydration,200,128,192,22.26,29.68,0.07,3799.04,949.76,KP,1,5,3,1,2023,1,4,1,23,137.0,161.0,131.0,129.0,139.25,14.97497913187194
2023-01-30,Electrolyte Powder,Hydration,195,157,236,34.1,45.47,0.23,7138.79,1784.7,KP,1,5,3,1,2023,1,5,1,30,128.0,137.0,161.0,131.0,145.75,15.819292019556379
2023-02-06,Electrolyte Powder,Hydration,59,146,219,14.48,19.31,0.07,2819.26,704.82,Punjab,1,5,3,2,2023,2,6,1,37,157.0,128.0,137.0,161.0,142.0,12.40967364599086
2023-02-13,Electrolyte Powder,Hydration,297,154,231,32.27,43.02,0.03,6625.08,1656.27,Sindh,1,5,3,3,2023,2,7,1,44,146.0,157.0,128.0,137.0,146.25,13.022416570411709
2023-02-20,Electrolyte Powder,Hydration,157,143,215,7.85,10.47,0.0,1497.21,374.3,Punjab,0,5,3,2,2023,2,8,1,51,154.0,146.0,157.0,128.0,150.0,6.58280588604384
2023-02-27,Electrolyte Powder,Hydration,65,137,206,30.59,40.79,0.14,5588.23,1397.06,Punjab,0,5,3,2,2023,2,9,1,58,143.0,154.0,146.0,157.0,145.0,7.071067811865478
2023-03-06,Electrolyte Powder,Hydration,192,153,230,36.51,48.68,0.04,7448.04,1862.01,Sindh,1,5,3,3,2023,3,10,1,65,137.0,143.0,154.0,146.0,146.75,8.180260794538688
2023-03-13,Electrolyte Powder,Hydration,174,144,216,8.46,11.28,0.1,1624.32,406.08,Balochistan,1,5,3,0,2023,3,11,1,72,153.0,137.0,143.0,154.0,144.25,6.601767440112793
2023-03-20,Electrolyte Powder,Hydration,64,157,236,24.05,32.06,0.2,5033.42,1258.36,Punjab,0,5,3,2,2023,3,12,1,79,144.0,153.0,137.0,143.0,147.75,8.995369179009096
2023-03-27,Electrolyte Powder,Hydration,142,162,243,13.45,17.93,0.1,2904.66,726.17,KP,0,5,3,1,2023,3,13,1,86,157.0,144.0,153.0,137.0,154.0,7.615773105863912
2023-04-03,Electrolyte Powder,Hydration,287,142,213,20.18,26.91,0.24,3821.22,955.31,Sindh,1,5,3,3,2023,4,14,2,93,162.0,157.0,144.0,153.0,151.25,9.776672917374981
2023-04-10,Electrolyte Powder,Hydration,197,170,255,32.11,42.81,0.1,7277.7,1819.43,Punjab,0,5,3,2,2023,4,15,2,100,142.0,162.0,157.0,144.0,157.75,11.786291472158103
2023-04-17,Electrolyte Powder,Hydration,173,153,230,26.86,35.81,0.22,5478.93,1369.73,Sindh,1,5,3,3,2023,4,16,2,107,170.0,142.0,162.0,157.0,156.75,12.038133853162908
2023-04-24,Electrolyte Powder,Hydration,350,137,206,16.41,21.88,0.09,2997.56,749.39,Sindh,0,5,3,3,2023,4,17,2,114,153.0,170.0,142.0,162.0,150.5,14.617341299520472
2023-05-01,Electrolyte Powder,Hydration,345,144,216,27.52,36.69,0.2,5283.36,1320.84,Punjab,0,5,3,2,2023,5,18,2,121,137.0,153.0,170.0,142.0,151.0,14.25949975747163
2023-05-08,Electrolyte Powder,Hydration,101,145,218,19.71,26.28,0.01,3810.6,952.65,Balochistan,0,5,3,0,2023,5,19,2,128,144.0,137.0,153.0,170.0,144.75,6.551081335677857
2023-05-15,Electrolyte Powder,Hydration,156,169,254,41.59,55.45,0.05,9371.05,2342.76,KP,0,5,3,1,2023,5,20,2,135,145.0,144.0,137.0,153.0,148.75,13.961255912942315
2023-05-22,Electrolyte Powder,Hydration,98,152,228,8.59,11.45,0.14,1740.4,435.1,Punjab,0,5,3,2,2023,5,21,2,142,169.0,145.0,144.0,137.0,152.5,11.561430130683089
2023-05-29,Electrolyte Powder,Hydration,86,138,207,25.81,34.41,0.11,4748.58,1187.15,Sindh,1,5,3,3,2023,5,22,2,149,152.0,169.0,145.0,144.0,151.0,13.291601358251263
2023-06-05,Electrolyte Powder,Hydration,452,156,234,12.63,16.84,0.2,2627.04,656.76,Balochistan,1,5,3,0,2023,6,23,2,156,138.0,152.0,169.0,145.0,153.75,12.763881332363868
2023-06-12,Electrolyte Powder,Hydration,263,170,255,31.61,42.14,0.03,7163.8,1790.95,Sindh,0,5,3,3,2023,6,24,2,163,156.0,138.0,152.0,169.0,154.0,13.165611772087672
2023-06-19,Electrolyte Powder,Hydration,79,170,255,43.91,58.55,0.17,9953.5,2488.38,KP,0,5,3,1,2023,6,25,2,170,170.0,156.0,138.0,152.0,158.5,15.176736583776288
2023-06-26,Electrolyte Powder,Hydration,129,161,242,43.71,58.28,0.05,9383.08,2345.77,KP,1,5,3,1,2023,6,26,2,177,170.0,170.0,156.0,138.0,164.25,6.946221994724916
2023-07-03,Electrolyte Powder,Hydration,366,141,212,30.38,40.51,0.04,5711.91,1427.98,Punjab,0,5,3,2,2023,7,27,3,184,161.0,170.0,170.0,156.0,160.5,13.67479433117735
2023-07-10,Electrolyte Powder,Hydration,58,171,257,22.38,29.84,0.13,5102.64,1275.66,Punjab,1,5,3,2,2023,7,28,3,191,141.0,161.0,170.0,170.0,160.75,13.913422775626906
2023-07-17,Electrolyte Powder,Hydration,255,128,192,33.07,44.09,0.13,5643.52,1410.88,Balochistan,0,5,3,0,2023,7,29,3,198,171.0,141.0,161.0,170.0,150.25,19.37997248020062
2023-07-24,Electrolyte Powder,Hydration,477,152,228,31.55,42.07,0.07,6394.64,1598.66,Balochistan,1,5,3,0,2023,7,30,3,205,128.0,171.0,141.0,161.0,148.0,18.202563921968064
2023-07-31,Electrolyte Powder,Hydration,313,130,195,18.03,24.04,0.13,3125.2,781.3,Sindh,1,5,3,3,2023,7,31,3,212,152.0,128.0,171.0,141.0,145.25,20.32035104683644
2023-08-07,Electrolyte Powder,Hydration,419,153,230,19.18,25.57,0.01,3912.21,978.05,Punjab,0,5,3,2,2023,8,32,3,219,130.0,152.0,128.0,171.0,140.75,13.598406769422171
2023-08-14,Electrolyte Powder,Hydration,389,149,224,44.87,59.83,0.14,8914.67,2228.67,Balochistan,0,5,3,0,2023,8,33,3,226,153.0,130.0,152.0,128.0,146.0,10.801234497346435
2023-08-21,Electrolyte Powder,Hydration,404,149,224,40.46,53.95,0.16,8038.55,2009.64,Balochistan,1,5,3,0,2023,8,34,3,233,149.0,153.0,130.0,152.0,145.25,10.340051579497402
2023-08-28,Electrolyte Powder,Hydration,197,126,189,17.62,23.49,0.18,2959.74,739.94,KP,1,5,3,1,2023,8,35,3,240,149.0,149.0,153.0,130.0,144.25,12.311918344975059
2023-09-04,Electrolyte Powder,Hydration,445,119,179,30.86,41.14,0.03,4895.66,1223.92,Balochistan,1,5,3,0,2023,9,36,3,247,126.0,149.0,149.0,153.0,135.75,15.564382416273384
2023-09-11,Electrolyte Powder,Hydration,223,156,234,16.52,22.02,0.14,3435.12,858.78,Sindh,1,5,3,3,2023,9,37,3,254,119.0,126.0,149.0,149.0,137.5,17.785762095938804
2023-09-18,Electrolyte Powder,Hydration,440,161,242,32.69,43.58,0.04,7016.38,1754.1,KP,1,5,3,1,2023,9,38,3,261,156.0,119.0,126.0,149.0,140.5,21.079215671683173
2023-09-25,Electrolyte Powder,Hydration,178,134,201,31.13,41.51,0.09,5562.34,1390.59,Sindh,0,5,3,3,2023,9,39,3,268,161.0,156.0,119.0,126.0,142.5,19.57038579078093
2023-10-02,Electrolyte Powder,Hydration,369,148,222,28.46,37.95,0.17,5616.6,1404.15,Balochistan,0,5,3,0,2023,10,40,4,275,134.0,161.0,156.0,119.0,149.75,11.786291472158096
2023-10-09,Electrolyte Powder,Hydration,447,156,234,15.79,21.05,0.11,3283.8,820.95,Balochistan,0,5,3,0,2023,10,41,4,282,148.0,134.0,161.0,156.0,149.75,11.786291472158096
2023-10-16,Electrolyte Powder,Hydration,254,139,209,22.64,30.19,0.19,4196.41,1049.1,Sindh,0,5,3,3,2023,10,42,4,289,156.0,148.0,134.0,161.0,144.25,9.742518497116988
2023-10-23,Electrolyte Powder,Hydration,153,144,216,35.38,47.17,0.09,6792.48,1698.12,KP,1,5,3,1,2023,10,43,4,296,139.0,156.0,148.0,134.0,146.75,7.182153808805083
2023-10-30,Electrolyte Powder,Hydration,232,159,239,31.91,42.54,0.04,6763.86,1690.97,Sindh,0,5,3,3,2023,10,44,4,303,144.0,139.0,156.0,148.0,149.5,9.539392014169456
2023-11-06,Electrolyte Powder,Hydration,343,130,195,41.6,55.47,0.03,7211.1,1802.78,Punjab,0,5,3,2,2023,11,45,4,310,159.0,144.0,139.0,156.0,143.0,12.138094304022086
2023-11-13,Electrolyte Powder,Hydration,417,162,243,39.41,52.55,0.16,8513.1,2128.28,KP,1,5,3,1,2023,11,46,4,317,130.0,159.0,144.0,139.0,148.75,14.773286702694158
2023-11-20,Electrolyte Powder,Hydration,75,152,228,8.45,11.27,0.18,1713.04,428.26,Punjab,1,5,3,2,2023,11,47,4,324,162.0,130.0,159.0,144.0,150.75,14.453949863849212
2023-11-27,Electrolyte Powder,Hydration,135,142,213,31.43,41.9,0.09,5949.8,1487.45,Punjab,0,5,3,2,2023,11,48,4,331,152.0,162.0,130.0,159.0,146.5,13.69914839202301
2023-12-04,Electrolyte Powder,Hydration,215,136,204,44.7,59.6,0.19,8105.6,2026.4,Punjab,0,5,3,2,2023,12,49,4,338,142.0,152.0,162.0,130.0,148.0,11.430952132988164
2023-12-11,Electrolyte Powder,Hydration,193,153,230,27.95,37.27,0.05,5702.31,1425.58,Sindh,0,5,3,3,2023,12,50,4,345,136.0,142.0,152.0,162.0,145.75,8.180260794538686
2023-12-18,Electrolyte Powder,Hydration,362,160,240,21.44,28.59,0.18,4574.4,1143.6,Sindh,1,5,3,3,2023,12,51,4,352,153.0,136.0,142.0,152.0,147.75,10.781929326423914
2023-12-25,Electrolyte Powder,Hydration,359,166,249,12.14,16.18,0.16,2685.88,671.47,Balochistan,0,5,3,0,2023,12,52,4,359,160.0,153.0,136.0,142.0,153.75,12.971121771072852
2024-01-01,Electrolyte Powder,Hydration,62,168,252,34.67,46.22,0.02,7764.96,1941.24,Balochistan,0,5,3,0,2024,1,1,1,1,166.0,160.0,153.0,136.0,161.75,6.751543033509713
2024-01-08,Electrolyte Powder,Hydration,169,149,224,16.6,22.13,0.13,3297.37,824.34,Balochistan,1,5,3,0,2024,1,2,1,8,168.0,166.0,160.0,153.0,160.75,8.539125638299677
2024-01-15,Electrolyte Powder,Hydration,238,148,222,26.24,34.98,0.13,5177.04,1294.26,KP,1,5,3,1,2024,1,3,1,15,149.0,168.0,166.0,160.0,157.75,10.71991915392401
2024-01-22,Electrolyte Powder,Hydration,115,162,243,22.37,29.83,0.23,4832.46,1208.12,Balochistan,1,5,3,0,2024,1,4,1,22,148.0,149.0,168.0,166.0,156.75,9.84462628374825
2024-01-29,Electrolyte Powder,Hydration,235,145,218,39.09,52.12,0.08,7557.4,1889.35,KP,1,5,3,1,2024,1,5,1,29,162.0,148.0,149.0,168.0,151.0,7.527726527090823
2024-02-05,Electrolyte Powder,Hydration,407,143,215,13.96,18.61,0.18,2661.23,665.31,Punjab,0,5,3,2,2024,2,6,1,36,145.0,162.0,148.0,149.0,149.5,8.582928793055832
2024-02-12,Electrolyte Powder,Hydration,221,150,225,37.36,49.81,0.02,7471.5,1867.88,Balochistan,0,5,3,0,2024,2,7,1,43,143.0,145.0,162.0,148.0,150.0,8.524474568362958
2024-02-19,Electrolyte Powder,Hydration,146,161,242,17.71,23.61,0.11,3801.21,950.3,Balochistan,1,5,3,0,2024,2,8,1,50,150.0,143.0,145.0,162.0,149.75,8.05708797684789
2024-02-26,Electrolyte Powder,Hydration,143,140,210,22.01,29.35,0.21,4109.0,1027.25,KP,0,5,3,1,2024,2,9,1,57,161.0,150.0,143.0,145.0,148.5,9.327379053088825
2024-03-04,Electrolyte Powder,Hydration,270,155,233,20.92,27.89,0.2,4322.95,1080.74,Punjab,1,5,3,2,2024,3,10,1,64,140.0,161.0,150.0,143.0,151.5,8.888194417315598
2024-03-11,Electrolyte Powder,Hydration,376,150,225,15.31,20.41,0.2,3061.5,765.38,Punjab,1,5,3,2,2024,3,11,1,71,155.0,140.0,161.0,150.0,151.5,8.888194417315598
2024-03-18,Electrolyte Powder,Hydration,434,182,273,8.45,11.26,0.15,2049.32,512.33,Sindh,1,5,3,3,2024,3,12,1,78,150.0,155.0,140.0,161.0,156.75,17.951323071016247
2024-03-25,Electrolyte Powder,Hydration,86,158,237,15.93,21.24,0.08,3355.92,838.98,Sindh,0,5,3,3,2024,3,13,1,85,182.0,150.0,155.0,140.0,161.25,14.221462653327896
2024-04-01,Electrolyte Powder,Hydration,405,164,246,24.75,33.0,0.16,5412.0,1353.0,KP,1,5,3,1,2024,4,14,2,92,158.0,182.0,150.0,155.0,163.5,13.601470508735447
2024-04-08,Electrolyte Powder,Hydration,187,152,228,35.35,47.13,0.13,7163.76,1790.94,Punjab,0,5,3,2,2024,4,15,2,99,164.0,158.0,182.0,150.0,164.0,12.961481396815724
2024-04-15,Electrolyte Powder,Hydration,70,147,221,20.4,27.2,0.19,3998.4,999.6,Balochistan,1,5,3,0,2024,4,16,2,106,152.0,164.0,158.0,182.0,155.25,7.365459931328125
2024-04-22,Electrolyte Powder,Hydration,61,167,251,8.94,11.92,0.01,1990.64,497.66,KP,0,5,3,1,2024,4,17,2,113,147.0,152.0,164.0,158.0,157.5,9.539392014169461
2024-04-29,Electrolyte Powder,Hydration,69,128,192,13.37,17.83,0.16,2282.24,570.56,Sindh,1,5,3,3,2024,4,18,2,120,167.0,147.0,152.0,164.0,148.5,16.093476939431085
2024-05-06,Electrolyte Powder,Hydration,369,149,224,7.88,10.5,0.2,1564.5,391.13,Sindh,0,5,3,3,2024,5,19,2,127,128.0,167.0,147.0,152.0,147.75,15.94521871910198
2024-05-13,Electrolyte Powder,Hydration,186,158,237,33.89,45.19,0.1,7140.02,1785.01,Balochistan,1,5,3,0,2024,5,20,2,134,149.0,128.0,167.0,147.0,150.5,16.70329308849007
2024-05-20,Electrolyte Powder,Hydration,485,145,218,40.38,53.84,0.1,7806.8,1951.7,Balochistan,1,5,3,0,2024,5,21,2,141,158.0,149.0,128.0,167.0,145.0,12.569805089976542
2024-05-27,Electrolyte Powder,Hydration,366,155,233,44.93,59.9,0.21,9284.5,2321.13,KP,0,5,3,1,2024,5,22,2,148,145.0,158.0,149.0,128.0,151.75,5.852349955359835
2024-06-03,Electrolyte Powder,Hydration,470,145,218,17.54,23.38,0.14,3390.1,847.53,Balochistan,1,5,3,0,2024,6,23,2,155,155.0,145.0,158.0,149.0,150.75,6.751543033509717
2024-06-10,Electrolyte Powder,Hydration,53,135,203,39.86,53.15,0.01,7175.25,1793.81,Sindh,1,5,3,3,2024,6,24,2,162,145.0,155.0,145.0,158.0,145.0,8.16496580927728
2024-06-17,Electrolyte Powder,Hydration,221,162,243,22.41,29.88,0.18,4840.56,1210.14,Sindh,1,5,3,3,2024,6,25,2,169,135.0,145.0,155.0,145.0,149.25,11.786291472158108
2024-06-24,Electrolyte Powder,Hydration,372,146,219,43.91,58.55,0.13,8548.3,2137.08,Balochistan,0,5,3,0,2024,6,26,2,176,162.0,135.0,145.0,155.0,147.0,11.165422816296166
2024-07-01,Electrolyte Powder,Hydration,61,151,227,8.33,11.1,0.09,1676.1,419.03,Balochistan,1,5,3,0,2024,7,27,3,183,146.0,162.0,135.0,145.0,148.5,11.210114480533507
2024-07-08,Electrolyte Powder,Hydration,438,172,258,44.65,59.53,0.13,10239.16,2559.79,Balochistan,1,5,3,0,2024,7,28,3,190,151.0,146.0,162.0,135.0,157.75,11.615363389350634
2024-07-15,Electrolyte Powder,Hydration,135,144,216,7.5,10.0,0.23,1440.0,360.0,Punjab,1,5,3,2,2024,7,29,3,197,172.0,151.0,146.0,162.0,153.25,12.841988423397174
2024-07-22,Electrolyte Powder,Hydration,62,153,230,44.47,59.29,0.24,9071.37,2267.84,KP,1,5,3,1,2024,7,30,3,204,144.0,172.0,151.0,146.0,155.0,11.972189997378663
2024-07-29,Electrolyte Powder,Hydration,105,173,260,37.6,50.13,0.23,8672.49,2168.12,Punjab,0,5,3,2,2024,7,31,3,211,153.0,144.0,172.0,151.0,160.5,14.341083176199316
2024-08-05,Electrolyte Powder,Hydration,161,156,234,22.03,29.37,0.16,4581.72,1145.43,Balochistan,0,5,3,0,2024,8,32,3,218,173.0,153.0,144.0,172.0,156.5,12.124355652982155
2024-08-12,Electrolyte Powder,Hydration,179,147,221,23.09,30.79,0.22,4526.13,1131.53,Balochistan,0,5,3,0,2024,8,33,3,225,156.0,173.0,153.0,144.0,157.25,11.146748404803992
2024-08-19,Electrolyte Powder,Hydration,200,151,227,42.0,56.0,0.12,8456.0,2114.0,Balochistan,0,5,3,0,2024,8,34,3,232,147.0,156.0,173.0,153.0,156.75,11.441882129556614
2024-08-26,Electrolyte Powder,Hydration,258,153,230,42.68,56.9,0.16,8705.7,2176.43,Sindh,0,5,3,3,2024,8,35,3,239,151.0,147.0,156.0,173.0,151.75,3.774917217635423
2024-09-02,Electrolyte Powder,Hydration,288,139,209,39.47,52.62,0.21,7314.18,1828.55,Balochistan,1,5,3,0,2024,9,36,3,246,153.0,151.0,147.0,156.0,147.5,6.191391873668936
2024-09-09,Electrolyte Powder,Hydration,89,174,261,22.47,29.96,0.19,5213.04,1303.26,KP,0,5,3,1,2024,9,37,3,253,139.0,153.0,151.0,147.0,154.25,14.545904349105758
2024-09-16,Electrolyte Powder,Hydration,350,146,219,29.18,38.91,0.14,5680.86,1420.22,Punjab,0,5,3,2,2024,9,38,3,260,174.0,139.0,153.0,151.0,153.0,15.121728296285022
2024-09-23,Electrolyte Powder,Hydration,269,135,203,41.51,55.34,0.04,7470.9,1867.73,KP,1,5,3,1,2024,9,39,3,267,146.0,174.0,139.0,153.0,148.5,17.597348285087364
2024-09-30,Electrolyte Powder,Hydration,287,142,213,31.25,41.67,0.03,5917.14,1479.29,Sindh,1,5,3,3,2024,9,40,3,274,135.0,146.0,174.0,139.0,149.25,17.114808402861748
2024-10-07,Electrolyte Powder,Hydration,308,131,197,37.37,49.82,0.06,6526.42,1631.61,Balochistan,1,5,3,0,2024,10,41,4,281,142.0,135.0,146.0,174.0,138.5,6.757711644237798
2024-10-14,Electrolyte Powder,Hydration,468,135,203,9.82,13.09,0.22,1767.15,441.79,Punjab,0,5,3,2,2024,10,42,4,288,131.0,142.0,135.0,146.0,135.75,4.573474244670797
2024-10-21,Electrolyte Powder,Hydration,201,148,222,23.59,31.45,0.18,4654.6,1163.65,Balochistan,1,5,3,0,2024,10,43,4,295,135.0,131.0,142.0,135.0,139.0,7.52772652709084
2024-10-28,Electrolyte Powder,Hydration,351,143,215,34.55,46.06,0.11,6586.58,1646.65,Sindh,1,5,3,3,2024,10,44,4,302,148.0,135.0,131.0,142.0,139.25,7.675719293112999
2024-11-04,Electrolyte Powder,Hydration,272,147,221,33.36,44.48,0.03,6538.56,1634.64,Balochistan,0,5,3,0,2024,11,45,4,309,143.0,148.0,135.0,131.0,143.25,5.909032633745317
2024-11-11,Electrolyte Powder,Hydration,82,155,233,20.33,27.1,0.23,4200.5,1050.13,Punjab,1,5,3,2,2024,11,46,4,316,147.0,143.0,148.0,135.0,148.25,4.991659710624025
2024-11-18,Electrolyte Powder,Hydration,93,151,227,25.38,33.84,0.2,5109.84,1277.46,Punjab,1,5,3,2,2024,11,47,4,323,155.0,147.0,143.0,148.0,149.0,5.163977794943266
2024-11-25,Electrolyte Powder,Hydration,256,148,222,10.79,14.38,0.12,2128.24,532.06,Balochistan,0,5,3,0,2024,11,48,4,330,151.0,155.0,147.0,143.0,150.25,3.5939764421413662
2024-12-02,Electrolyte Powder,Hydration,259,165,248,16.19,21.58,0.0,3560.7,890.18,KP,0,5,3,1,2024,12,49,4,337,148.0,151.0,155.0,147.0,154.75,7.410578025138596
2024-12-09,Electrolyte Powder,Hydration,392,150,225,12.8,17.07,0.08,2560.5,640.13,Sindh,0,5,3,3,2024,12,50,4,344,165.0,148.0,151.0,155.0,153.5,7.767453465154054
2024-12-16,Electrolyte Powder,Hydration,452,153,230,33.2,44.27,0.21,6773.31,1693.33,KP,1,5,3,1,2024,12,51,4,351,150.0,165.0,148.0,151.0,154.0,7.615773105863933
2024-12-23,Electrolyte Powder,Hydration,96,168,252,20.54,27.38,0.06,4599.84,1149.96,Punjab,1,5,3,2,2024,12,52,4,358,153.0,150.0,165.0,148.0,159.0,8.831760866327867
2024-12-30,Electrolyte Powder,Hydration,192,147,221,24.38,32.51,0.08,4778.97,1194.74,Sindh,0,5,3,3,2024,12,1,4,365,168.0,153.0,150.0,165.0,154.5,9.327379053088835
2025-01-06,Electrolyte Powder,Hydration,272,132,198,35.67,47.56,0.08,6277.92,1569.48,Balochistan,0,5,3,0,2025,1,2,1,6,147.0,168.0,153.0,150.0,150.0,14.899664425751352
2025-01-13,Electrolyte Powder,Hydration,405,154,231,26.96,35.95,0.1,5536.3,1384.08,Punjab,1,5,3,2,2025,1,3,1,13,132.0,147.0,168.0,153.0,150.25,14.97497913187195
2025-01-20,Electrolyte Powder,Hydration,381,132,198,19.88,26.5,0.11,3498.0,874.5,Sindh,0,5,3,3,2025,1,4,1,20,154.0,132.0,147.0,168.0,141.25,11.056672193748012
2025-01-27,Electrolyte Powder,Hydration,386,142,213,24.01,32.01,0.17,4545.42,1136.36,Balochistan,1,5,3,0,2025,1,5,1,27,132.0,154.0,132.0,147.0,140.0,10.456258094238772
2025-02-03,Electrolyte Powder,Hydration,254,161,242,16.65,22.2,0.05,3574.2,893.55,Sindh,0,5,3,3,2025,2,6,1,34,142.0,132.0,154.0,132.0,147.25,12.841988423397181
2025-02-10,Electrolyte Powder,Hydration,392,134,201,37.63,50.17,0.22,6722.78,1680.7,Balochistan,1,5,3,0,2025,2,7,1,41,161.0,142.0,132.0,154.0,142.25,13.225606476327172
2025-02-17,Electrolyte Powder,Hydration,60,154,231,37.11,49.48,0.05,7619.92,1904.98,Balochistan,0,5,3,0,2025,2,8,1,48,134.0,161.0,142.0,132.0,147.75,12.06579186515887
2025-02-24,Electrolyte Powder,Hydration,441,154,231,23.53,31.37,0.12,4830.98,1207.75,Sindh,0,5,3,3,2025,2,9,1,55,154.0,134.0,161.0,142.0,150.75,11.644025649805739
2025-03-03,Electrolyte Powder,Hydration,306,158,237,13.44,17.92,0.02,2831.36,707.84,Punjab,0,5,3,2,2025,3,10,1,62,154.0,154.0,134.0,161.0,150.0,10.83205120618131
2025-03-10,Electrolyte Powder,Hydration,467,160,240,40.98,54.64,0.07,8742.4,2185.6,KP,0,5,3,1,2025,3,11,1,69,158.0,154.0,154.0,134.0,156.5,3.0000000000000973
2025-03-17,Electrolyte Powder,Hydration,492,160,240,21.88,29.17,0.07,4667.2,1166.8,Sindh,0,5,3,3,2025,3,12,1,76,160.0,158.0,154.0,154.0,158.0,2.8284271247462907
2025-03-24,Electrolyte Powder,Hydration,431,138,207,24.14,32.18,0.07,4440.84,1110.21,Sindh,0,5,3,3,2025,3,13,1,83,160.0,160.0,158.0,154.0,154.0,10.708252269472702
2025-03-31,Electrolyte Powder,Hydration,295,178,267,29.34,39.12,0.12,6963.36,1740.84,Sindh,1,5,3,3,2025,3,14,1,90,138.0,160.0,160.0,158.0,159.0,16.37070554374492
2020-02-03,Fish Oil,Omega,67,138,207,13.68,18.24,0.08,2517.12,629.28,Punjab,0,6,5,2,2020,2,6,1,34,141.0,131.0,145.0,161.0,138.75,5.909032633745273
2020-02-10,Fish Oil,Omega,401,144,216,34.2,45.6,0.21,6566.4,1641.6,Sindh,0,6,5,3,2020,2,7,1,41,138.0,141.0,131.0,145.0,138.5,5.567764362830015
2020-02-17,Fish Oil,Omega,67,129,194,37.3,49.73,0.01,6415.17,1603.79,Punjab,0,6,5,2,2020,2,8,1,48,144.0,138.0,141.0,131.0,138.0,6.480740698407854
2020-02-24,Fish Oil,Omega,335,154,231,38.39,51.19,0.24,7883.26,1970.82,Balochistan,1,6,5,0,2020,2,9,1,55,129.0,144.0,138.0,141.0,141.25,10.499999999999996
2020-03-02,Fish Oil,Omega,271,157,236,25.71,34.28,0.01,5381.96,1345.49,Sindh,0,6,5,3,2020,3,10,1,62,154.0,129.0,144.0,138.0,146.0,12.622730819174322
2020-03-09,Fish Oil,Omega,305,150,225,29.15,38.86,0.22,5829.0,1457.25,KP,0,6,5,1,2020,3,11,1,69,157.0,154.0,129.0,144.0,147.5,12.662279942148382
2020-03-16,Fish Oil,Omega,204,145,218,12.11,16.15,0.22,2341.75,585.44,Balochistan,1,6,5,0,2020,3,12,1,76,150.0,157.0,154.0,129.0,151.5,5.196152422706627
2020-03-23,Fish Oil,Omega,382,149,224,15.59,20.79,0.17,3097.71,774.43,Balochistan,1,6,5,0,2020,3,13,1,83,145.0,150.0,157.0,154.0,150.25,4.991659710623972
2020-03-30,Fish Oil,Omega,98,141,212,41.9,55.87,0.07,7877.67,1969.42,Punjab,1,6,5,2,2020,3,14,1,90,149.0,145.0,150.0,157.0,146.25,4.112987559751014
2020-04-06,Fish Oil,Omega,421,152,228,32.12,42.83,0.06,6510.16,1627.54,Balochistan,0,6,5,0,2020,4,15,2,97,141.0,149.0,145.0,150.0,146.75,4.787135538781683
2020-04-13,Fish Oil,Omega,456,160,240,29.65,39.53,0.17,6324.8,1581.2,Punjab,0,6,5,2,2020,4,16,2,104,152.0,141.0,149.0,145.0,150.5,7.852812659593158
2020-04-20,Fish Oil,Omega,64,159,239,10.07,13.42,0.2,2133.78,533.45,Sindh,0,6,5,3,2020,4,17,2,111,160.0,152.0,141.0,149.0,153.0,8.755950357709127
2020-04-27,Fish Oil,Omega,144,170,255,17.21,22.94,0.11,3899.8,974.95,KP,0,6,5,1,2020,4,18,2,118,159.0,160.0,152.0,141.0,160.25,7.410578025138563
2020-05-04,Fish Oil,Omega,322,150,225,20.88,27.84,0.09,4176.0,1044.0,KP,0,6,5,1,2020,5,19,2,125,170.0,159.0,160.0,152.0,159.75,8.180260794538679
2020-05-11,Fish Oil,Omega,359,141,212,34.63,46.17,0.13,6509.97,1627.49,Sindh,1,6,5,3,2020,5,20,2,132,150.0,170.0,159.0,160.0,155.0,12.409673645990852
2020-05-18,Fish Oil,Omega,470,138,207,33.61,44.81,0.1,6183.78,1545.95,KP,0,6,5,1,2020,5,21,2,139,141.0,150.0,170.0,159.0,149.75,14.430869689661805
2020-05-25,Fish Oil,Omega,352,162,243,29.75,39.66,0.01,6424.92,1606.23,Sindh,0,6,5,3,2020,5,22,2,146,138.0,141.0,150.0,170.0,147.75,10.781929326423903
2020-06-01,Fish Oil,Omega,181,139,209,13.01,17.35,0.09,2411.65,602.91,Balochistan,1,6,5,0,2020,6,23,2,153,162.0,138.0,141.0,150.0,145.0,11.40175425099137
2020-06-08,Fish Oil,Omega,329,156,234,15.68,20.91,0.22,3261.96,815.49,Sindh,0,6,5,3,2020,6,24,2,160,139.0,162.0,138.0,141.0,148.75,12.093386622447815
2020-06-15,Fish Oil,Omega,54,143,215,43.02,57.36,0.22,8202.48,2050.62,KP,0,6,5,1,2020,6,25,2,167,156.0,139.0,162.0,138.0,150.0,10.801234497346423
2020-06-22,Fish Oil,Omega,120,162,243,29.13,38.84,0.12,6292.08,1573.02,Sindh,1,6,5,3,2020,6,26,2,174,143.0,156.0,139.0,162.0,150.0,10.801234497346423
2020-06-29,Fish Oil,Omega,203,156,234,22.32,29.76,0.05,4642.56,1160.64,Balochistan,1,6,5,0,2020,6,27,2,181,162.0,143.0,156.0,139.0,154.25,8.015609770940687
2020-07-06,Fish Oil,Omega,119,140,210,42.24,56.32,0.1,7884.8,1971.2,Balochistan,1,6,5,0,2020,7,28,3,188,156.0,162.0,143.0,156.0,150.25,10.468205831628126
2020-07-13,Fish Oil,Omega,163,156,234,39.98,53.31,0.07,8316.36,2079.09,Sindh,0,6,5,3,2020,7,29,3,195,140.0,156.0,162.0,143.0,153.5,9.433981132056594
2020-07-20,Fish Oil,Omega,319,161,242,32.99,43.98,0.24,7080.78,1770.2,Punjab,1,6,5,2,2020,7,30,3,202,156.0,140.0,156.0,162.0,153.25,9.142392101268307
2020-07-27,Fish Oil,Omega,125,130,195,11.45,15.27,0.15,1985.1,496.28,Balochistan,0,6,5,0,2020,7,31,3,209,161.0,156.0,140.0,156.0,146.75,14.314910641239313
2020-08-03,Fish Oil,Omega,241,151,227,28.72,38.29,0.23,5781.79,1445.45,Punjab,0,6,5,2,2020,8,32,3,216,130.0,161.0,156.0,140.0,149.5,13.625955623979792
2020-08-10,Fish Oil,Omega,176,150,225,21.86,29.14,0.21,4371.0,1092.75,Punjab,0,6,5,2,2020,8,33,3,223,151.0,130.0,161.0,156.0,148.0,12.987173159185433
2020-08-17,Fish Oil,Omega,431,156,234,12.49,16.65,0.04,2597.4,649.35,Punjab,0,6,5,2,2020,8,34,3,230,150.0,151.0,130.0,161.0,146.75,11.47097787171317
2020-08-24,Fish Oil,Omega,122,173,260,13.27,17.69,0.22,3060.37,765.09,Balochistan,0,6,5,0,2020,8,35,3,237,156.0,150.0,151.0,130.0,157.5,10.661457061146306
2020-08-31,Fish Oil,Omega,359,144,216,35.69,47.59,0.2,6852.96,1713.24,KP,1,6,5,1,2020,8,36,3,244,173.0,156.0,150.0,151.0,155.75,12.499999999999991
2020-09-07,Fish Oil,Omega,429,144,216,15.16,20.21,0.1,2910.24,727.56,Punjab,0,6,5,2,2020,9,37,3,251,144.0,173.0,156.0,150.0,154.25,13.720422734012235
2020-09-14,Fish Oil,Omega,155,140,210,13.83,18.44,0.21,2581.6,645.4,KP,1,6,5,1,2020,9,38,3,258,144.0,144.0,173.0,156.0,150.25,15.283433296655993
2020-09-21,Fish Oil,Omega,85,143,215,30.37,40.49,0.06,5790.07,1447.52,Punjab,0,6,5,2,2020,9,39,3,265,140.0,144.0,144.0,173.0,142.75,1.892969448599998
2020-09-28,Fish Oil,Omega,52,141,212,12.13,16.17,0.05,2279.97,569.99,Balochistan,1,6,5,0,2020,9,40,3,272,143.0,140.0,144.0,144.0,142.0,1.825741858350459
2020-10-05,Fish Oil,Omega,160,152,228,42.48,56.64,0.23,8609.28,2152.32,Sindh,1,6,5,3,2020,10,41,4,279,141.0,143.0,140.0,144.0,144.0,5.477225575051627
2020-10-12,Fish Oil,Omega,83,153,230,22.74,30.32,0.22,4638.96,1159.74,Punjab,1,6,5,2,2020,10,42,4,286,152.0,141.0,143.0,140.0,147.25,6.1305247192498085
2020-10-19,Fish Oil,Omega,284,156,234,33.79,45.05,0.1,7027.8,1756.95,Balochistan,1,6,5,0,2020,10,43,4,293,153.0,152.0,141.0,143.0,150.5,6.557438524301973
2020-10-26,Fish Oil,Omega,171,150,225,17.95,23.93,0.24,3589.5,897.38,Punjab,0,6,5,2,2020,10,44,4,300,156.0,153.0,152.0,141.0,152.75,2.4999999999999325
2020-11-02,Fish Oil,Omega,272,181,272,20.55,27.4,0.22,4959.4,1239.85,Balochistan,0,6,5,0,2020,11,45,4,307,150.0,156.0,153.0,152.0,160.0,14.212670403551883
2020-11-09,Fish Oil,Omega,185,154,231,13.37,17.82,0.19,2744.28,686.07,KP,1,6,5,1,2020,11,46,4,314,181.0,150.0,156.0,153.0,160.25,14.056433876817156
2020-11-16,Fish Oil,Omega,379,194,291,38.32,51.09,0.16,9911.46,2477.87,Punjab,1,6,5,2,2020,11,47,4,321,154.0,181.0,150.0,156.0,169.75,21.234798484249065
2020-11-23,Fish Oil,Omega,62,138,207,12.23,16.31,0.03,2250.78,562.7,Punjab,1,6,5,2,2020,11,48,4,328,194.0,154.0,181.0,150.0,166.75,25.39520952200762
2020-11-30,Fish Oil,Omega,331,156,234,31.08,41.44,0.07,6464.64,1616.16,KP,0,6,5,1,2020,11,49,4,335,138.0,194.0,154.0,181.0,160.5,23.741665204165155
2020-12-07,Fish Oil,Omega,199,172,258,39.11,52.15,0.11,8969.8,2242.45,KP,1,6,5,1,2020,12,50,4,342,156.0,138.0,194.0,154.0,165.0,23.804761428476166
2020-12-14,Fish Oil,Omega,477,131,197,24.26,32.34,0.19,4236.54,1059.14,Balochistan,0,6,5,0,2020,12,51,4,349,172.0,156.0,138.0,194.0,149.25,18.463928798245153
2020-12-21,Fish Oil,Omega,202,156,234,8.0,10.66,0.14,1662.96,415.74,Punjab,1,6,5,2,2020,12,52,4,356,131.0,172.0,156.0,138.0,153.75,16.93861466196887
2020-12-28,Fish Oil,Omega,229,177,266,13.83,18.44,0.12,3263.88,815.97,Balochistan,0,6,5,0,2020,12,53,4,363,156.0,131.0,172.0,156.0,159.0,20.704266871026046
2021-01-04,Fish Oil,Omega,197,159,239,12.6,16.8,0.21,2671.2,667.8,Punjab,0,6,5,2,2021,1,1,1,4,177.0,156.0,131.0,172.0,155.75,18.9274932307477
2021-01-11,Fish Oil,Omega,106,171,257,27.91,37.21,0.19,6362.91,1590.73,Balochistan,1,6,5,0,2021,1,2,1,11,159.0,177.0,156.0,131.0,165.75,9.912113800799505
2021-01-18,Fish Oil,Omega,256,152,228,10.55,14.07,0.05,2138.64,534.66,Sindh,1,6,5,3,2021,1,3,1,18,171.0,159.0,177.0,156.0,164.75,11.324751652906125
2021-01-25,Fish Oil,Omega,91,144,216,26.7,35.6,0.24,5126.4,1281.6,Balochistan,0,6,5,0,2021,1,4,1,25,152.0,171.0,159.0,177.0,156.5,11.445523142259594
2021-02-01,Fish Oil,Omega,439,145,218,15.82,21.09,0.2,3058.05,764.51,Balochistan,0,6,5,0,2021,2,5,1,32,144.0,152.0,171.0,159.0,153.0,12.516655570345721
2021-02-08,Fish Oil,Omega,168,156,234,25.16,33.54,0.01,5232.24,1308.06,Punjab,0,6,5,2,2021,2,6,1,39,145.0,144.0,152.0,171.0,149.25,5.737304826019492
2021-02-15,Fish Oil,Omega,52,168,252,19.95,26.6,0.19,4468.8,1117.2,Balochistan,1,6,5,0,2021,2,7,1,46,156.0,145.0,144.0,152.0,153.25,11.236102527122108
2021-02-22,Fish Oil,Omega,471,156,234,44.73,59.64,0.1,9303.84,2325.96,Sindh,1,6,5,3,2021,2,8,1,53,168.0,156.0,145.0,144.0,156.25,9.394147114027959
2021-03-01,Fish Oil,Omega,422,169,254,21.25,28.33,0.15,4787.77,1196.94,KP,1,6,5,1,2021,3,9,1,60,156.0,168.0,156.0,145.0,162.25,7.228416147400467
2021-03-08,Fish Oil,Omega,490,154,231,42.54,56.72,0.01,8734.88,2183.72,Sindh,0,6,5,3,2021,3,10,1,67,169.0,156.0,168.0,156.0,161.75,7.847504911329024
2021-03-15,Fish Oil,Omega,435,118,177,38.67,51.56,0.19,6084.08,1521.02,KP,0,6,5,1,2021,3,11,1,74,154.0,169.0,156.0,168.0,149.25,21.868927728629032
2021-03-22,Fish Oil,Omega,414,144,216,23.73,31.64,0.12,4556.16,1139.04,Sindh,0,6,5,3,2021,3,12,1,81,118.0,154.0,169.0,156.0,146.25,21.45343795292493
2021-03-29,Fish Oil,Omega,464,158,237,39.74,52.99,0.11,8372.42,2093.11,Punjab,0,6,5,2,2021,3,13,1,88,144.0,118.0,154.0,169.0,143.5,17.99073835801817
2021-04-05,Fish Oil,Omega,315,156,234,13.61,18.15,0.2,2831.4,707.85,Sindh,0,6,5,3,2021,4,14,2,95,158.0,144.0,118.0,154.0,144.0,18.402898322456338
2021-04-12,Fish Oil,Omega,500,175,263,20.72,27.62,0.06,4833.5,1208.38,Punjab,1,6,5,2,2021,4,15,2,102,156.0,158.0,144.0,118.0,158.25,12.763881332363855
2021-04-19,Fish Oil,Omega,92,149,224,18.93,25.24,0.05,3760.76,940.19,Sindh,0,6,5,3,2021,4,16,2,109,175.0,156.0,158.0,144.0,159.5,11.030261405182856
2021-04-26,Fish Oil,Omega,292,139,209,27.86,37.14,0.21,5162.46,1290.62,Punjab,0,6,5,2,2021,4,17,2,116,149.0,175.0,156.0,158.0,154.75,15.195942440884227
2021-05-03,Fish Oil,Omega,169,147,221,27.07,36.09,0.02,5305.23,1326.31,Punjab,1,6,5,2,2021,5,18,2,123,139.0,149.0,175.0,156.0,152.5,15.609825965290788
2021-05-10,Fish Oil,Omega,228,167,251,26.91,35.88,0.14,5991.96,1497.99,KP,0,6,5,1,2021,5,19,2,130,147.0,139.0,149.0,175.0,150.5,11.81806526749055
2021-05-17,Fish Oil,Omega,384,140,210,17.33,23.1,0.22,3234.0,808.5,Sindh,1,6,5,3,2021,5,20,2,137,167.0,147.0,139.0,149.0,148.25,12.996794476587928
2021-05-24,Fish Oil,Omega,174,154,231,21.86,29.15,0.22,4489.1,1122.28,Sindh,1,6,5,3,2021,5,21,2,144,140.0,167.0,147.0,139.0,152.0,11.51810169544732
2021-05-31,Fish Oil,Omega,59,133,200,31.79,42.39,0.18,5637.87,1409.47,Punjab,1,6,5,2,2021,5,22,2,151,154.0,140.0,167.0,147.0,148.5,15.110702608857508
2021-06-07,Fish Oil,Omega,239,160,240,33.51,44.68,0.01,7148.8,1787.2,Punjab,1,6,5,2,2021,6,23,2,158,133.0,154.0,140.0,167.0,146.75,12.419742348374212
2021-06-14,Fish Oil,Omega,111,151,227,10.61,14.15,0.05,2136.65,534.16,Balochistan,1,6,5,0,2021,6,24,2,165,160.0,133.0,154.0,140.0,149.5,11.618950038622241
2021-06-21,Fish Oil,Omega,298,140,210,9.02,12.02,0.02,1682.8,420.7,KP,1,6,5,1,2021,6,25,2,172,151.0,160.0,133.0,154.0,146.0,11.916375287812977
2021-06-28,Fish Oil,Omega,190,154,231,10.71,14.28,0.05,2199.12,549.78,Sindh,0,6,5,3,2021,6,26,2,179,140.0,151.0,160.0,133.0,151.25,8.38152730712009
2021-07-05,Fish Oil,Omega,491,162,243,25.04,33.39,0.16,5409.18,1352.3,KP,1,6,5,1,2021,7,27,3,186,154.0,140.0,151.0,160.0,151.75,9.105858919765142
2021-07-12,Fish Oil,Omega,385,182,273,24.38,32.5,0.01,5915.0,1478.75,Sindh,0,6,5,3,2021,7,28,3,193,162.0,154.0,140.0,151.0,159.5,17.540429489230483
2021-07-19,Fish Oil,Omega,239,148,222,24.47,32.62,0.11,4827.76,1206.94,KP,0,6,5,1,2021,7,29,3,200,182.0,162.0,154.0,140.0,161.5,14.82115605027713
2021-07-26,Fish Oil,Omega,108,151,227,23.19,30.92,0.18,4668.92,1167.23,Sindh,0,6,5,3,2021,7,30,3,207,148.0,182.0,162.0,154.0,160.75,15.392097539538476
2021-08-02,Fish Oil,Omega,111,143,215,15.86,21.15,0.05,3024.45,756.11,Balochistan,0,6,5,0,2021,8,31,3,214,151.0,148.0,182.0,162.0,156.0,17.64464035715472
2021-08-09,Fish Oil,Omega,226,152,228,43.04,57.39,0.03,8723.28,2180.82,Sindh,1,6,5,3,2021,8,32,3,221,143.0,151.0,148.0,182.0,148.5,4.041451884327364
2021-08-16,Fish Oil,Omega,464,139,209,29.03,38.71,0.16,5380.69,1345.17,Punjab,1,6,5,2,2021,8,33,3,228,152.0,143.0,151.0,148.0,146.25,6.291528696058945
2021-08-23,Fish Oil,Omega,388,149,224,39.89,53.18,0.23,7923.82,1980.96,Punjab,1,6,5,2,2021,8,34,3,235,139.0,152.0,143.0,151.0,145.75,5.852349955359799
2021-08-30,Fish Oil,Omega,69,141,212,25.69,34.25,0.08,4829.25,1207.31,Punjab,0,6,5,2,2021,8,35,3,242,149.0,139.0,152.0,143.0,145.25,6.238322424070954
2021-09-06,Fish Oil,Omega,239,134,201,12.93,17.24,0.2,2310.16,577.54,Punjab,1,6,5,2,2021,9,36,3,249,141.0,149.0,139.0,152.0,140.75,6.238322424070954
2021-09-13,Fish Oil,Omega,153,156,234,42.96,57.28,0.11,8935.68,2233.92,KP,0,6,5,1,2021,9,37,3,256,134.0,141.0,149.0,139.0,145.0,9.556847457887624
2021-09-20,Fish Oil,Omega,464,147,221,34.56,46.08,0.02,6773.76,1693.44,Balochistan,1,6,5,0,2021,9,38,3,263,156.0,134.0,141.0,149.0,144.5,9.327379053088803
2021-09-27,Fish Oil,Omega,455,147,221,18.18,24.24,0.13,3563.28,890.82,Sindh,1,6,5,3,2021,9,39,3,270,147.0,156.0,134.0,141.0,146.0,9.055385138137405
2021-10-04,Fish Oil,Omega,491,143,215,24.32,32.43,0.16,4637.49,1159.37,KP,0,6,5,1,2021,10,40,4,277,147.0,147.0,156.0,134.0,148.25,5.499999999999982
2021-10-11,Fish Oil,Omega,291,129,194,21.12,28.16,0.21,3632.64,908.16,Sindh,0,6,5,3,2021,10,41,4,284,143.0,147.0,147.0,156.0,141.5,8.544003745317516
2021-10-18,Fish Oil,Omega,325,169,254,44.35,59.13,0.22,9992.97,2498.24,Sindh,0,6,5,3,2021,10,42,4,291,129.0,143.0,147.0,147.0,147.0,16.573070526208063
2021-10-25,Fish Oil,Omega,334,151,227,36.78,49.04,0.05,7405.04,1851.26,KP,0,6,5,1,2021,10,43,4,298,169.0,129.0,143.0,147.0,148.0,16.69331203406521
2021-11-01,Fish Oil,Omega,103,145,218,33.59,44.78,0.23,6493.1,1623.28,Punjab,0,6,5,2,2021,11,44,4,305,151.0,169.0,129.0,143.0,148.5,16.5227116418583
2021-11-08,Fish Oil,Omega,342,173,260,33.49,44.65,0.0,7724.45,1931.11,Punjab,1,6,5,2,2021,11,45,4,312,145.0,151.0,169.0,129.0,159.5,13.601470508735435
2021-11-15,Fish Oil,Omega,335,150,225,22.02,29.36,0.06,4404.0,1101.0,Balochistan,0,6,5,0,2021,11,46,4,319,173.0,145.0,151.0,169.0,154.75,12.446552400832388
2021-11-22,Fish Oil,Omega,359,140,210,35.9,47.86,0.25,6700.4,1675.1,Punjab,1,6,5,2,2021,11,47,4,326,150.0,173.0,145.0,151.0,152.0,14.583095236151566
2021-11-29,Fish Oil,Omega,200,133,200,28.77,38.36,0.14,5101.88,1275.47,Sindh,1,6,5,3,2021,11,48,4,333,140.0,150.0,173.0,145.0,149.0,17.454703282114725
2021-12-06,Fish Oil,Omega,284,154,231,27.82,37.09,0.02,5711.86,1427.97,KP,1,6,5,1,2021,12,49,4,340,133.0,140.0,150.0,173.0,144.25,9.535023160258527
2021-12-13,Fish Oil,Omega,229,169,254,41.56,55.41,0.08,9364.29,2341.07,KP,0,6,5,1,2021,12,50,4,347,154.0,133.0,140.0,150.0,149.0,15.93737745050922
2021-12-20,Fish Oil,Omega,103,137,206,13.46,17.94,0.05,2457.78,614.45,KP,0,6,5,1,2021,12,51,4,354,169.0,154.0,133.0,140.0,148.25,16.56049516167919
2021-12-27,Fish Oil,Omega,425,155,233,16.74,22.32,0.0,3459.6,864.9,Balochistan,0,6,5,0,2021,12,52,4,361,137.0,169.0,154.0,133.0,153.75,13.098982148752365
2022-01-03,Fish Oil,Omega,104,142,213,41.48,55.3,0.23,7852.6,1963.15,Sindh,1,6,5,3,2022,1,1,1,3,155.0,137.0,169.0,154.0,150.75,14.33817747600207
2022-01-10,Fish Oil,Omega,398,146,219,23.71,31.61,0.13,4615.06,1153.77,KP,0,6,5,1,2022,1,2,1,10,142.0,155.0,137.0,169.0,145.0,7.615773105863887
2022-01-17,Fish Oil,Omega,360,136,204,16.09,21.45,0.13,2917.2,729.3,Punjab,0,6,5,2,2022,1,3,1,17,146.0,142.0,155.0,137.0,144.75,7.973915809270438
2022-01-24,Fish Oil,Omega,280,165,248,16.09,21.45,0.03,3539.25,884.81,Punjab,1,6,5,2,2022,1,4,1,24,136.0,146.0,142.0,155.0,147.25,12.526638282742354
2022-01-31,Fish Oil,Omega,165,165,248,11.49,15.32,0.12,2527.8,631.95,Sindh,1,6,5,3,2022,1,5,1,31,165.0,136.0,146.0,142.0,153.0,14.445299120013622
2022-02-07,Fish Oil,Omega,170,151,227,29.67,39.56,0.08,5973.56,1493.39,Sindh,0,6,5,3,2022,2,6,1,38,165.0,165.0,136.0,146.0,154.25,13.841363131329695
2022-02-14,Fish Oil,Omega,323,146,219,34.44,45.92,0.1,6704.32,1676.08,Punjab,0,6,5,2,2022,2,7,1,45,151.0,165.0,165.0,136.0,156.75,9.74251849711697
2022-02-21,Fish Oil,Omega,199,126,189,25.72,34.29,0.02,4320.54,1080.14,KP,1,6,5,1,2022,2,8,1,52,146.0,151.0,165.0,165.0,147.0,16.145174717749768
2022-02-28,Fish Oil,Omega,408,144,216,8.43,11.24,0.09,1618.56,404.64,Balochistan,0,6,5,0,2022,2,9,1,59,126.0,146.0,151.0,165.0,141.75,10.904891868637042
2022-03-07,Fish Oil,Omega,157,143,215,39.72,52.96,0.1,7573.28,1893.32,Balochistan,1,6,5,0,2022,3,10,1,66,144.0,126.0,146.0,151.0,139.75,9.251126057585257
2022-03-14,Fish Oil,Omega,283,175,263,38.68,51.57,0.09,9024.75,2256.19,Sindh,1,6,5,3,2022,3,11,1,73,143.0,144.0,126.0,146.0,147.0,20.412414523193142
2022-03-21,Fish Oil,Omega,90,165,248,35.25,47.0,0.16,7755.0,1938.75,Balochistan,0,6,5,0,2022,3,12,1,80,175.0,143.0,144.0,126.0,156.75,15.840349322747471
2022-03-28,Fish Oil,Omega,314,166,249,26.81,35.75,0.03,5934.5,1483.63,Punjab,0,6,5,2,2022,3,13,1,87,165.0,175.0,143.0,144.0,162.25,13.598406769422155
2022-04-04,Fish Oil,Omega,209,151,227,13.66,18.21,0.06,2749.71,687.43,Balochistan,1,6,5,0,2022,4,14,2,94,166.0,165.0,175.0,143.0,164.25,9.912113800799487
2022-04-11,Fish Oil,Omega,261,148,222,17.14,22.85,0.01,3381.8,845.45,Balochistan,1,6,5,0,2022,4,15,2,101,151.0,166.0,165.0,175.0,157.5,9.327379053088793
2022-04-18,Fish Oil,Omega,161,161,242,41.65,55.53,0.0,8940.33,2235.08,Balochistan,1,6,5,0,2022,4,16,2,108,148.0,151.0,166.0,165.0,156.5,8.426149773176334
2022-04-25,Fish Oil,Omega,282,163,245,32.94,43.92,0.24,7158.96,1789.74,Sindh,1,6,5,3,2022,4,17,2,115,161.0,148.0,151.0,166.0,155.75,7.365459931328089
2022-05-02,Fish Oil,Omega,433,158,237,22.35,29.8,0.25,4708.4,1177.1,KP,0,6,5,1,2022,5,18,2,122,163.0,161.0,148.0,151.0,157.5,6.65832811847936
2022-05-09,Fish Oil,Omega,453,156,234,30.5,40.67,0.07,6344.52,1586.13,Balochistan,0,6,5,0,2022,5,19,2,129,158.0,163.0,161.0,148.0,159.5,3.109126351029538
2022-05-16,Fish Oil,Omega,429,155,233,25.92,34.56,0.17,5356.8,1339.2,Punjab,0,6,5,2,2022,5,20,2,136,156.0,158.0,163.0,161.0,158.0,3.5590260840103785
2022-05-23,Fish Oil,Omega,118,170,255,26.45,35.26,0.24,5994.2,1498.55,Balochistan,1,6,5,0,2022,5,21,2,143,155.0,156.0,158.0,163.0,159.75,6.946221994724871
2022-05-30,Fish Oil,Omega,329,181,272,33.11,44.14,0.24,7989.34,1997.34,Punjab,0,6,5,2,2022,5,22,2,150,170.0,155.0,156.0,158.0,165.5,12.396235987858015
2022-06-06,Fish Oil,Omega,287,157,236,15.47,20.63,0.09,3238.91,809.73,Balochistan,0,6,5,0,2022,6,23,2,157,181.0,170.0,155.0,156.0,165.75,12.148388096094594
2022-06-13,Fish Oil,Omega,332,167,251,36.7,48.93,0.06,8171.31,2042.83,Punjab,1,6,5,2,2022,6,24,2,164,157.0,181.0,170.0,155.0,168.75,9.87842767515827
2022-06-20,Fish Oil,Omega,432,147,221,36.15,48.2,0.25,7085.4,1771.35,Balochistan,1,6,5,0,2022,6,25,2,171,167.0,157.0,181.0,170.0,163.0,14.514360704718145
2022-06-27,Fish Oil,Omega,483,152,228,41.39,55.19,0.23,8388.88,2097.22,Punjab,0,6,5,2,2022,6,26,2,178,147.0,167.0,157.0,181.0,155.75,8.53912563829964
2022-07-04,Fish Oil,Omega,273,163,245,16.39,21.85,0.08,3561.55,890.39,KP,0,6,5,1,2022,7,27,3,185,152.0,147.0,167.0,157.0,157.25,9.322910847297972
2022-07-11,Fish Oil,Omega,169,156,234,13.78,18.37,0.24,2865.72,716.43,KP,1,6,5,1,2022,7,28,3,192,163.0,152.0,147.0,167.0,154.5,6.757711644237729
2022-07-18,Fish Oil,Omega,80,162,243,44.33,59.11,0.18,9575.82,2393.96,Punjab,1,6,5,2,2022,7,29,3,199,156.0,163.0,152.0,147.0,158.25,5.1881274720910815
2022-07-25,Fish Oil,Omega,437,154,231,41.8,55.73,0.17,8582.42,2145.61,Balochistan,0,6,5,0,2022,7,30,3,206,162.0,156.0,163.0,152.0,158.75,4.425306015783864
2022-08-01,Fish Oil,Omega,211,158,237,17.36,23.14,0.01,3656.12,914.03,Balochistan,0,6,5,0,2022,8,31,3,213,154.0,162.0,156.0,163.0,157.5,3.415650255319798
2022-08-08,Fish Oil,Omega,118,156,234,16.39,21.85,0.17,3408.6,852.15,Sindh,0,6,5,3,2022,8,32,3,220,158.0,154.0,162.0,156.0,157.5,3.415650255319798
2022-08-15,Fish Oil,Omega,130,150,225,14.91,19.88,0.12,2982.0,745.5,Sindh,0,6,5,3,2022,8,33,3,227,156.0,158.0,154.0,162.0,154.5,3.415650255319798
2022-08-22,Fish Oil,Omega,73,121,182,44.55,59.4,0.16,7187.4,1796.85,Punjab,1,6,5,2,2022,8,34,3,234,150.0,156.0,158.0,154.0,146.25,17.173137938847
2022-08-29,Fish Oil,Omega,284,154,231,36.79,49.05,0.25,7553.7,1888.43,Punjab,1,6,5,2,2022,8,35,3,241,121.0,150.0,156.0,158.0,145.25,16.357974609753274
2022-09-05,Fish Oil,Omega,388,147,221,16.01,21.34,0.11,3136.98,784.25,Balochistan,0,6,5,0,2022,9,36,3,248,154.0,121.0,150.0,156.0,143.0,14.944341180973243
2022-09-12,Fish Oil,Omega,240,158,237,26.99,35.99,0.17,5686.42,1421.61,Punjab,1,6,5,2,2022,9,37,3,255,147.0,154.0,121.0,150.0,145.0,16.63329993316618
2022-09-19,Fish Oil,Omega,124,158,237,41.61,55.48,0.21,8765.84,2191.46,Punjab,0,6,5,2,2022,9,38,3,262,158.0,147.0,154.0,121.0,154.25,5.188127472091075
2022-09-26,Fish Oil,Omega,268,155,233,14.09,18.78,0.06,2910.9,727.73,Balochistan,1,6,5,0,2022,9,39,3,269,158.0,158.0,147.0,154.0,154.5,5.1961524227065805
2022-10-03,Fish Oil,Omega,442,141,212,30.7,40.93,0.21,5771.13,1442.78,KP,0,6,5,1,2022,10,40,4,276,155.0,158.0,158.0,147.0,153.0,8.124038404635929
2022-10-10,Fish Oil,Omega,422,128,192,14.6,19.47,0.09,2492.16,623.04,Sindh,0,6,5,3,2022,10,41,4,283,141.0,155.0,158.0,158.0,145.5,13.820274961085238
2022-10-17,Fish Oil,Omega,115,144,216,14.52,19.36,0.2,2787.84,696.96,Balochistan,0,6,5,0,2022,10,42,4,290,128.0,141.0,155.0,158.0,142.0,11.10555416597177
2022-10-24,Fish Oil,Omega,169,158,237,26.12,34.82,0.12,5501.56,1375.39,KP,1,6,5,1,2022,10,43,4,297,144.0,128.0,141.0,155.0,142.75,12.31191834497504
2022-10-31,Fish Oil,Omega,488,149,224,38.15,50.86,0.23,7578.14,1894.54,Balochistan,0,6,5,0,2022,10,44,4,304,158.0,144.0,128.0,141.0,144.75,12.579745625409107
2022-11-07,Fish Oil,Omega,52,145,218,19.67,26.23,0.05,3803.35,950.84,Sindh,1,6,5,3,2022,11,45,4,311,149.0,158.0,144.0,128.0,149.0,6.377042156569627
2022-11-14,Fish Oil,Omega,336,152,228,44.84,59.79,0.22,9088.08,2272.02,Sindh,1,6,5,3,2022,11,46,4,318,145.0,149.0,158.0,144.0,151.0,5.477225575051619
2022-11-21,Fish Oil,Omega,114,150,225,43.36,57.81,0.11,8671.5,2167.88,Balochistan,1,6,5,0,2022,11,47,4,325,152.0,145.0,149.0,158.0,149.0,2.9439202887758684
2022-11-28,Fish Oil,Omega,460,136,204,10.84,14.45,0.07,1965.2,491.3,Punjab,1,6,5,2,2022,11,48,4,332,150.0,152.0,145.0,149.0,145.75,7.135591542869182
2022-12-05,Fish Oil,Omega,196,151,227,34.38,45.84,0.03,6921.84,1730.46,KP,1,6,5,1,2022,12,49,4,339,136.0,150.0,152.0,145.0,147.25,7.544313531837486
2022-12-12,Fish Oil,Omega,348,172,258,24.71,32.94,0.25,5665.68,1416.42,KP,1,6,5,1,2022,12,50,4,346,151.0,136.0,150.0,152.0,152.25,14.840822079655815
2022-12-19,Fish Oil,Omega,359,164,246,35.6,47.46,0.05,7783.44,1945.86,KP,0,6,5,1,2022,12,51,4,353,172.0,151.0,136.0,150.0,155.75,15.755951256588716
2022-12-26,Fish Oil,Omega,353,160,240,21.26,28.34,0.19,4534.4,1133.6,Balochistan,1,6,5,0,2022,12,52,4,360,164.0,172.0,151.0,136.0,161.75,8.732124598286461
2023-01-02,Fish Oil,Omega,80,138,207,17.72,23.62,0.21,3259.56,814.89,Punjab,1,6,5,2,2023,1,1,1,2,160.0,164.0,172.0,151.0,158.5,14.548768561863447
2023-01-09,Fish Oil,Omega,320,149,224,14.49,19.32,0.14,2878.68,719.67,KP,1,6,5,1,2023,1,2,1,9,138.0,160.0,164.0,172.0,152.75,11.70113954564538
2023-01-16,Fish Oil,Omega,209,147,221,15.53,20.71,0.14,3044.37,761.09,Balochistan,1,6,5,0,2023,1,3,1,16,149.0,138.0,160.0,164.0,148.5,9.036961141150613
2023-01-23,Fish Oil,Omega,161,145,218,21.57,28.76,0.12,4170.2,1042.55,Sindh,0,6,5,3,2023,1,4,1,23,147.0,149.0,138.0,160.0,144.75,4.787135538781636
2023-01-30,Fish Oil,Omega,495,146,219,29.91,39.88,0.23,5822.48,1455.62,Balochistan,1,6,5,0,2023,1,5,1,30,145.0,147.0,149.0,138.0,146.75,1.7078251276597805
2023-02-06,Fish Oil,Omega,217,157,236,39.84,53.12,0.04,8339.84,2084.96,KP,0,6,5,1,2023,2,6,1,37,146.0,145.0,147.0,149.0,148.75,5.560275772537379
2023-02-13,Fish Oil,Omega,117,145,218,27.56,36.75,0.03,5328.75,1332.19,Sindh,1,6,5,3,2023,2,7,1,44,157.0,146.0,145.0,147.0,148.25,5.852349955359768
2023-02-20,Fish Oil,Omega,300,157,236,28.64,38.18,0.18,5994.26,1498.57,Punjab,0,6,5,2,2023,2,8,1,51,145.0,157.0,146.0,145.0,151.25,6.652067347824995
2023-02-27,Fish Oil,Omega,255,142,213,39.47,52.62,0.18,7472.04,1868.01,Punjab,1,6,5,2,2023,2,9,1,58,157.0,145.0,157.0,146.0,150.25,7.889866919029716
2023-03-06,Fish Oil,Omega,91,131,197,16.98,22.64,0.1,2965.84,741.46,Balochistan,0,6,5,0,2023,3,10,1,65,142.0,157.0,145.0,157.0,143.75,10.688779163215951
2023-03-13,Fish Oil,Omega,106,153,230,28.64,38.19,0.02,5843.07,1460.77,Sindh,0,6,5,3,2023,3,11,1,72,131.0,142.0,157.0,145.0,145.75,11.701139545645377
2023-03-20,Fish Oil,Omega,162,140,210,25.93,34.57,0.19,4839.8,1209.95,Balochistan,1,6,5,0,2023,3,12,1,79,153.0,131.0,142.0,157.0,141.5,9.03696114115061
2023-03-27,Fish Oil,Omega,53,146,219,29.42,39.22,0.1,5726.12,1431.53,Sindh,0,6,5,3,2023,3,13,1,86,140.0,153.0,131.0,142.0,142.5,9.327379053088785
2023-04-03,Fish Oil,Omega,354,167,251,41.57,55.43,0.11,9256.81,2314.2,Sindh,1,6,5,3,2023,4,14,2,93,146.0,140.0,153.0,131.0,151.5,11.618950038622224
2023-04-10,Fish Oil,Omega,366,135,203,10.64,14.18,0.21,1914.3,478.58,Sindh,0,6,5,3,2023,4,15,2,100,167.0,146.0,140.0,153.0,147.0,14.071247279470267
2023-04-17,Fish Oil,Omega,177,116,174,14.77,19.69,0.13,2284.04,571.01,KP,1,6,5,1,2023,4,16,2,107,135.0,167.0,146.0,140.0,141.0,21.307275752662505
2023-04-24,Fish Oil,Omega,234,153,230,23.64,31.52,0.11,4822.56,1205.64,Punjab,0,6,5,2,2023,4,17,2,114,116.0,135.0,167.0,146.0,142.75,22.12653007891958
2023-05-01,Fish Oil,Omega,367,146,219,43.73,58.31,0.13,8513.26,2128.32,Balochistan,0,6,5,0,2023,5,18,2,121,153.0,116.0,135.0,167.0,137.5,16.134848413707914
2023-05-08,Fish Oil,Omega,319,159,239,9.31,12.41,0.13,1973.19,493.3,KP,0,6,5,1,2023,5,19,2,128,146.0,153.0,116.0,135.0,143.5,19.087517736293858
2023-05-15,Fish Oil,Omega,180,155,233,34.44,45.92,0.09,7117.6,1779.4,KP,1,6,5,1,2023,5,20,2,135,159.0,146.0,153.0,116.0,153.25,5.439056290693521
2023-05-22,Fish Oil,Omega,261,147,221,26.97,35.96,0.13,5286.12,1321.53,Balochistan,1,6,5,0,2023,5,21,2,142,155.0,159.0,146.0,153.0,151.75,6.291528696058913
2023-05-29,Fish Oil,Omega,314,162,243,19.79,26.39,0.09,4275.18,1068.8,Punjab,0,6,5,2,2023,5,22,2,149,147.0,155.0,159.0,146.0,155.75,6.499999999999959
2023-06-05,Fish Oil,Omega,114,154,231,13.64,18.19,0.01,2801.26,700.32,KP,0,6,5,1,2023,6,23,2,156,162.0,147.0,155.0,159.0,154.5,6.137317546507279
2023-06-12,Fish Oil,Omega,294,154,231,18.43,24.57,0.24,3783.78,945.95,Punjab,0,6,5,2,2023,6,24,2,163,154.0,162.0,147.0,155.0,154.25,6.130524719249796
2023-06-19,Fish Oil,Omega,59,159,239,20.03,26.7,0.01,4245.3,1061.33,KP,0,6,5,1,2023,6,25,2,170,154.0,154.0,162.0,147.0,157.25,3.947573094108939
2023-06-26,Fish Oil,Omega,374,160,240,44.07,58.76,0.16,9401.6,2350.4,Sindh,0,6,5,3,2023,6,26,2,177,159.0,154.0,154.0,162.0,156.75,3.2015621187163443
2023-07-03,Fish Oil,Omega,459,168,252,18.47,24.62,0.14,4136.16,1034.04,Punjab,1,6,5,2,2023,7,27,3,184,160.0,159.0,154.0,154.0,160.25,5.795112883571195
2023-07-10,Fish Oil,Omega,161,155,233,36.79,49.05,0.18,7602.75,1900.69,Sindh,0,6,5,3,2023,7,28,3,191,168.0,160.0,159.0,154.0,160.5,5.446711546122686
2023-07-17,Fish Oil,Omega,276,129,194,22.73,30.31,0.15,3909.99,977.5,Punjab,1,6,5,2,2023,7,29,3,198,155.0,168.0,160.0,159.0,153.0,16.872067646458337
2023-07-24,Fish Oil,Omega,186,173,260,28.55,38.06,0.15,6584.38,1646.1,Punjab,1,6,5,2,2023,7,30,3,205,129.0,155.0,168.0,160.0,156.25,19.68713624002569
2023-07-31,Fish Oil,Omega,133,133,200,8.21,10.94,0.1,1455.02,363.76,Balochistan,1,6,5,0,2023,7,31,3,212,173.0,129.0,155.0,168.0,147.5,20.48576741707926
2023-08-07,Fish Oil,Omega,68,169,254,9.86,13.15,0.15,2222.35,555.59,Punjab,1,6,5,2,2023,8,32,3,219,133.0,173.0,129.0,155.0,151.0,23.209193580705605
2023-08-14,Fish Oil,Omega,267,129,194,23.59,31.45,0.0,4057.05,1014.26,KP,0,6,5,1,2023,8,33,3,226,169.0,133.0,173.0,129.0,151.0,23.209193580705605
2023-08-21,Fish Oil,Omega,452,150,225,9.18,12.24,0.24,1836.0,459.0,Punjab,0,6,5,2,2023,8,34,3,233,129.0,169.0,133.0,173.0,145.25,18.264263832230768
2023-08-28,Fish Oil,Omega,90,127,191,40.69,54.25,0.19,6889.75,1722.44,KP,1,6,5,1,2023,8,35,3,240,150.0,129.0,169.0,133.0,143.75,19.788464653260313
2023-09-04,Fish Oil,Omega,370,149,224,35.14,46.85,0.17,6980.65,1745.16,Sindh,0,6,5,3,2023,9,36,3,247,127.0,150.0,129.0,169.0,138.75,12.44655240083238
2023-09-11,Fish Oil,Omega,140,158,237,40.2,53.6,0.24,8468.8,2117.2,Sindh,1,6,5,3,2023,9,37,3,254,149.0,127.0,150.0,129.0,146.0,13.291601358251242
2023-09-18,Fish Oil,Omega,269,152,228,18.1,24.13,0.05,3667.76,916.94,KP,1,6,5,1,2023,9,38,3,261,158.0,149.0,127.0,150.0,146.5,13.527749258468667
2023-09-25,Fish Oil,Omega,188,171,257,21.44,28.59,0.12,4888.89,1222.22,KP,1,6,5,1,2023,9,39,3,268,152.0,158.0,149.0,127.0,157.5,9.746794344808944
2023-10-02,Fish Oil,Omega,172,163,245,32.34,43.12,0.16,7028.56,1757.14,Sindh,0,6,5,3,2023,10,40,4,275,171.0,152.0,158.0,149.0,161.0,8.041558721209851
2023-10-09,Fish Oil,Omega,82,145,218,28.82,38.42,0.03,5570.9,1392.73,KP,1,6,5,1,2023,10,41,4,282,163.0,171.0,152.0,158.0,157.75,11.528949070347489
2023-10-16,Fish Oil,Omega,315,144,216,24.88,33.17,0.11,4776.48,1194.12,Balochistan,1,6,5,0,2023,10,42,4,289,145.0,163.0,171.0,152.0,155.75,13.400870618483445
2023-10-23,Fish Oil,Omega,341,132,198,44.09,58.78,0.18,7758.96,1939.74,Balochistan,0,6,5,0,2023,10,43,4,296,144.0,145.0,163.0,171.0,146.0,12.780193008453853
2023-10-30,Fish Oil,Omega,91,128,192,27.58,36.77,0.0,4706.56,1176.64,Punjab,0,6,5,2,2023,10,44,4,303,132.0,144.0,145.0,163.0,137.25,8.53912563829964
2023-11-06,Fish Oil,Omega,409,150,225,23.52,31.36,0.11,4704.0,1176.0,Punjab,1,6,5,2,2023,11,45,4,310,128.0,132.0,144.0,145.0,138.5,10.246950765959577
2023-11-13,Fish Oil,Omega,175,175,263,18.98,25.31,0.12,4429.25,1107.31,Punjab,1,6,5,2,2023,11,46,4,317,150.0,128.0,132.0,144.0,146.25,21.422340363897366
2023-11-20,Fish Oil,Omega,126,157,236,20.93,27.9,0.22,4380.3,1095.08,Balochistan,1,6,5,0,2023,11,47,4,324,175.0,150.0,128.0,132.0,152.5,19.43364779619787
2023-11-27,Fish Oil,Omega,253,156,234,11.92,15.89,0.23,2478.84,619.71,Sindh,0,6,5,3,2023,11,48,4,331,157.0,175.0,150.0,128.0,159.5,10.785793124908945
2023-12-04,Fish Oil,Omega,241,142,213,13.99,18.65,0.23,2648.3,662.08,KP,1,6,5,1,2023,12,49,4,338,156.0,157.0,175.0,150.0,157.5,13.527749258468674
2023-12-11,Fish Oil,Omega,248,158,237,27.21,36.28,0.03,5732.24,1433.06,Balochistan,0,6,5,0,2023,12,50,4,345,142.0,156.0,157.0,175.0,153.25,7.5443135318374965
2023-12-18,Fish Oil,Omega,452,128,192,10.8,14.4,0.21,1843.2,460.8,Sindh,0,6,5,3,2023,12,51,4,352,158.0,142.0,156.0,157.0,146.0,13.95229969097089
2023-12-25,Fish Oil,Omega,115,150,225,27.55,36.73,0.11,5509.5,1377.38,Sindh,0,6,5,3,2023,12,52,4,359,128.0,158.0,142.0,156.0,144.5,12.793227374930312
2024-01-01,Fish Oil,Omega,470,147,221,13.71,18.28,0.11,2687.16,671.79,Sindh,1,6,5,3,2024,1,1,1,1,150.0,128.0,158.0,142.0,145.75,12.711543310445549
2024-01-08,Fish Oil,Omega,261,158,237,35.66,47.55,0.13,7512.9,1878.23,Balochistan,1,6,5,0,2024,1,2,1,8,147.0,150.0,128.0,158.0,145.75,12.711543310445549
2024-01-15,Fish Oil,Omega,370,149,224,13.89,18.52,0.21,2759.48,689.87,Punjab,0,6,5,2,2024,1,3,1,15,158.0,147.0,150.0,128.0,151.0,4.83045891539645
2024-01-22,Fish Oil,Omega,157,183,275,9.47,12.62,0.14,2309.46,577.37,Punjab,1,6,5,2,2024,1,4,1,22,149.0,158.0,147.0,150.0,159.25,16.54035469188412
2024-01-29,Fish Oil,Omega,353,143,215,26.66,35.54,0.1,5082.22,1270.56,Sindh,0,6,5,3,2024,1,5,1,29,183.0,149.0,158.0,147.0,158.25,17.61391495380853
2024-02-05,Fish Oil,Omega,123,141,212,16.46,21.94,0.18,3093.54,773.39,KP,1,6,5,1,2024,2,6,1,36,143.0,183.0,149.0,158.0,154.0,19.62990915244727
2024-02-12,Fish Oil,Omega,466,134,201,20.33,27.1,0.22,3631.4,907.85,Punjab,1,6,5,2,2024,2,7,1,43,141.0,143.0,183.0,149.0,150.25,22.17167863138317
2024-02-19,Fish Oil,Omega,328,147,221,43.02,57.36,0.05,8431.92,2107.98,Punjab,1,6,5,2,2024,2,8,1,50,134.0,141.0,143.0,183.0,141.25,5.439056290693554
2024-02-26,Fish Oil,Omega,63,143,215,42.44,56.58,0.17,8090.94,2022.74,Sindh,0,6,5,3,2024,2,9,1,57,147.0,134.0,141.0,143.0,141.25,5.439056290693554
2024-03-04,Fish Oil,Omega,225,151,227,9.93,13.24,0.03,1999.24,499.81,Sindh,0,6,5,3,2024,3,10,1,64,143.0,147.0,134.0,141.0,143.75,7.274384280931715
2024-03-11,Fish Oil,Omega,360,146,219,43.01,57.34,0.13,8371.64,2092.91,KP,1,6,5,1,2024,3,11,1,71,151.0,143.0,147.0,134.0,146.75,3.3040379335997976
2024-03-18,Fish Oil,Omega,459,127,191,41.75,55.66,0.1,7068.82,1767.21,Balochistan,1,6,5,0,2024,3,12,1,78,146.0,151.0,143.0,147.0,141.75,10.372238588334394
2024-03-25,Fish Oil,Omega,343,137,206,44.79,59.72,0.16,8181.64,2045.41,Punjab,0,6,5,2,2024,3,13,1,85,127.0,146.0,151.0,143.0,140.25,10.563301251660537
2024-04-01,Fish Oil,Omega,447,130,195,22.67,30.22,0.12,3928.6,982.15,Sindh,0,6,5,3,2024,4,14,2,92,137.0,127.0,146.0,151.0,135.0,8.445906306213265
2024-04-08,Fish Oil,Omega,416,141,212,25.43,33.91,0.14,4781.31,1195.33,Sindh,0,6,5,3,2024,4,15,2,99,130.0,137.0,127.0,146.0,133.75,6.396613687465139
2024-04-15,Fish Oil,Omega,148,173,260,31.43,41.91,0.03,7250.43,1812.61,Punjab,1,6,5,2,2024,4,16,2,106,141.0,130.0,137.0,127.0,145.25,19.050371824892718
2024-04-22,Fish Oil,Omega,95,150,225,40.58,54.11,0.17,8116.5,2029.13,Punjab,0,6,5,2,2024,4,17,2,113,173.0,141.0,130.0,137.0,148.5,18.266545011760336
2024-04-29,Fish Oil,Omega,373,162,243,38.14,50.85,0.17,8237.7,2059.43,Balochistan,1,6,5,0,2024,4,18,2,120,150.0,173.0,141.0,130.0,156.5,13.964240043768934
2024-05-06,Fish Oil,Omega,242,151,227,39.23,52.31,0.2,7898.81,1974.7,Sindh,0,6,5,3,2024,5,19,2,127,162.0,150.0,173.0,141.0,159.0,10.801234497346424
2024-05-13,Fish Oil,Omega,125,136,204,41.72,55.63,0.0,7565.68,1891.42,KP,0,6,5,1,2024,5,20,2,134,151.0,162.0,150.0,173.0,149.75,10.657548185832106
2024-05-20,Fish Oil,Omega,63,143,215,25.25,33.66,0.14,4813.38,1203.35,Balochistan,1,6,5,0,2024,5,21,2,141,136.0,151.0,162.0,150.0,148.0,11.165422816296147
2024-05-27,Fish Oil,Omega,148,152,228,15.29,20.38,0.05,3097.76,774.44,KP,0,6,5,1,2024,5,22,2,148,143.0,136.0,151.0,162.0,145.5,7.505553499465129
2024-06-03,Fish Oil,Omega,327,152,228,20.4,27.2,0.07,4134.4,1033.6,Sindh,0,6,5,3,2024,6,23,2,155,152.0,143.0,136.0,151.0,145.75,7.762087348130007
2024-06-10,Fish Oil,Omega,245,166,249,40.52,54.03,0.18,8968.98,2242.25,Sindh,1,6,5,3,2024,6,24,2,162,152.0,152.0,143.0,136.0,153.25,9.499999999999996
2024-06-17,Fish Oil,Omega,300,132,198,27.91,37.21,0.01,4911.72,1227.93,KP,1,6,5,1,2024,6,25,2,169,166.0,152.0,152.0,143.0,150.5,13.988090172238186
2024-06-24,Fish Oil,Omega,442,164,246,31.26,41.68,0.05,6835.52,1708.88,Sindh,1,6,5,3,2024,6,26,2,176,132.0,166.0,152.0,152.0,153.5,15.60982596529079
2024-07-01,Fish Oil,Omega,189,149,224,36.7,48.93,0.1,7290.57,1822.64,Sindh,1,6,5,3,2024,7,27,3,183,164.0,132.0,166.0,152.0,152.75,15.777093099385151
2024-07-08,Fish Oil,Omega,340,169,254,8.69,11.58,0.23,1957.02,489.26,Sindh,0,6,5,3,2024,7,28,3,190,149.0,164.0,132.0,166.0,153.5,16.663332999933314
2024-07-15,Fish Oil,Omega,462,183,275,27.47,36.62,0.14,6701.46,1675.37,Punjab,0,6,5,2,2024,7,29,3,197,169.0,149.0,164.0,132.0,166.25,14.03269990652785
2024-07-22,Fish Oil,Omega,88,128,192,16.46,21.95,0.16,2809.6,702.4,Balochistan,0,6,5,0,2024,7,30,3,204,183.0,169.0,149.0,164.0,157.25,23.97741993348464
2024-07-29,Fish Oil,Omega,199,136,204,40.91,54.54,0.02,7417.44,1854.36,Sindh,0,6,5,3,2024,7,31,3,211,128.0,183.0,169.0,149.0,154.0,26.242459234352765
2024-08-05,Fish Oil,Omega,69,150,225,39.0,52.0,0.02,7800.0,1950.0,Sindh,1,6,5,3,2024,8,32,3,218,136.0,128.0,183.0,169.0,149.25,24.26760529320243
2024-08-12,Fish Oil,Omega,303,149,224,12.67,16.89,0.19,2516.61,629.15,KP,1,6,5,1,2024,8,33,3,225,150.0,136.0,128.0,183.0,140.75,10.626225419530053
2024-08-19,Fish Oil,Omega,89,133,200,35.66,47.55,0.18,6324.15,1581.04,Sindh,0,6,5,3,2024,8,34,3,232,149.0,150.0,136.0,128.0,142.0,8.755950357709132
2024-08-26,Fish Oil,Omega,414,139,209,32.28,43.04,0.06,5982.56,1495.64,Punjab,0,6,5,2,2024,8,35,3,239,133.0,149.0,150.0,136.0,142.75,8.180260794538684
2024-09-02,Fish Oil,Omega,300,166,249,38.1,50.8,0.08,8432.8,2108.2,Sindh,1,6,5,3,2024,9,36,3,246,139.0,133.0,149.0,150.0,146.75,14.430869689661812
2024-09-09,Fish Oil,Omega,302,148,222,38.19,50.92,0.14,7536.16,1884.04,Punjab,0,6,5,2,2024,9,37,3,253,166.0,139.0,133.0,149.0,146.5,14.387494569938157
2024-09-16,Fish Oil,Omega,162,151,227,34.97,46.62,0.02,7039.62,1759.91,Sindh,1,6,5,3,2024,9,38,3,260,148.0,166.0,139.0,133.0,151.0,11.224972160321823
2024-09-23,Fish Oil,Omega,452,159,239,28.31,37.74,0.04,6000.66,1500.17,Balochistan,0,6,5,0,2024,9,39,3,267,151.0,148.0,166.0,139.0,156.0,8.124038404635957
2024-09-30,Fish Oil,Omega,228,146,219,11.0,14.67,0.18,2141.82,535.46,KP,0,6,5,1,2024,9,40,3,274,159.0,151.0,148.0,166.0,151.0,5.715476066494075
2024-10-07,Fish Oil,Omega,398,157,236,44.09,58.78,0.23,9228.46,2307.12,Balochistan,0,6,5,0,2024,10,41,4,281,146.0,159.0,151.0,148.0,153.25,5.909032633745271
2024-10-14,Fish Oil,Omega,144,160,240,27.12,36.16,0.05,5785.6,1446.4,Sindh,1,6,5,3,2024,10,42,4,288,157.0,146.0,159.0,151.0,155.5,6.454972243679022
2024-10-21,Fish Oil,Omega,325,154,231,43.09,57.45,0.09,8847.3,2211.83,Sindh,0,6,5,3,2024,10,43,4,295,160.0,157.0,146.0,159.0,154.25,6.020797289396142
2024-10-28,Fish Oil,Omega,132,154,231,13.79,18.38,0.16,2830.52,707.63,Balochistan,1,6,5,0,2024,10,44,4,302,154.0,160.0,157.0,146.0,156.25,2.872281323269001
2024-11-04,Fish Oil,Omega,60,186,279,41.35,55.13,0.11,10254.18,2563.55,KP,0,6,5,1,2024,11,45,4,309,154.0,154.0,160.0,157.0,163.5,15.264337522473745
2024-11-11,Fish Oil,Omega,229,147,221,27.87,37.16,0.13,5462.52,1365.63,KP,0,6,5,1,2024,11,46,4,316,186.0,154.0,154.0,160.0,160.25,17.480942003603044
2024-11-18,Fish Oil,Omega,184,123,185,11.53,15.37,0.05,1890.51,472.63,Sindh,1,6,5,3,2024,11,47,4,323,147.0,186.0,154.0,154.0,152.5,25.98076211353316
2024-11-25,Fish Oil,Omega,101,150,225,14.0,18.66,0.13,2799.0,699.75,Punjab,1,6,5,2,2024,11,48,4,330,123.0,147.0,186.0,154.0,151.5,25.98076211353316
2024-12-02,Fish Oil,Omega,434,139,209,27.79,37.05,0.07,5149.95,1287.49,Sindh,1,6,5,3,2024,12,49,4,337,150.0,123.0,147.0,186.0,139.75,12.093386622447824
2024-12-09,Fish Oil,Omega,208,153,230,15.86,21.15,0.07,3235.95,808.99,Sindh,0,6,5,3,2024,12,50,4,344,139.0,150.0,123.0,147.0,141.25,13.573871960498227
2024-12-16,Fish Oil,Omega,190,166,249,14.89,19.85,0.08,3295.1,823.78,Balochistan,0,6,5,0,2024,12,51,4,351,153.0,139.0,150.0,123.0,152.0,11.105554165971784
2024-12-23,Fish Oil,Omega,94,153,230,25.08,33.44,0.25,5116.32,1279.08,KP,1,6,5,1,2024,12,52,4,358,166.0,153.0,139.0,150.0,152.75,11.026483271348724
2024-12-30,Fish Oil,Omega,281,142,213,37.42,49.89,0.24,7084.38,1771.1,Balochistan,1,6,5,0,2024,12,1,4,365,153.0,166.0,153.0,139.0,153.5,9.814954576223633
2025-01-06,Fish Oil,Omega,213,146,219,40.28,53.71,0.15,7841.66,1960.42,KP,0,6,5,1,2025,1,2,1,6,142.0,153.0,166.0,153.0,151.75,10.531698185319712
2025-01-13,Fish Oil,Omega,113,154,231,9.25,12.33,0.15,1898.82,474.71,Balochistan,0,6,5,0,2025,1,3,1,13,146.0,142.0,153.0,166.0,148.75,5.73730482601949
2025-01-20,Fish Oil,Omega,233,146,219,9.32,12.43,0.17,1814.78,453.7,Punjab,1,6,5,2,2025,1,4,1,20,154.0,146.0,142.0,153.0,147.0,5.033222956847155
2025-01-27,Fish Oil,Omega,173,148,222,24.71,32.94,0.04,4875.12,1218.78,KP,0,6,5,1,2025,1,5,1,27,146.0,154.0,146.0,142.0,148.5,3.7859388972001695
2025-02-03,Fish Oil,Omega,211,158,237,29.66,39.55,0.13,6248.9,1562.23,Punjab,1,6,5,2,2025,2,6,1,34,148.0,146.0,154.0,146.0,151.5,5.5075705472860905
2025-02-10,Fish Oil,Omega,487,121,182,17.16,22.88,0.01,2768.48,692.12,Balochistan,1,6,5,0,2025,2,7,1,41,158.0,148.0,146.0,154.0,143.25,15.734781006843823
2025-02-17,Fish Oil,Omega,124,162,243,37.95,50.6,0.23,8197.2,2049.3,Sindh,1,6,5,3,2025,2,8,1,48,121.0,158.0,148.0,146.0,147.25,18.463928798245146
2025-02-24,Fish Oil,Omega,499,148,222,26.99,35.98,0.24,5325.04,1331.26,KP,1,6,5,1,2025,2,9,1,55,162.0,121.0,158.0,148.0,147.25,18.463928798245146
2025-03-03,Fish Oil,Omega,311,161,242,17.7,23.6,0.15,3799.6,949.9,Balochistan,0,6,5,0,2025,3,10,1,62,148.0,162.0,121.0,158.0,148.0,19.09624744987
2025-03-10,Fish Oil,Omega,200,143,215,26.84,35.78,0.04,5116.54,1279.14,KP,0,6,5,1,2025,3,11,1,69,161.0,148.0,162.0,121.0,153.5,9.469248474227848
2025-03-17,Fish Oil,Omega,144,151,227,19.95,26.6,0.06,4016.6,1004.15,KP,1,6,5,1,2025,3,12,1,76,143.0,161.0,148.0,162.0,150.75,7.5883682918881235
2025-03-24,Fish Oil,Omega,133,138,207,25.91,34.55,0.1,4767.9,1191.98,KP,0,6,5,1,2025,3,13,1,83,151.0,143.0,161.0,148.0,148.25,10.045728777279745
2025-03-31,Fish Oil,Omega,153,139,209,33.5,44.67,0.21,6209.13,1552.28,Punjab,1,6,5,2,2025,3,14,1,90,138.0,151.0,143.0,161.0,142.75,5.909032633745254
2020-02-03,Green Tea Extract,Fat Burner,323,156,234,13.73,18.3,0.22,2854.8,713.7,Punjab,1,7,1,2,2020,2,6,1,34,141.0,148.0,174.0,143.0,154.75,14.221462653327892
2020-02-10,Green Tea Extract,Fat Burner,73,162,243,43.61,58.14,0.18,9418.68,2354.67,Balochistan,1,7,1,0,2020,2,7,1,41,156.0,141.0,148.0,174.0,151.75,9.178779875342912
2020-02-17,Green Tea Extract,Fat Burner,156,117,176,20.21,26.94,0.2,3151.98,788.0,Sindh,0,7,1,3,2020,2,8,1,48,162.0,156.0,141.0,148.0,144.0,20.049937655763422
2020-02-24,Green Tea Extract,Fat Burner,92,147,221,29.33,39.11,0.09,5749.17,1437.29,KP,0,7,1,1,2020,2,9,1,55,117.0,162.0,156.0,141.0,145.5,19.974984355438178
2020-03-02,Green Tea Extract,Fat Burner,131,151,227,43.65,58.2,0.23,8788.2,2197.05,Punjab,0,7,1,2,2020,3,10,1,62,147.0,117.0,162.0,156.0,144.25,19.241881404893856
2020-03-09,Green Tea Extract,Fat Burner,301,132,198,43.04,57.38,0.02,7574.16,1893.54,Punjab,1,7,1,2,2020,3,11,1,69,151.0,147.0,117.0,162.0,136.75,15.500000000000004
2020-03-16,Green Tea Extract,Fat Burner,62,136,204,32.49,43.32,0.24,5891.52,1472.88,KP,0,7,1,1,2020,3,12,1,76,132.0,151.0,147.0,117.0,141.5,8.962886439832504
2020-03-23,Green Tea Extract,Fat Burner,226,143,215,16.06,21.41,0.06,3061.63,765.41,Punjab,1,7,1,2,2020,3,13,1,83,136.0,132.0,151.0,147.0,140.5,8.346656017032611
2020-03-30,Green Tea Extract,Fat Burner,289,140,210,15.83,21.1,0.08,2954.0,738.5,Sindh,0,7,1,3,2020,3,14,1,90,143.0,136.0,132.0,151.0,137.75,4.787135538781694
2020-04-06,Green Tea Extract,Fat Burner,391,147,221,9.55,12.73,0.24,1871.31,467.83,Sindh,1,7,1,3,2020,4,15,2,97,140.0,143.0,136.0,132.0,141.5,4.654746681256322
2020-04-13,Green Tea Extract,Fat Burner,325,162,243,22.37,29.83,0.03,4832.46,1208.12,Punjab,1,7,1,2,2020,4,16,2,104,147.0,140.0,143.0,136.0,148.0,9.76387901058454
2020-04-20,Green Tea Extract,Fat Burner,424,141,212,39.98,53.3,0.24,7515.3,1878.83,Punjab,1,7,1,2,2020,4,17,2,111,162.0,147.0,140.0,143.0,147.5,10.148891565092221
2020-04-27,Green Tea Extract,Fat Burner,294,142,213,8.33,11.1,0.08,1576.2,394.05,Balochistan,0,7,1,0,2020,4,18,2,118,141.0,162.0,147.0,140.0,148.0,9.695359714832659
2020-05-04,Green Tea Extract,Fat Burner,99,157,236,13.94,18.58,0.13,2917.06,729.27,KP,1,7,1,1,2020,5,19,2,125,142.0,141.0,162.0,147.0,150.5,10.598742063723098
2020-05-11,Green Tea Extract,Fat Burner,266,156,234,35.33,47.11,0.04,7349.16,1837.29,Punjab,1,7,1,2,2020,5,20,2,132,157.0,142.0,141.0,162.0,149.0,8.679477710861024
2020-05-18,Green Tea Extract,Fat Burner,384,145,218,28.73,38.31,0.08,5554.95,1388.74,KP,1,7,1,1,2020,5,21,2,139,156.0,157.0,142.0,141.0,150.0,7.615773105863909
2020-05-25,Green Tea Extract,Fat Burner,325,149,224,9.84,13.12,0.08,1954.88,488.72,Balochistan,1,7,1,0,2020,5,22,2,146,145.0,156.0,157.0,142.0,151.75,5.737304826019503
2020-06-01,Green Tea Extract,Fat Burner,376,155,233,28.22,37.63,0.09,5832.65,1458.16,Balochistan,1,7,1,0,2020,6,23,2,153,149.0,145.0,156.0,157.0,151.25,5.188127472091129
2020-06-08,Green Tea Extract,Fat Burner,76,142,213,21.74,28.99,0.2,4116.58,1029.15,Sindh,1,7,1,3,2020,6,24,2,160,155.0,149.0,145.0,156.0,147.75,5.61990510002912
2020-06-15,Green Tea Extract,Fat Burner,246,144,216,38.66,51.55,0.03,7423.2,1855.8,Sindh,1,7,1,3,2020,6,25,2,167,142.0,155.0,149.0,145.0,147.5,5.802298395176402
2020-06-22,Green Tea Extract,Fat Burner,469,147,221,32.12,42.82,0.24,6294.54,1573.64,KP,0,7,1,1,2020,6,26,2,174,144.0,142.0,155.0,149.0,147.0,5.715476066494081
2020-06-29,Green Tea Extract,Fat Burner,329,156,234,12.02,16.02,0.23,2499.12,624.78,Sindh,1,7,1,3,2020,6,27,2,181,147.0,144.0,142.0,155.0,147.25,6.1846584384264895
2020-07-06,Green Tea Extract,Fat Burner,112,146,219,14.75,19.67,0.16,2871.82,717.96,Balochistan,0,7,1,0,2020,7,28,3,188,156.0,147.0,144.0,142.0,148.25,5.315072906367323
2020-07-13,Green Tea Extract,Fat Burner,63,149,224,10.56,14.08,0.06,2097.92,524.48,Punjab,0,7,1,2,2020,7,29,3,195,146.0,156.0,147.0,144.0,149.5,4.509249752822894
2020-07-20,Green Tea Extract,Fat Burner,404,143,215,31.22,41.62,0.03,5951.66,1487.92,KP,0,7,1,1,2020,7,30,3,202,149.0,146.0,156.0,147.0,148.5,5.567764362830023
2020-07-27,Green Tea Extract,Fat Burner,292,146,219,24.08,32.1,0.16,4686.6,1171.65,Punjab,1,7,1,2,2020,7,31,3,209,143.0,149.0,146.0,156.0,146.0,2.44948974278318
2020-08-03,Green Tea Extract,Fat Burner,225,155,233,29.95,39.93,0.1,6189.15,1547.29,Sindh,0,7,1,3,2020,8,32,3,216,146.0,143.0,149.0,146.0,148.25,5.1234753829798
2020-08-10,Green Tea Extract,Fat Burner,317,171,257,18.02,24.03,0.09,4109.13,1027.28,KP,1,7,1,1,2020,8,33,3,223,155.0,146.0,143.0,149.0,153.75,12.579745625409124
2020-08-17,Green Tea Extract,Fat Burner,275,147,221,41.74,55.65,0.14,8180.55,2045.14,Balochistan,0,7,1,0,2020,8,34,3,230,171.0,155.0,146.0,143.0,154.75,11.557825631723873
2020-08-24,Green Tea Extract,Fat Burner,215,146,219,9.84,13.12,0.12,1915.52,478.88,KP,1,7,1,1,2020,8,35,3,237,147.0,171.0,155.0,146.0,154.75,11.557825631723873
2020-08-31,Green Tea Extract,Fat Burner,284,151,227,40.5,54.0,0.13,8154.0,2038.5,Balochistan,0,7,1,0,2020,8,36,3,244,146.0,147.0,171.0,155.0,153.75,11.7011395456454
2020-09-07,Green Tea Extract,Fat Burner,64,142,213,21.63,28.84,0.22,4095.28,1023.82,KP,0,7,1,1,2020,9,37,3,251,151.0,146.0,147.0,171.0,146.5,3.696845502136472
2020-09-14,Green Tea Extract,Fat Burner,168,144,216,31.34,41.78,0.09,6016.32,1504.08,Punjab,0,7,1,2,2020,9,38,3,258,142.0,151.0,146.0,147.0,145.75,3.8622100754188233
2020-09-21,Green Tea Extract,Fat Burner,360,159,239,39.19,52.25,0.1,8307.75,2076.94,Balochistan,1,7,1,0,2020,9,39,3,265,144.0,142.0,151.0,146.0,149.0,7.7028133388608975
2020-09-28,Green Tea Extract,Fat Burner,131,151,227,30.02,40.03,0.04,6044.53,1511.13,Balochistan,0,7,1,0,2020,9,40,3,272,159.0,144.0,142.0,151.0,149.0,7.7028133388608975
2020-10-05,Green Tea Extract,Fat Burner,91,149,224,18.08,24.1,0.08,3590.9,897.72,Sindh,0,7,1,3,2020,10,41,4,279,151.0,159.0,144.0,142.0,150.75,6.238322424070969
2020-10-12,Green Tea Extract,Fat Burner,328,146,219,23.8,31.73,0.22,4632.58,1158.15,Punjab,1,7,1,2,2020,10,42,4,286,149.0,151.0,159.0,144.0,151.25,5.560275772537428
2020-10-19,Green Tea Extract,Fat Burner,444,122,183,34.52,46.02,0.07,5614.44,1403.61,KP,1,7,1,1,2020,10,43,4,293,146.0,149.0,151.0,159.0,142.0,13.490737563232038
2020-10-26,Green Tea Extract,Fat Burner,263,161,242,37.28,49.7,0.14,8001.7,2000.43,Sindh,0,7,1,3,2020,10,44,4,300,122.0,146.0,149.0,151.0,144.5,16.34013463836819
2020-11-02,Green Tea Extract,Fat Burner,57,140,210,19.39,25.85,0.07,3619.0,904.75,Sindh,0,7,1,3,2020,11,45,4,307,161.0,122.0,146.0,149.0,142.25,16.132265804901678
2020-11-09,Green Tea Extract,Fat Burner,297,163,245,10.32,13.76,0.03,2242.88,560.72,Sindh,0,7,1,3,2020,11,46,4,314,140.0,161.0,122.0,146.0,146.5,19.364916731037084
2020-11-16,Green Tea Extract,Fat Burner,414,144,216,10.93,14.57,0.19,2098.08,524.52,Balochistan,0,7,1,0,2020,11,47,4,321,163.0,140.0,161.0,122.0,152.0,11.69045194450012
2020-11-23,Green Tea Extract,Fat Burner,483,169,254,43.82,58.42,0.11,9872.98,2468.25,Sindh,1,7,1,3,2020,11,48,4,328,144.0,163.0,140.0,161.0,154.0,14.16568624058385
2020-11-30,Green Tea Extract,Fat Burner,297,170,255,37.32,49.76,0.03,8459.2,2114.8,Punjab,0,7,1,2,2020,11,49,4,335,169.0,144.0,163.0,140.0,161.5,12.06924466015445
2020-12-07,Green Tea Extract,Fat Burner,260,150,225,31.01,41.34,0.09,6201.0,1550.25,Sindh,1,7,1,3,2020,12,50,4,342,170.0,169.0,144.0,163.0,158.25,13.225606476327153
2020-12-14,Green Tea Extract,Fat Burner,422,177,266,36.44,48.59,0.12,8600.43,2150.11,Punjab,0,7,1,2,2020,12,51,4,349,150.0,170.0,169.0,144.0,166.5,11.561430130683085
2020-12-21,Green Tea Extract,Fat Burner,394,136,204,35.96,47.94,0.03,6519.84,1629.96,Balochistan,0,7,1,0,2020,12,52,4,356,177.0,150.0,170.0,169.0,158.25,18.732769861039415
2020-12-28,Green Tea Extract,Fat Burner,486,142,213,35.87,47.82,0.13,6790.44,1697.61,Punjab,0,7,1,2,2020,12,53,4,363,136.0,177.0,150.0,170.0,151.25,18.099263336758582
2021-01-04,Green Tea Extract,Fat Burner,434,133,200,20.66,27.54,0.19,3662.82,915.7,Punjab,0,7,1,2,2021,1,1,1,4,142.0,136.0,177.0,150.0,147.0,20.346989949375804
2021-01-11,Green Tea Extract,Fat Burner,345,129,194,19.19,25.58,0.2,3299.82,824.96,Balochistan,1,7,1,0,2021,1,2,1,11,133.0,142.0,136.0,177.0,135.0,5.477225575051661
2021-01-18,Green Tea Extract,Fat Burner,268,151,227,16.75,22.33,0.11,3371.83,842.96,Punjab,1,7,1,2,2021,1,3,1,18,129.0,133.0,142.0,136.0,138.75,9.810708435174293
2021-01-25,Green Tea Extract,Fat Burner,124,160,240,38.39,51.19,0.16,8190.4,2047.6,Punjab,0,7,1,2,2021,1,4,1,25,151.0,129.0,133.0,142.0,143.25,14.705441169852746
2021-02-01,Green Tea Extract,Fat Burner,124,179,269,19.64,26.18,0.05,4686.22,1171.56,Punjab,0,7,1,2,2021,2,5,1,32,160.0,151.0,129.0,133.0,154.75,20.758532382292028
2021-02-08,Green Tea Extract,Fat Burner,230,148,222,37.28,49.71,0.12,7357.08,1839.27,Punjab,0,7,1,2,2021,2,6,1,39,179.0,160.0,151.0,129.0,159.5,13.964240043768944
2021-02-15,Green Tea Extract,Fat Burner,130,142,213,10.34,13.78,0.21,1956.76,489.19,Balochistan,1,7,1,0,2021,2,7,1,46,148.0,179.0,160.0,151.0,157.25,16.31716887208072
2021-02-22,Green Tea Extract,Fat Burner,427,147,221,19.37,25.82,0.19,3795.54,948.89,KP,1,7,1,1,2021,2,8,1,53,142.0,148.0,179.0,160.0,154.0,16.872067646458355
2021-03-01,Green Tea Extract,Fat Burner,114,146,219,41.11,54.81,0.2,8002.26,2000.57,Balochistan,1,7,1,0,2021,3,9,1,60,147.0,142.0,148.0,179.0,145.75,2.6299556396765884
2021-03-08,Green Tea Extract,Fat Burner,185,148,222,38.55,51.4,0.19,7607.2,1901.8,Punjab,0,7,1,2,2021,3,10,1,67,146.0,147.0,142.0,148.0,145.75,2.6299556396765884
2021-03-15,Green Tea Extract,Fat Burner,398,133,200,16.76,22.35,0.22,2972.55,743.14,Punjab,1,7,1,2,2021,3,11,1,74,148.0,146.0,147.0,142.0,143.5,7.047458170621994
2021-03-22,Green Tea Extract,Fat Burner,464,134,201,12.47,16.63,0.19,2228.42,557.11,Balochistan,0,7,1,0,2021,3,12,1,81,133.0,148.0,146.0,147.0,140.25,7.84750491132904
2021-03-29,Green Tea Extract,Fat Burner,363,140,210,18.83,25.11,0.22,3515.4,878.85,KP,1,7,1,1,2021,3,13,1,88,134.0,133.0,148.0,146.0,138.75,6.898067362191631
2021-04-05,Green Tea Extract,Fat Burner,159,142,213,8.67,11.56,0.24,1641.52,410.38,Balochistan,0,7,1,0,2021,4,14,2,95,140.0,134.0,133.0,148.0,137.25,4.425306015783924
2021-04-12,Green Tea Extract,Fat Burner,216,147,221,8.42,11.23,0.2,1650.81,412.7,Balochistan,1,7,1,0,2021,4,15,2,102,142.0,140.0,134.0,133.0,140.75,5.377421934967235
2021-04-19,Green Tea Extract,Fat Burner,124,150,225,26.15,34.86,0.17,5229.0,1307.25,Punjab,1,7,1,2,2021,4,16,2,109,147.0,142.0,140.0,134.0,144.75,4.573474244670758
2021-04-26,Green Tea Extract,Fat Burner,473,150,225,37.9,50.53,0.18,7579.5,1894.88,Punjab,0,7,1,2,2021,4,17,2,116,150.0,147.0,142.0,140.0,147.25,3.7749172176353842
2021-05-03,Green Tea Extract,Fat Burner,426,157,236,15.01,20.01,0.08,3141.57,785.39,Sindh,1,7,1,3,2021,5,18,2,123,150.0,150.0,147.0,142.0,151.0,4.242640687119294
2021-05-10,Green Tea Extract,Fat Burner,448,151,227,12.8,17.06,0.0,2576.06,644.02,Balochistan,1,7,1,0,2021,5,19,2,130,157.0,150.0,150.0,147.0,152.0,3.366501646120702
2021-05-17,Green Tea Extract,Fat Burner,171,124,186,23.69,31.58,0.06,3915.92,978.98,Balochistan,0,7,1,0,2021,5,20,2,137,151.0,157.0,150.0,150.0,145.5,14.66287829861518
2021-05-24,Green Tea Extract,Fat Burner,130,148,222,39.33,52.44,0.18,7761.12,1940.28,Balochistan,0,7,1,0,2021,5,21,2,144,124.0,151.0,157.0,150.0,145.0,14.491376746189438
2021-05-31,Green Tea Extract,Fat Burner,165,139,209,15.74,20.99,0.11,2917.61,729.4,Sindh,0,7,1,3,2021,5,22,2,151,148.0,124.0,151.0,157.0,140.5,12.12435565298214
2021-06-07,Green Tea Extract,Fat Burner,442,144,216,28.9,38.53,0.11,5548.32,1387.08,Balochistan,1,7,1,0,2021,6,23,2,158,139.0,148.0,124.0,151.0,138.75,10.5
2021-06-14,Green Tea Extract,Fat Burner,481,141,212,38.39,51.19,0.03,7217.79,1804.45,KP,1,7,1,1,2021,6,24,2,165,144.0,139.0,148.0,124.0,143.0,3.9157800414902484
2021-06-21,Green Tea Extract,Fat Burner,296,153,230,28.05,37.4,0.18,5722.2,1430.55,Sindh,0,7,1,3,2021,6,25,2,172,141.0,144.0,139.0,148.0,144.25,6.184658438426493
2021-06-28,Green Tea Extract,Fat Burner,155,150,225,33.61,44.81,0.05,6721.5,1680.38,Balochistan,1,7,1,0,2021,6,26,2,179,153.0,141.0,144.0,139.0,147.0,5.477225575051664
2021-07-05,Green Tea Extract,Fat Burner,264,139,209,16.56,22.08,0.13,3069.12,767.28,Balochistan,1,7,1,0,2021,7,27,3,186,150.0,153.0,141.0,144.0,145.75,6.800735254367724
2021-07-12,Green Tea Extract,Fat Burner,313,174,261,44.18,58.9,0.25,10248.6,2562.15,Balochistan,1,7,1,0,2021,7,28,3,193,139.0,150.0,153.0,141.0,154.0,14.628738838327793
2021-07-19,Green Tea Extract,Fat Burner,165,141,212,10.12,13.49,0.17,1902.09,475.52,Punjab,0,7,1,2,2021,7,29,3,200,174.0,139.0,150.0,153.0,151.0,16.06237840420901
2021-07-26,Green Tea Extract,Fat Burner,69,167,251,22.95,30.6,0.01,5110.2,1277.55,Balochistan,0,7,1,0,2021,7,30,3,207,141.0,174.0,139.0,150.0,155.25,17.85823806165285
2021-08-02,Green Tea Extract,Fat Burner,323,124,186,26.43,35.24,0.04,4369.76,1092.44,KP,0,7,1,1,2021,8,31,3,214,167.0,141.0,174.0,139.0,151.5,23.18764038591824
2021-08-09,Green Tea Extract,Fat Burner,398,141,212,22.91,30.54,0.18,4306.14,1076.54,Sindh,1,7,1,3,2021,8,32,3,221,124.0,167.0,141.0,174.0,143.25,17.74589154330282
2021-08-16,Green Tea Extract,Fat Burner,355,149,224,38.6,51.46,0.11,7667.54,1916.89,Punjab,0,7,1,2,2021,8,33,3,228,141.0,124.0,167.0,141.0,145.25,17.85823806165285
2021-08-23,Green Tea Extract,Fat Burner,264,150,225,44.17,58.89,0.03,8833.5,2208.38,Punjab,1,7,1,2,2021,8,34,3,235,149.0,141.0,124.0,167.0,141.0,12.027745701779141
2021-08-30,Green Tea Extract,Fat Burner,277,160,240,15.17,20.23,0.08,3236.8,809.2,Sindh,1,7,1,3,2021,8,35,3,242,150.0,149.0,141.0,124.0,150.0,7.788880963698617
2021-09-06,Green Tea Extract,Fat Burner,465,137,206,18.21,24.28,0.07,3326.36,831.59,Balochistan,0,7,1,0,2021,9,36,3,249,160.0,150.0,149.0,141.0,149.0,9.41629792788369
2021-09-13,Green Tea Extract,Fat Burner,128,143,215,19.77,26.36,0.06,3769.48,942.37,Punjab,1,7,1,2,2021,9,37,3,256,137.0,160.0,150.0,149.0,147.5,9.882644720249063
2021-09-20,Green Tea Extract,Fat Burner,377,139,209,44.1,58.8,0.08,8173.2,2043.3,Sindh,1,7,1,3,2021,9,38,3,263,143.0,137.0,160.0,150.0,144.75,10.468205831628136
2021-09-27,Green Tea Extract,Fat Burner,284,152,228,22.56,30.08,0.24,4572.16,1143.04,Punjab,0,7,1,2,2021,9,39,3,270,139.0,143.0,137.0,160.0,142.75,6.6520673478250325
2021-10-04,Green Tea Extract,Fat Burner,176,149,224,30.34,40.45,0.07,6027.05,1506.76,KP,0,7,1,1,2021,10,40,4,277,152.0,139.0,143.0,137.0,145.75,5.852349955359812
2021-10-11,Green Tea Extract,Fat Burner,147,147,221,37.16,49.55,0.13,7283.85,1820.96,Balochistan,0,7,1,0,2021,10,41,4,284,149.0,152.0,139.0,143.0,146.75,5.560275772537426
2021-10-18,Green Tea Extract,Fat Burner,79,157,236,13.5,18.0,0.1,2826.0,706.5,KP,1,7,1,1,2021,10,42,4,291,147.0,149.0,152.0,139.0,151.25,4.3493294502332915
2021-10-25,Green Tea Extract,Fat Burner,115,141,212,44.69,59.58,0.05,8400.78,2100.2,Sindh,0,7,1,3,2021,10,43,4,298,157.0,147.0,149.0,152.0,148.5,6.608075867199667
2021-11-01,Green Tea Extract,Fat Burner,329,140,210,37.91,50.55,0.21,7077.0,1769.25,Punjab,1,7,1,2,2021,11,44,4,305,141.0,157.0,147.0,149.0,146.25,7.804912982645396
2021-11-08,Green Tea Extract,Fat Burner,317,166,249,30.53,40.7,0.13,6756.2,1689.05,Sindh,0,7,1,3,2021,11,45,4,312,140.0,141.0,157.0,147.0,151.0,12.675435561221029
2021-11-15,Green Tea Extract,Fat Burner,153,144,216,8.03,10.7,0.0,1540.8,385.2,Sindh,1,7,1,3,2021,11,46,4,319,166.0,140.0,141.0,157.0,147.75,12.284814474246922
2021-11-22,Green Tea Extract,Fat Burner,463,136,204,8.84,11.79,0.18,1603.44,400.86,Punjab,1,7,1,2,2021,11,47,4,326,144.0,166.0,140.0,141.0,146.5,13.403979508588733
2021-11-29,Green Tea Extract,Fat Burner,315,143,215,40.82,54.43,0.06,7783.49,1945.87,Sindh,1,7,1,3,2021,11,48,4,333,136.0,144.0,166.0,140.0,147.25,12.996794476587937
2021-12-06,Green Tea Extract,Fat Burner,365,147,221,21.56,28.74,0.23,4224.78,1056.2,Balochistan,0,7,1,0,2021,12,49,4,340,143.0,136.0,144.0,166.0,142.5,4.654746681256316
2021-12-13,Green Tea Extract,Fat Burner,64,169,254,24.93,33.24,0.25,5617.56,1404.39,Balochistan,0,7,1,0,2021,12,50,4,347,147.0,143.0,136.0,144.0,148.75,14.244882121894399
2021-12-20,Green Tea Extract,Fat Burner,173,151,227,27.2,36.26,0.24,5475.26,1368.82,KP,1,7,1,1,2021,12,51,4,354,169.0,147.0,143.0,136.0,152.5,11.474609652039003
2021-12-27,Green Tea Extract,Fat Burner,484,147,221,39.95,53.27,0.07,7830.69,1957.67,KP,1,7,1,1,2021,12,52,4,361,151.0,169.0,147.0,143.0,153.5,10.503967504392486
2022-01-03,Green Tea Extract,Fat Burner,402,151,227,27.17,36.23,0.14,5470.73,1367.68,Punjab,1,7,1,2,2022,1,1,1,3,147.0,151.0,169.0,147.0,154.5,9.848857801796106
2022-01-10,Green Tea Extract,Fat Burner,376,117,176,14.83,19.77,0.0,2313.09,578.27,Balochistan,0,7,1,0,2022,1,2,1,10,151.0,147.0,151.0,169.0,141.5,16.44181660685136
2022-01-17,Green Tea Extract,Fat Burner,295,131,197,38.9,51.86,0.02,6793.66,1698.42,KP,0,7,1,1,2022,1,3,1,17,117.0,151.0,147.0,151.0,136.5,15.609825965290792
2022-01-24,Green Tea Extract,Fat Burner,244,157,236,18.17,24.23,0.2,3804.11,951.03,KP,1,7,1,1,2022,1,4,1,24,131.0,117.0,151.0,147.0,139.0,18.40289832245635
2022-01-31,Green Tea Extract,Fat Burner,314,148,222,35.12,46.83,0.11,6930.84,1732.71,Sindh,1,7,1,3,2022,1,5,1,31,157.0,131.0,117.0,151.0,138.25,17.802153427792568
2022-02-07,Green Tea Extract,Fat Burner,341,174,261,34.41,45.88,0.19,7983.12,1995.78,KP,1,7,1,1,2022,2,6,1,38,148.0,157.0,131.0,117.0,152.5,17.935068069752802
2022-02-14,Green Tea Extract,Fat Burner,387,175,263,36.43,48.57,0.01,8499.75,2124.94,Balochistan,0,7,1,0,2022,2,7,1,45,174.0,148.0,157.0,131.0,163.5,13.22875655532295
2022-02-21,Green Tea Extract,Fat Burner,367,148,222,30.36,40.48,0.03,5991.04,1497.76,Balochistan,0,7,1,0,2022,2,8,1,52,175.0,174.0,148.0,157.0,161.25,15.305227865013965
2022-02-28,Green Tea Extract,Fat Burner,356,150,225,43.19,57.58,0.24,8637.0,2159.25,Sindh,1,7,1,3,2022,2,9,1,59,148.0,175.0,174.0,148.0,161.75,14.750706197783659
2022-03-07,Green Tea Extract,Fat Burner,354,157,236,27.95,37.27,0.04,5851.39,1462.85,Sindh,1,7,1,3,2022,3,10,1,66,150.0,148.0,175.0,174.0,157.5,12.288205727444502
2022-03-14,Green Tea Extract,Fat Burner,480,153,230,22.61,30.14,0.09,4611.42,1152.86,KP,1,7,1,1,2022,3,11,1,73,157.0,150.0,148.0,175.0,152.0,3.9157800414902204
2022-03-21,Green Tea Extract,Fat Burner,415,150,225,35.79,47.72,0.07,7158.0,1789.5,Sindh,1,7,1,3,2022,3,12,1,80,153.0,157.0,150.0,148.0,152.5,3.316624790355372
2022-03-28,Green Tea Extract,Fat Burner,297,153,230,14.06,18.75,0.22,2868.75,717.19,Punjab,0,7,1,2,2022,3,13,1,87,150.0,153.0,157.0,150.0,153.25,2.872281323268981
2022-04-04,Green Tea Extract,Fat Burner,329,142,213,23.93,31.9,0.08,4529.8,1132.45,Balochistan,0,7,1,0,2022,4,14,2,94,153.0,150.0,153.0,157.0,149.5,5.196152422706613
2022-04-11,Green Tea Extract,Fat Burner,392,174,261,9.08,12.11,0.11,2107.14,526.79,Balochistan,0,7,1,0,2022,4,15,2,101,142.0,153.0,150.0,153.0,154.75,13.647344063956172
2022-04-18,Green Tea Extract,Fat Burner,181,166,249,8.29,11.05,0.12,1834.3,458.58,KP,0,7,1,1,2022,4,16,2,108,174.0,142.0,153.0,150.0,158.75,14.127396551853886
2022-04-25,Green Tea Extract,Fat Burner,379,164,246,10.16,13.54,0.1,2220.56,555.14,Balochistan,1,7,1,0,2022,4,17,2,115,166.0,174.0,142.0,153.0,161.5,13.699148392023003
2022-05-02,Green Tea Extract,Fat Burner,174,156,234,17.33,23.1,0.24,3603.6,900.9,Punjab,1,7,1,2,2022,5,18,2,122,164.0,166.0,174.0,142.0,165.0,7.393691004272929
2022-05-09,Green Tea Extract,Fat Burner,406,158,237,30.53,40.7,0.13,6430.6,1607.65,KP,0,7,1,1,2022,5,19,2,129,156.0,164.0,166.0,174.0,161.0,4.760952285695209
2022-05-16,Green Tea Extract,Fat Burner,362,154,231,22.1,29.46,0.12,4536.84,1134.21,Balochistan,1,7,1,0,2022,5,20,2,136,158.0,156.0,164.0,166.0,158.0,4.320493798938551
2022-05-23,Green Tea Extract,Fat Burner,358,122,183,13.22,17.63,0.21,2150.86,537.72,Balochistan,0,7,1,0,2022,5,21,2,143,154.0,158.0,156.0,164.0,147.5,17.078251276599325
2022-05-30,Green Tea Extract,Fat Burner,281,143,215,36.82,49.09,0.0,7019.87,1754.97,Sindh,1,7,1,3,2022,5,22,2,150,122.0,154.0,158.0,156.0,144.25,16.132265804901674
2022-06-06,Green Tea Extract,Fat Burner,437,143,215,29.26,39.01,0.17,5578.43,1394.61,KP,0,7,1,1,2022,6,23,2,157,143.0,122.0,154.0,158.0,140.5,13.379088160259643
2022-06-13,Green Tea Extract,Fat Burner,378,155,233,12.58,16.77,0.04,2599.35,649.84,Sindh,1,7,1,3,2022,6,24,2,164,143.0,143.0,122.0,154.0,140.75,13.720422734012235
2022-06-20,Green Tea Extract,Fat Burner,265,154,231,38.85,51.8,0.23,7977.2,1994.3,Sindh,0,7,1,3,2022,6,25,2,171,155.0,143.0,143.0,122.0,148.75,6.652067347825018
2022-06-27,Green Tea Extract,Fat Burner,315,172,258,25.55,34.07,0.17,5860.04,1465.01,Punjab,1,7,1,2,2022,6,26,2,178,154.0,155.0,143.0,143.0,156.0,11.97218999737864
2022-07-04,Green Tea Extract,Fat Burner,158,146,219,36.71,48.95,0.09,7146.7,1786.68,Sindh,1,7,1,3,2022,7,27,3,185,172.0,154.0,155.0,143.0,156.75,10.93541646821616
2022-07-11,Green Tea Extract,Fat Burner,144,143,215,15.6,20.8,0.22,2974.4,743.6,KP,0,7,1,1,2022,7,28,3,192,146.0,172.0,154.0,155.0,153.75,13.0224165704117
2022-07-18,Green Tea Extract,Fat Burner,165,148,222,38.54,51.38,0.11,7604.24,1901.06,Balochistan,0,7,1,0,2022,7,29,3,199,143.0,146.0,172.0,154.0,152.25,13.326039671760443
2022-07-25,Green Tea Extract,Fat Burner,77,152,228,8.34,11.12,0.04,1690.24,422.56,Punjab,0,7,1,2,2022,7,30,3,206,148.0,143.0,146.0,172.0,147.25,3.77491721763535
2022-08-01,Green Tea Extract,Fat Burner,411,164,246,39.58,52.77,0.17,8654.28,2163.57,KP,0,7,1,1,2022,8,31,3,213,152.0,148.0,143.0,146.0,151.75,8.958236433584451
2022-08-08,Green Tea Extract,Fat Burner,159,140,210,11.78,15.71,0.14,2199.4,549.85,Sindh,1,7,1,3,2022,8,32,3,220,164.0,152.0,148.0,143.0,151.0,9.999999999999993
2022-08-15,Green Tea Extract,Fat Burner,64,154,231,28.77,38.36,0.22,5907.44,1476.86,Sindh,1,7,1,3,2022,8,33,3,227,140.0,164.0,152.0,148.0,152.5,9.848857801796097
2022-08-22,Green Tea Extract,Fat Burner,376,137,206,38.73,51.64,0.0,7074.68,1768.67,KP,1,7,1,1,2022,8,34,3,234,154.0,140.0,164.0,152.0,148.75,12.579745625409116
2022-08-29,Green Tea Extract,Fat Burner,373,162,243,18.91,25.21,0.12,4084.02,1021.01,Sindh,0,7,1,3,2022,8,35,3,241,137.0,154.0,140.0,164.0,148.25,11.786291472158089
2022-09-05,Green Tea Extract,Fat Burner,231,142,213,30.08,40.11,0.11,5695.62,1423.91,Punjab,0,7,1,2,2022,9,36,3,248,162.0,137.0,154.0,140.0,148.75,11.354147553500724
2022-09-12,Green Tea Extract,Fat Burner,51,132,198,16.76,22.35,0.24,2950.2,737.55,Balochistan,1,7,1,0,2022,9,37,3,255,142.0,162.0,137.0,154.0,143.25,13.14977819838291
2022-09-19,Green Tea Extract,Fat Burner,414,160,240,39.46,52.61,0.24,8417.6,2104.4,KP,0,7,1,1,2022,9,38,3,262,132.0,142.0,162.0,137.0,149.0,14.468356276140463
2022-09-26,Green Tea Extract,Fat Burner,182,127,191,20.48,27.3,0.17,3467.1,866.78,Sindh,0,7,1,3,2022,9,39,3,269,160.0,132.0,142.0,162.0,140.25,14.568802284333454
2022-10-03,Green Tea Extract,Fat Burner,280,153,230,8.81,11.75,0.19,1797.75,449.44,Punjab,0,7,1,2,2022,10,40,4,276,127.0,160.0,132.0,142.0,143.0,15.97915308560917
2022-10-10,Green Tea Extract,Fat Burner,374,146,219,29.57,39.43,0.06,5756.78,1439.2,Sindh,1,7,1,3,2022,10,41,4,283,153.0,127.0,160.0,132.0,146.5,14.200938936093852
2022-10-17,Green Tea Extract,Fat Burner,387,125,188,28.79,38.39,0.09,4798.75,1199.69,KP,1,7,1,1,2022,10,42,4,290,146.0,153.0,127.0,160.0,137.75,13.889444433333768
2022-10-24,Green Tea Extract,Fat Burner,215,151,227,27.73,36.97,0.13,5582.47,1395.62,KP,0,7,1,1,2022,10,43,4,297,125.0,146.0,153.0,127.0,143.75,12.841988423397147
2022-10-31,Green Tea Extract,Fat Burner,366,140,210,22.32,29.76,0.16,4166.4,1041.6,Balochistan,1,7,1,0,2022,10,44,4,304,151.0,125.0,146.0,153.0,140.5,11.26942766958463
2022-11-07,Green Tea Extract,Fat Burner,196,147,221,37.1,49.46,0.13,7270.62,1817.66,Balochistan,0,7,1,0,2022,11,45,4,311,140.0,151.0,125.0,146.0,140.75,11.441882129556584
2022-11-14,Green Tea Extract,Fat Burner,60,144,216,35.48,47.31,0.05,6812.64,1703.16,Balochistan,1,7,1,0,2022,11,46,4,318,147.0,140.0,151.0,125.0,145.5,4.654746681256275
2022-11-21,Green Tea Extract,Fat Burner,251,165,248,20.07,26.76,0.25,4415.4,1103.85,KP,1,7,1,1,2022,11,47,4,325,144.0,147.0,140.0,151.0,149.0,11.045361017187245
2022-11-28,Green Tea Extract,Fat Burner,164,164,246,33.17,44.23,0.05,7253.72,1813.43,Balochistan,1,7,1,0,2022,11,48,4,332,165.0,144.0,147.0,140.0,155.0,11.045361017187245
2022-12-05,Green Tea Extract,Fat Burner,80,167,251,20.9,27.86,0.22,4652.62,1163.16,Sindh,0,7,1,3,2022,12,49,4,339,164.0,165.0,144.0,147.0,160.0,10.739335795724662
2022-12-12,Green Tea Extract,Fat Burner,289,134,201,33.47,44.62,0.16,5979.08,1494.77,KP,1,7,1,1,2022,12,50,4,346,167.0,164.0,165.0,144.0,157.5,15.716233645501704
2022-12-19,Green Tea Extract,Fat Burner,368,127,191,27.89,37.19,0.18,4723.13,1180.78,Sindh,0,7,1,3,2022,12,51,4,353,134.0,167.0,164.0,165.0,148.0,20.44504830026087
2022-12-26,Green Tea Extract,Fat Burner,357,146,219,31.91,42.54,0.04,6210.84,1552.71,Punjab,0,7,1,2,2022,12,52,4,360,127.0,134.0,167.0,164.0,143.5,17.521415467935224
2023-01-02,Green Tea Extract,Fat Burner,290,151,227,20.34,27.12,0.02,4095.12,1023.78,KP,1,7,1,1,2023,1,1,1,2,146.0,127.0,134.0,167.0,139.5,10.969655114602874
2023-01-09,Green Tea Extract,Fat Burner,279,144,216,27.35,36.46,0.11,5250.24,1312.56,Balochistan,0,7,1,0,2023,1,2,1,9,151.0,146.0,127.0,134.0,142.0,10.424330514074576
2023-01-16,Green Tea Extract,Fat Burner,456,141,212,17.69,23.58,0.01,3324.78,831.2,Punjab,1,7,1,2,2023,1,3,1,16,144.0,151.0,146.0,127.0,145.5,4.203173404306123
2023-01-23,Green Tea Extract,Fat Burner,210,150,225,42.65,56.86,0.15,8529.0,2132.25,Sindh,1,7,1,3,2023,1,4,1,23,141.0,144.0,151.0,146.0,146.5,4.795831523312683
2023-01-30,Green Tea Extract,Fat Burner,103,152,228,19.03,25.37,0.17,3856.24,964.06,KP,1,7,1,1,2023,1,5,1,30,150.0,141.0,144.0,151.0,146.75,5.123475382979765
2023-02-06,Green Tea Extract,Fat Burner,298,147,221,37.87,50.49,0.1,7422.03,1855.51,Punjab,1,7,1,2,2023,2,6,1,37,152.0,150.0,141.0,144.0,147.5,4.795831523312684
2023-02-13,Green Tea Extract,Fat Burner,337,146,219,28.16,37.55,0.03,5482.3,1370.58,Balochistan,0,7,1,0,2023,2,7,1,44,147.0,152.0,150.0,141.0,148.75,2.75378527364299
2023-02-20,Green Tea Extract,Fat Burner,418,124,186,33.19,44.25,0.05,5487.0,1371.75,Punjab,1,7,1,2,2023,2,8,1,51,146.0,147.0,152.0,150.0,142.25,12.446552400832383
2023-02-27,Green Tea Extract,Fat Burner,73,164,246,17.51,23.34,0.03,3827.76,956.94,Sindh,1,7,1,3,2023,2,9,1,58,124.0,146.0,147.0,152.0,145.25,16.39867880857072
2023-03-06,Green Tea Extract,Fat Burner,312,152,228,26.08,34.77,0.24,5285.04,1321.26,KP,1,7,1,1,2023,3,10,1,65,164.0,124.0,146.0,147.0,146.5,16.7630546142402
2023-03-13,Green Tea Extract,Fat Burner,347,172,258,23.39,31.19,0.0,5364.68,1341.17,Balochistan,0,7,1,0,2023,3,11,1,72,152.0,164.0,124.0,146.0,153.0,21.007935008784965
2023-03-20,Green Tea Extract,Fat Burner,238,125,188,21.75,29.0,0.01,3625.0,906.25,Punjab,0,7,1,2,2023,3,12,1,79,172.0,152.0,164.0,124.0,153.25,20.54872258803451
2023-03-27,Green Tea Extract,Fat Burner,412,146,219,39.48,52.64,0.16,7685.44,1921.36,Balochistan,1,7,1,0,2023,3,13,1,86,125.0,172.0,152.0,164.0,148.75,19.345542122153095
2023-04-03,Green Tea Extract,Fat Burner,408,151,227,9.61,12.81,0.16,1934.31,483.58,Punjab,0,7,1,2,2023,4,14,2,93,146.0,125.0,172.0,152.0,148.5,19.295940851208396
2023-04-10,Green Tea Extract,Fat Burner,422,154,231,8.15,10.86,0.08,1672.44,418.11,Sindh,0,7,1,3,2023,4,15,2,100,151.0,146.0,125.0,172.0,144.0,13.08943594404789
2023-04-17,Green Tea Extract,Fat Burner,66,160,240,23.26,31.01,0.02,4961.6,1240.4,KP,1,7,1,1,2023,4,16,2,107,154.0,151.0,146.0,125.0,152.75,5.852349955359767
2023-04-24,Green Tea Extract,Fat Burner,363,160,240,32.77,43.69,0.01,6990.4,1747.6,KP,1,7,1,1,2023,4,17,2,114,160.0,154.0,151.0,146.0,156.25,4.499999999999941
2023-05-01,Green Tea Extract,Fat Burner,452,148,222,27.98,37.31,0.16,5521.88,1380.47,KP,0,7,1,1,2023,5,18,2,121,160.0,160.0,154.0,151.0,155.5,5.744562646537982
2023-05-08,Green Tea Extract,Fat Burner,292,150,225,10.36,13.81,0.09,2071.5,517.88,Balochistan,0,7,1,0,2023,5,19,2,128,148.0,160.0,160.0,154.0,154.5,6.403124237432807
2023-05-15,Green Tea Extract,Fat Burner,344,123,185,31.44,41.92,0.21,5156.16,1289.04,Sindh,0,7,1,3,2023,5,20,2,135,150.0,148.0,160.0,160.0,145.25,15.73478100684381
2023-05-22,Green Tea Extract,Fat Burner,283,163,245,27.28,36.37,0.05,5928.31,1482.08,KP,0,7,1,1,2023,5,21,2,142,123.0,150.0,148.0,160.0,146.0,16.713268182295547
2023-05-29,Green Tea Extract,Fat Burner,354,145,218,43.74,58.32,0.09,8456.4,2114.1,Balochistan,1,7,1,0,2023,5,22,2,149,163.0,123.0,150.0,148.0,145.25,16.660832312142535
2023-06-05,Green Tea Extract,Fat Burner,115,142,213,43.77,58.36,0.02,8287.12,2071.78,Balochistan,0,7,1,0,2023,6,23,2,156,145.0,163.0,123.0,150.0,143.25,16.378339354159184
2023-06-12,Green Tea Extract,Fat Burner,460,165,248,28.29,37.72,0.15,6223.8,1555.95,KP,1,7,1,1,2023,6,24,2,163,142.0,145.0,163.0,123.0,153.75,11.926860441876538
2023-06-19,Green Tea Extract,Fat Burner,387,154,231,20.03,26.7,0.21,4111.8,1027.95,Sindh,1,7,1,3,2023,6,25,2,170,165.0,142.0,145.0,163.0,151.5,10.344080432788573
2023-06-26,Green Tea Extract,Fat Burner,380,147,221,43.25,57.67,0.02,8477.49,2119.37,KP,1,7,1,1,2023,6,26,2,177,154.0,165.0,142.0,145.0,152.0,9.966610925150674
2023-07-03,Green Tea Extract,Fat Burner,77,146,219,7.64,10.18,0.15,1486.28,371.57,Sindh,1,7,1,3,2023,7,27,3,184,147.0,154.0,165.0,142.0,153.0,8.755950357709098
2023-07-10,Green Tea Extract,Fat Burner,126,156,234,25.86,34.48,0.03,5378.88,1344.72,Balochistan,1,7,1,0,2023,7,28,3,191,146.0,147.0,154.0,165.0,150.75,4.991659710623921
2023-07-17,Green Tea Extract,Fat Burner,476,124,186,26.81,35.75,0.12,4433.0,1108.25,KP,1,7,1,1,2023,7,29,3,198,156.0,146.0,147.0,154.0,143.25,13.598406769422146
2023-07-24,Green Tea Extract,Fat Burner,325,124,186,34.91,46.55,0.13,5772.2,1443.05,Balochistan,0,7,1,0,2023,7,30,3,205,124.0,156.0,146.0,147.0,137.5,16.11417595369574
2023-07-31,Green Tea Extract,Fat Burner,110,134,201,27.35,36.46,0.13,4885.64,1221.41,Punjab,0,7,1,2,2023,7,31,3,212,124.0,124.0,156.0,146.0,134.5,15.088627063675013
2023-08-07,Green Tea Extract,Fat Burner,201,147,221,19.88,26.51,0.18,3896.97,974.24,Sindh,1,7,1,3,2023,8,32,3,219,134.0,124.0,124.0,156.0,132.25,10.90489186863703
2023-08-14,Green Tea Extract,Fat Burner,219,158,237,7.86,10.48,0.24,1655.84,413.96,KP,0,7,1,1,2023,8,33,3,226,147.0,134.0,124.0,124.0,140.75,14.86326567974434
2023-08-21,Green Tea Extract,Fat Burner,304,122,183,39.51,52.68,0.19,6426.96,1606.74,Sindh,1,7,1,3,2023,8,34,3,233,158.0,147.0,134.0,124.0,140.25,15.628499608087761
2023-08-28,Green Tea Extract,Fat Burner,77,137,206,44.66,59.54,0.21,8156.98,2039.25,Balochistan,0,7,1,0,2023,8,35,3,240,122.0,158.0,147.0,134.0,141.0,15.297058540778332
2023-09-04,Green Tea Extract,Fat Burner,470,153,230,20.73,27.64,0.14,4228.92,1057.23,Balochistan,1,7,1,0,2023,9,36,3,247,137.0,122.0,158.0,147.0,142.5,16.34013463836817
2023-09-11,Green Tea Extract,Fat Burner,156,132,198,15.32,20.42,0.07,2695.44,673.86,Punjab,0,7,1,2,2023,9,37,3,254,153.0,137.0,122.0,158.0,136.0,12.935738607954812
2023-09-18,Green Tea Extract,Fat Burner,252,175,263,37.04,49.39,0.16,8643.25,2160.81,Balochistan,0,7,1,0,2023,9,38,3,261,132.0,153.0,137.0,122.0,149.25,19.362764954072706
2023-09-25,Green Tea Extract,Fat Burner,92,141,212,40.84,54.45,0.19,7677.45,1919.36,Sindh,1,7,1,3,2023,9,39,3,268,175.0,132.0,153.0,137.0,150.25,18.607794065928385
2023-10-02,Green Tea Extract,Fat Burner,121,154,231,36.68,48.9,0.11,7530.6,1882.65,KP,1,7,1,1,2023,10,40,4,275,141.0,175.0,132.0,153.0,150.5,18.663690238892546
2023-10-09,Green Tea Extract,Fat Burner,495,144,216,19.94,26.59,0.12,3828.96,957.24,Balochistan,0,7,1,0,2023,10,41,4,282,154.0,141.0,175.0,132.0,153.5,15.373136743466928
2023-10-16,Green Tea Extract,Fat Burner,296,152,228,31.6,42.13,0.08,6403.76,1600.94,Balochistan,1,7,1,0,2023,10,42,4,289,144.0,154.0,141.0,175.0,147.75,6.238322424070938
2023-10-23,Green Tea Extract,Fat Burner,438,135,203,20.89,27.85,0.14,3759.75,939.94,Balochistan,1,7,1,0,2023,10,43,4,296,152.0,144.0,154.0,141.0,146.25,8.655441448399168
2023-10-30,Green Tea Extract,Fat Burner,417,152,228,35.47,47.29,0.05,7188.08,1797.02,Balochistan,0,7,1,0,2023,10,44,4,303,135.0,152.0,144.0,154.0,145.75,8.098353742170872
2023-11-06,Green Tea Extract,Fat Burner,358,135,203,14.5,19.33,0.06,2609.55,652.39,KP,0,7,1,1,2023,11,45,4,310,152.0,135.0,152.0,144.0,143.5,9.81495457622362
2023-11-13,Green Tea Extract,Fat Burner,277,158,237,26.27,35.03,0.24,5534.74,1383.69,Punjab,1,7,1,2,2023,11,46,4,317,135.0,152.0,135.0,152.0,145.0,11.803954139750502
2023-11-20,Green Tea Extract,Fat Burner,448,154,231,7.58,10.1,0.23,1555.4,388.85,KP,0,7,1,1,2023,11,47,4,324,158.0,135.0,152.0,135.0,149.75,10.144785195688783
2023-11-27,Green Tea Extract,Fat Burner,104,164,246,8.73,11.64,0.06,1908.96,477.24,KP,1,7,1,1,2023,11,48,4,331,154.0,158.0,135.0,152.0,152.75,12.526638282742352
2023-12-04,Green Tea Extract,Fat Burner,462,178,267,35.48,47.3,0.16,8419.4,2104.85,KP,1,7,1,1,2023,12,49,4,338,164.0,154.0,158.0,135.0,163.5,10.503967504392474
2023-12-11,Green Tea Extract,Fat Burner,285,153,230,38.98,51.97,0.19,7951.41,1987.85,Balochistan,0,7,1,0,2023,12,50,4,345,178.0,164.0,154.0,158.0,162.25,11.615363389350607
2023-12-18,Green Tea Extract,Fat Burner,416,150,225,24.35,32.47,0.22,4870.5,1217.63,KP,0,7,1,1,2023,12,51,4,352,153.0,178.0,164.0,154.0,161.25,12.685293322058676
2023-12-25,Green Tea Extract,Fat Burner,360,147,221,44.08,58.77,0.03,8639.19,2159.8,Punjab,1,7,1,2,2023,12,52,4,359,150.0,153.0,178.0,164.0,157.0,14.212670403551888
2024-01-01,Green Tea Extract,Fat Burner,411,150,225,10.1,13.46,0.19,2019.0,504.75,Sindh,1,7,1,3,2024,1,1,1,1,147.0,150.0,153.0,178.0,150.0,2.4494897427831317
2024-01-08,Green Tea Extract,Fat Burner,263,139,209,40.97,54.63,0.13,7593.57,1898.39,KP,1,7,1,1,2024,1,2,1,8,150.0,147.0,150.0,153.0,146.5,5.19615242270661
2024-01-15,Green Tea Extract,Fat Burner,211,148,222,33.77,45.02,0.03,6662.96,1665.74,KP,1,7,1,1,2024,1,3,1,15,139.0,150.0,147.0,150.0,146.0,4.8304589153964566
2024-01-22,Green Tea Extract,Fat Burner,152,150,225,44.84,59.79,0.22,8968.5,2242.13,Balochistan,0,7,1,0,2024,1,4,1,22,148.0,139.0,150.0,147.0,146.75,5.251983752196223
2024-01-29,Green Tea Extract,Fat Burner,163,126,189,23.7,31.6,0.08,3981.6,995.4,KP,0,7,1,1,2024,1,5,1,29,150.0,148.0,139.0,150.0,140.75,10.935416468216154
2024-02-05,Green Tea Extract,Fat Burner,448,161,242,43.08,57.44,0.14,9247.84,2311.96,Punjab,0,7,1,2,2024,2,6,1,36,126.0,150.0,148.0,139.0,146.25,14.660036380127655
2024-02-12,Green Tea Extract,Fat Burner,281,136,204,33.41,44.55,0.2,6058.8,1514.7,Balochistan,1,7,1,0,2024,2,7,1,43,161.0,126.0,150.0,148.0,143.25,15.392097539538472
2024-02-19,Green Tea Extract,Fat Burner,452,155,233,14.63,19.51,0.11,3024.05,756.01,KP,1,7,1,1,2024,2,8,1,50,136.0,161.0,126.0,150.0,144.5,16.299284237863525
2024-02-26,Green Tea Extract,Fat Burner,427,166,249,18.57,24.76,0.07,4110.16,1027.54,KP,1,7,1,1,2024,2,9,1,57,155.0,136.0,161.0,126.0,154.5,13.127579111676804
2024-03-04,Green Tea Extract,Fat Burner,429,150,225,41.2,54.93,0.06,8239.5,2059.88,Punjab,1,7,1,2,2024,3,10,1,64,166.0,155.0,136.0,161.0,151.75,12.446552400832388
2024-03-11,Green Tea Extract,Fat Burner,247,158,237,23.49,31.32,0.23,4948.56,1237.14,Balochistan,1,7,1,0,2024,3,11,1,71,150.0,166.0,155.0,136.0,157.25,6.7019897542943525
2024-03-18,Green Tea Extract,Fat Burner,406,143,215,35.69,47.58,0.2,6803.94,1700.99,Punjab,1,7,1,2,2024,3,12,1,78,158.0,150.0,166.0,155.0,154.25,9.945685831890453
2024-03-25,Green Tea Extract,Fat Burner,462,143,215,13.56,18.08,0.0,2585.44,646.36,Sindh,0,7,1,3,2024,3,13,1,85,143.0,158.0,150.0,166.0,148.5,7.141428428542841
2024-04-01,Green Tea Extract,Fat Burner,394,162,243,25.76,34.34,0.06,5563.08,1390.77,Sindh,1,7,1,3,2024,4,14,2,92,143.0,143.0,158.0,150.0,151.5,9.949874371066192
2024-04-08,Green Tea Extract,Fat Burner,163,139,209,29.96,39.94,0.19,5551.66,1387.92,Punjab,1,7,1,2,2024,4,15,2,99,162.0,143.0,143.0,158.0,146.75,10.340051579497395
2024-04-15,Green Tea Extract,Fat Burner,346,150,225,18.85,25.13,0.24,3769.5,942.38,Sindh,0,7,1,3,2024,4,16,2,106,139.0,162.0,143.0,143.0,148.5,10.082988974836113
2024-04-22,Green Tea Extract,Fat Burner,171,154,231,34.49,45.99,0.14,7082.46,1770.62,Sindh,1,7,1,3,2024,4,17,2,113,150.0,139.0,162.0,143.0,151.25,9.569918146637058
2024-04-29,Green Tea Extract,Fat Burner,403,143,215,23.58,31.44,0.19,4495.92,1123.98,Punjab,1,7,1,2,2024,4,18,2,120,154.0,150.0,139.0,162.0,146.5,6.757711644237754
2024-05-06,Green Tea Extract,Fat Burner,436,172,258,10.22,13.63,0.25,2344.36,586.09,Punjab,1,7,1,2,2024,5,19,2,127,143.0,154.0,150.0,139.0,154.75,12.365947867699692
2024-05-13,Green Tea Extract,Fat Burner,205,144,216,15.59,20.78,0.22,2992.32,748.08,Balochistan,0,7,1,0,2024,5,20,2,134,172.0,143.0,154.0,150.0,153.25,13.450526631573448
2024-05-20,Green Tea Extract,Fat Burner,227,136,204,7.73,10.3,0.03,1400.8,350.2,Punjab,1,7,1,2,2024,5,21,2,141,144.0,172.0,143.0,154.0,148.75,15.903353943953663
2024-05-27,Green Tea Extract,Fat Burner,264,156,234,8.34,11.12,0.01,1734.72,433.68,KP,1,7,1,1,2024,5,22,2,148,136.0,144.0,172.0,143.0,152.0,15.663120165960972
2024-06-03,Green Tea Extract,Fat Burner,128,154,231,36.7,48.93,0.07,7535.22,1883.81,Sindh,1,7,1,3,2024,6,23,2,155,156.0,136.0,144.0,172.0,147.5,9.291573243177568
2024-06-10,Green Tea Extract,Fat Burner,397,141,212,33.43,44.57,0.17,6284.37,1571.09,Sindh,1,7,1,3,2024,6,24,2,162,154.0,156.0,136.0,144.0,146.75,9.776672917374974
2024-06-17,Green Tea Extract,Fat Burner,305,124,186,28.28,37.7,0.16,4674.8,1168.7,Balochistan,0,7,1,0,2024,6,25,2,169,141.0,154.0,156.0,136.0,143.75,14.75070619778366
2024-06-24,Green Tea Extract,Fat Burner,399,163,245,7.99,10.65,0.05,1735.95,433.99,Sindh,1,7,1,3,2024,6,26,2,176,124.0,141.0,154.0,156.0,145.5,16.941074346097416
2024-07-01,Green Tea Extract,Fat Burner,224,160,240,26.04,34.72,0.09,5555.2,1388.8,KP,1,7,1,1,2024,7,27,3,183,163.0,124.0,141.0,154.0,147.0,18.16590212458495
2024-07-08,Green Tea Extract,Fat Burner,109,143,215,41.1,54.8,0.03,7836.4,1959.1,KP,0,7,1,1,2024,7,28,3,190,160.0,163.0,124.0,141.0,147.5,17.97220075561143
2024-07-15,Green Tea Extract,Fat Burner,148,157,236,15.38,20.5,0.12,3218.5,804.63,Sindh,0,7,1,3,2024,7,29,3,197,143.0,160.0,163.0,124.0,155.75,8.84590300647706
2024-07-22,Green Tea Extract,Fat Burner,231,147,221,37.6,50.13,0.07,7369.11,1842.28,KP,0,7,1,1,2024,7,30,3,204,157.0,143.0,160.0,163.0,151.75,8.057087976847876
2024-07-29,Green Tea Extract,Fat Burner,429,162,243,34.57,46.09,0.02,7466.58,1866.65,Balochistan,0,7,1,0,2024,7,31,3,211,147.0,157.0,143.0,160.0,152.25,8.770214744615243
2024-08-05,Green Tea Extract,Fat Burner,205,145,218,23.75,31.66,0.23,4590.7,1147.68,Punjab,1,7,1,2,2024,8,32,3,218,162.0,147.0,157.0,143.0,152.75,8.098353742170891
2024-08-12,Green Tea Extract,Fat Burner,290,162,243,12.17,16.23,0.23,2629.26,657.32,KP,1,7,1,1,2024,8,33,3,225,145.0,162.0,147.0,157.0,154.0,9.2736184954957
2024-08-19,Green Tea Extract,Fat Burner,426,144,216,36.73,48.97,0.23,7051.68,1762.92,Balochistan,0,7,1,0,2024,8,34,3,232,162.0,145.0,162.0,147.0,153.25,10.111874208078339
2024-08-26,Green Tea Extract,Fat Burner,124,140,210,33.61,44.81,0.24,6273.4,1568.35,Punjab,1,7,1,2,2024,8,35,3,239,144.0,162.0,145.0,162.0,147.75,9.742518497116986
2024-09-02,Green Tea Extract,Fat Burner,358,160,240,29.52,39.36,0.24,6297.6,1574.4,Punjab,0,7,1,2,2024,9,36,3,246,140.0,144.0,162.0,145.0,151.5,11.120551545074852
2024-09-09,Green Tea Extract,Fat Burner,186,141,212,42.77,57.03,0.06,8041.23,2010.31,Sindh,0,7,1,3,2024,9,37,3,253,160.0,140.0,144.0,162.0,146.25,9.322910847297997
2024-09-16,Green Tea Extract,Fat Burner,493,140,210,28.08,37.44,0.23,5241.6,1310.4,Punjab,0,7,1,2,2024,9,38,3,260,141.0,160.0,140.0,144.0,145.25,9.844626283748239
2024-09-23,Green Tea Extract,Fat Burner,83,142,213,37.37,49.83,0.11,7075.86,1768.97,Balochistan,0,7,1,0,2024,9,39,3,267,140.0,141.0,160.0,140.0,145.75,9.535023160258536
2024-09-30,Green Tea Extract,Fat Burner,377,129,194,34.07,45.43,0.19,5860.47,1465.12,Punjab,1,7,1,2,2024,9,40,3,274,142.0,140.0,141.0,160.0,138.0,6.0553007081949835
2024-10-07,Green Tea Extract,Fat Burner,359,147,221,39.14,52.18,0.02,7670.46,1917.62,KP,0,7,1,1,2024,10,41,4,281,129.0,142.0,140.0,141.0,139.5,7.593857166596345
2024-10-14,Green Tea Extract,Fat Burner,205,145,218,28.77,38.36,0.05,5562.2,1390.55,Punjab,0,7,1,2,2024,10,42,4,288,147.0,129.0,142.0,140.0,140.75,8.098353742170895
2024-10-21,Green Tea Extract,Fat Burner,408,146,219,40.97,54.63,0.22,7975.98,1994.0,Punjab,0,7,1,2,2024,10,43,4,295,145.0,147.0,129.0,142.0,141.75,8.539125638299664
2024-10-28,Green Tea Extract,Fat Burner,331,174,261,9.08,12.1,0.03,2105.4,526.35,Punjab,1,7,1,2,2024,10,44,4,302,146.0,145.0,147.0,129.0,153.0,14.023789311975086
2024-11-04,Green Tea Extract,Fat Burner,95,155,233,34.39,45.85,0.02,7106.75,1776.69,Balochistan,1,7,1,0,2024,11,45,4,309,174.0,146.0,145.0,147.0,155.0,13.4412301024373
2024-11-11,Green Tea Extract,Fat Burner,427,136,204,26.66,35.54,0.13,4833.44,1208.36,Punjab,1,7,1,2,2024,11,46,4,316,155.0,174.0,146.0,145.0,152.75,16.152915113584505
2024-11-18,Green Tea Extract,Fat Burner,319,145,218,31.57,42.09,0.19,6103.05,1525.76,KP,0,7,1,1,2024,11,47,4,323,136.0,155.0,174.0,146.0,152.5,16.299284237863535
2024-11-25,Green Tea Extract,Fat Burner,255,148,222,41.79,55.72,0.06,8246.56,2061.64,KP,1,7,1,1,2024,11,48,4,330,145.0,136.0,155.0,174.0,146.0,7.874007874011815
2024-12-02,Green Tea Extract,Fat Burner,430,153,230,38.63,51.51,0.06,7881.03,1970.26,Balochistan,1,7,1,0,2024,12,49,4,337,148.0,145.0,136.0,155.0,145.5,7.141428428542854
2024-12-09,Green Tea Extract,Fat Burner,113,139,209,14.42,19.22,0.02,2671.58,667.9,Sindh,1,7,1,3,2024,12,50,4,344,153.0,148.0,145.0,136.0,146.25,5.852349955359818
2024-12-16,Green Tea Extract,Fat Burner,64,160,240,38.53,51.37,0.19,8219.2,2054.8,KP,0,7,1,1,2024,12,51,4,351,139.0,153.0,148.0,145.0,150.0,8.831760866327853
2024-12-23,Green Tea Extract,Fat Burner,202,167,251,20.2,26.93,0.06,4497.31,1124.33,KP,0,7,1,1,2024,12,52,4,358,160.0,139.0,153.0,148.0,154.75,11.954775893619539
2024-12-30,Green Tea Extract,Fat Burner,202,183,275,41.75,55.67,0.11,10187.61,2546.9,Balochistan,0,7,1,0,2024,12,1,4,365,167.0,160.0,139.0,153.0,162.25,18.24600412875835
2025-01-06,Green Tea Extract,Fat Burner,493,129,194,17.21,22.94,0.19,2959.26,739.82,Balochistan,1,7,1,0,2025,1,2,1,6,183.0,167.0,160.0,139.0,159.75,22.64766360282373
2025-01-13,Green Tea Extract,Fat Burner,200,144,216,11.18,14.91,0.23,2147.04,536.76,Balochistan,1,7,1,0,2025,1,3,1,13,129.0,183.0,167.0,160.0,155.75,23.96351393264352
2025-01-20,Green Tea Extract,Fat Burner,214,158,237,43.57,58.09,0.1,9178.22,2294.56,KP,0,7,1,1,2025,1,4,1,20,144.0,129.0,183.0,167.0,153.5,22.956480566497994
2025-01-27,Green Tea Extract,Fat Burner,342,138,207,31.82,42.43,0.15,5855.34,1463.84,Punjab,1,7,1,2,2025,1,5,1,27,158.0,144.0,129.0,183.0,142.25,12.175795661885918
2025-02-03,Green Tea Extract,Fat Burner,455,151,227,17.84,23.79,0.13,3592.29,898.07,Punjab,0,7,1,2,2025,2,6,1,34,138.0,158.0,144.0,129.0,147.75,8.65544144839919
2025-02-10,Green Tea Extract,Fat Burner,205,160,240,43.85,58.46,0.16,9353.6,2338.4,Sindh,0,7,1,3,2025,2,7,1,41,151.0,138.0,158.0,144.0,151.75,9.945685831890462
2025-02-17,Green Tea Extract,Fat Burner,479,125,188,41.13,54.84,0.06,6855.0,1713.75,Sindh,1,7,1,3,2025,2,8,1,48,160.0,151.0,138.0,158.0,143.5,15.286159317064133
2025-02-24,Green Tea Extract,Fat Burner,124,177,266,23.84,31.79,0.13,5626.83,1406.71,Punjab,1,7,1,2,2025,2,9,1,55,125.0,160.0,151.0,138.0,153.25,21.700614430625382
2025-03-03,Green Tea Extract,Fat Burner,227,154,231,36.11,48.14,0.16,7413.56,1853.39,KP,0,7,1,1,2025,3,10,1,62,177.0,125.0,160.0,151.0,154.0,21.648710508172687
2025-03-10,Green Tea Extract,Fat Burner,58,143,215,9.47,12.62,0.25,1804.66,451.17,Balochistan,0,7,1,0,2025,3,11,1,69,154.0,177.0,125.0,160.0,149.75,21.74664725116648
2025-03-17,Green Tea Extract,Fat Burner,134,167,251,24.82,33.09,0.25,5526.03,1381.51,KP,0,7,1,1,2025,3,12,1,76,143.0,154.0,177.0,125.0,160.25,14.863265679744359
2025-03-24,Green Tea Extract,Fat Burner,363,150,225,10.02,13.36,0.01,2004.0,501.0,KP,0,7,1,1,2025,3,13,1,83,167.0,143.0,154.0,177.0,153.5,10.082988974836105
2025-03-31,Green Tea Extract,Fat Burner,105,139,209,15.3,20.4,0.12,2835.6,708.9,Sindh,0,7,1,3,2025,3,14,1,90,150.0,167.0,143.0,154.0,149.75,12.365947867699688
2020-02-03,Iron Supplement,Mineral,324,136,204,28.49,37.99,0.13,5166.64,1291.66,KP,1,8,4,1,2020,2,6,1,34,165.0,155.0,163.0,149.0,154.75,13.225606476327151
2020-02-10,Iron Supplement,Mineral,104,163,245,40.23,53.64,0.03,8743.32,2185.83,Sindh,0,8,4,3,2020,2,7,1,41,136.0,165.0,155.0,163.0,154.75,13.225606476327151
2020-02-17,Iron Supplement,Mineral,110,150,225,42.44,56.59,0.1,8488.5,2122.13,Balochistan,1,8,4,0,2020,2,8,1,48,163.0,136.0,165.0,155.0,153.5,13.428824718989123
2020-02-24,Iron Supplement,Mineral,59,158,237,21.55,28.73,0.04,4539.34,1134.84,Sindh,0,8,4,3,2020,2,9,1,55,150.0,163.0,136.0,165.0,151.75,11.786291472158094
2020-03-02,Iron Supplement,Mineral,165,151,227,12.4,16.53,0.2,2496.03,624.01,KP,1,8,4,1,2020,3,10,1,62,158.0,150.0,163.0,136.0,155.5,6.137317546507318
2020-03-09,Iron Supplement,Mineral,460,151,227,10.38,13.84,0.13,2089.84,522.46,Punjab,0,8,4,2,2020,3,11,1,69,151.0,158.0,150.0,163.0,152.5,3.6968455021364646
2020-03-16,Iron Supplement,Mineral,255,178,267,18.68,24.9,0.03,4432.2,1108.05,KP,1,8,4,1,2020,3,12,1,76,151.0,151.0,158.0,150.0,159.5,12.767145334803699
2020-03-23,Iron Supplement,Mineral,323,159,239,9.67,12.89,0.24,2049.51,512.38,KP,1,8,4,1,2020,3,13,1,83,178.0,151.0,151.0,158.0,159.75,12.737739202856991
2020-03-30,Iron Supplement,Mineral,186,158,237,23.58,31.44,0.01,4967.52,1241.88,Punjab,0,8,4,2,2020,3,14,1,90,159.0,178.0,151.0,151.0,161.5,11.561430130683078
2020-04-06,Iron Supplement,Mineral,361,143,215,16.14,21.52,0.0,3077.36,769.34,KP,1,8,4,1,2020,4,15,2,97,158.0,159.0,178.0,151.0,159.5,14.341083176199298
2020-04-13,Iron Supplement,Mineral,327,136,204,18.38,24.5,0.22,3332.0,833.0,Sindh,1,8,4,3,2020,4,16,2,104,143.0,158.0,159.0,178.0,149.0,11.343133018115703
2020-04-20,Iron Supplement,Mineral,151,159,239,15.1,20.13,0.15,3200.67,800.17,Balochistan,1,8,4,0,2020,4,17,2,111,136.0,143.0,158.0,159.0,149.0,11.343133018115703
2020-04-27,Iron Supplement,Mineral,126,124,186,42.27,56.36,0.03,6988.64,1747.16,KP,0,8,4,1,2020,4,18,2,118,159.0,136.0,143.0,158.0,140.5,14.617341299520465
2020-05-04,Iron Supplement,Mineral,51,166,249,27.47,36.63,0.03,6080.58,1520.15,Sindh,1,8,4,3,2020,5,19,2,125,124.0,159.0,136.0,143.0,146.25,19.60229578391266
2020-05-11,Iron Supplement,Mineral,336,168,252,41.56,55.41,0.19,9308.88,2327.22,KP,0,8,4,1,2020,5,20,2,132,166.0,124.0,159.0,136.0,154.25,20.53249457161339
2020-05-18,Iron Supplement,Mineral,114,140,210,36.17,48.22,0.16,6750.8,1687.7,Punjab,1,8,4,2,2020,5,21,2,139,168.0,166.0,124.0,159.0,149.5,21.252450839060106
2020-05-25,Iron Supplement,Mineral,436,130,195,10.16,13.55,0.05,1761.5,440.38,KP,0,8,4,1,2020,5,22,2,146,140.0,168.0,166.0,124.0,151.0,18.93849694845572
2020-06-01,Iron Supplement,Mineral,434,135,203,14.45,19.26,0.07,2600.1,650.03,Sindh,0,8,4,3,2020,6,23,2,153,130.0,140.0,168.0,166.0,143.25,16.99754884289693
2020-06-08,Iron Supplement,Mineral,498,159,239,36.48,48.64,0.06,7733.76,1933.44,Punjab,1,8,4,2,2020,6,24,2,160,135.0,130.0,140.0,168.0,141.0,12.675435561221029
2020-06-15,Iron Supplement,Mineral,130,151,227,25.98,34.64,0.07,5230.64,1307.66,KP,0,8,4,1,2020,6,25,2,167,159.0,135.0,130.0,140.0,143.75,13.549292724468435
2020-06-22,Iron Supplement,Mineral,421,158,237,23.16,30.88,0.03,4879.04,1219.76,Sindh,0,8,4,3,2020,6,26,2,174,151.0,159.0,135.0,130.0,150.75,11.086778913041721
2020-06-29,Iron Supplement,Mineral,421,154,231,19.02,25.36,0.14,3905.44,976.36,KP,1,8,4,1,2020,6,27,2,181,158.0,151.0,159.0,135.0,155.5,3.696845502136457
2020-07-06,Iron Supplement,Mineral,195,167,251,18.65,24.86,0.06,4151.62,1037.91,Balochistan,1,8,4,0,2020,7,28,3,188,154.0,158.0,151.0,159.0,157.5,6.9522178715380605
2020-07-13,Iron Supplement,Mineral,399,155,233,28.06,37.41,0.04,5798.55,1449.64,Sindh,1,8,4,3,2020,7,29,3,195,167.0,154.0,158.0,151.0,158.5,5.9160797830996055
2020-07-20,Iron Supplement,Mineral,83,157,236,35.75,47.67,0.22,7484.19,1871.05,Balochistan,1,8,4,0,2020,7,30,3,202,155.0,167.0,154.0,158.0,158.25,5.965176722724416
2020-07-27,Iron Supplement,Mineral,398,155,233,13.18,17.57,0.12,2723.35,680.84,Balochistan,0,8,4,0,2020,7,31,3,209,157.0,155.0,167.0,154.0,158.5,5.744562646538018
2020-08-03,Iron Supplement,Mineral,464,151,227,15.77,21.02,0.16,3174.02,793.51,KP,1,8,4,1,2020,8,32,3,216,155.0,157.0,155.0,167.0,154.5,2.516611478423552
2020-08-10,Iron Supplement,Mineral,262,166,249,15.92,21.23,0.1,3524.18,881.05,KP,1,8,4,1,2020,8,33,3,223,151.0,155.0,157.0,155.0,157.25,6.344288770224746
2020-08-17,Iron Supplement,Mineral,281,141,212,16.76,22.34,0.08,3149.94,787.49,Balochistan,0,8,4,0,2020,8,34,3,230,166.0,151.0,155.0,157.0,153.25,10.340051579497393
2020-08-24,Iron Supplement,Mineral,430,140,210,37.83,50.44,0.22,7061.6,1765.4,KP,1,8,4,1,2020,8,35,3,237,141.0,166.0,151.0,155.0,149.5,12.06924466015444
2020-08-31,Iron Supplement,Mineral,230,140,210,32.37,43.16,0.15,6042.4,1510.6,Sindh,1,8,4,3,2020,8,36,3,244,140.0,141.0,166.0,151.0,146.75,12.841988423397153
2020-09-07,Iron Supplement,Mineral,149,150,225,11.51,15.34,0.24,2301.0,575.25,KP,1,8,4,1,2020,9,37,3,251,140.0,140.0,141.0,166.0,142.75,4.856267428111139
2020-09-14,Iron Supplement,Mineral,122,153,230,21.83,29.11,0.03,4453.83,1113.46,KP,0,8,4,1,2020,9,38,3,258,150.0,140.0,140.0,141.0,145.75,6.751543033509685
2020-09-21,Iron Supplement,Mineral,469,146,219,24.39,32.52,0.19,4747.92,1186.98,Punjab,1,8,4,2,2020,9,39,3,265,153.0,150.0,140.0,140.0,147.25,5.619905100029107
2020-09-28,Iron Supplement,Mineral,68,158,237,36.08,48.11,0.15,7601.38,1900.35,KP,1,8,4,1,2020,9,40,3,272,146.0,153.0,150.0,140.0,151.75,5.057996968497827
2020-10-05,Iron Supplement,Mineral,293,124,186,41.73,55.64,0.15,6899.36,1724.84,Sindh,0,8,4,3,2020,10,41,4,279,158.0,146.0,153.0,150.0,145.25,14.997221964972933
2020-10-12,Iron Supplement,Mineral,369,177,266,19.73,26.31,0.19,4656.87,1164.22,Sindh,0,8,4,3,2020,10,42,4,286,124.0,158.0,146.0,153.0,151.25,22.20172665957913
2020-10-19,Iron Supplement,Mineral,184,118,177,36.54,48.72,0.03,5748.96,1437.24,Sindh,1,8,4,3,2020,10,43,4,293,177.0,124.0,158.0,146.0,144.25,28.052034982629454
2020-10-26,Iron Supplement,Mineral,340,162,243,15.92,21.22,0.13,3437.64,859.41,Sindh,0,8,4,3,2020,10,44,4,300,118.0,177.0,124.0,158.0,145.25,28.76774814498579
2020-11-02,Iron Supplement,Mineral,214,164,246,33.27,44.36,0.08,7275.04,1818.76,Punjab,1,8,4,2,2020,11,45,4,307,162.0,118.0,177.0,124.0,155.25,25.708299567779015
2020-11-09,Iron Supplement,Mineral,239,141,212,17.25,23.0,0.1,3243.0,810.75,Balochistan,0,8,4,0,2020,11,46,4,314,164.0,162.0,118.0,177.0,146.25,21.515498289992415
2020-11-16,Iron Supplement,Mineral,408,137,206,14.41,19.21,0.01,2631.77,657.94,Punjab,0,8,4,2,2020,11,47,4,321,141.0,164.0,162.0,118.0,151.0,13.976170195491086
2020-11-23,Iron Supplement,Mineral,389,156,234,14.57,19.42,0.08,3029.52,757.38,Punjab,0,8,4,2,2020,11,48,4,328,137.0,141.0,164.0,162.0,149.5,12.662279942148386
2020-11-30,Iron Supplement,Mineral,493,184,276,18.73,24.97,0.03,4594.48,1148.62,KP,0,8,4,1,2020,11,49,4,335,156.0,137.0,141.0,164.0,154.5,21.299452262127932
2020-12-07,Iron Supplement,Mineral,350,149,224,28.72,38.29,0.23,5705.21,1426.3,Punjab,1,8,4,2,2020,12,50,4,342,184.0,156.0,137.0,141.0,156.5,19.9415813481947
2020-12-14,Iron Supplement,Mineral,375,169,254,42.62,56.82,0.21,9602.58,2400.65,Balochistan,1,8,4,0,2020,12,51,4,349,149.0,184.0,156.0,137.0,164.5,15.41644143979624
2020-12-21,Iron Supplement,Mineral,229,150,225,27.59,36.78,0.1,5517.0,1379.25,KP,1,8,4,1,2020,12,52,4,356,169.0,149.0,184.0,156.0,163.0,16.753109164172088
2020-12-28,Iron Supplement,Mineral,346,147,221,31.4,41.87,0.2,6154.89,1538.72,KP,1,8,4,1,2020,12,53,4,363,150.0,169.0,149.0,184.0,153.75,10.24288370853964
2021-01-04,Iron Supplement,Mineral,305,136,204,21.5,28.67,0.04,3899.12,974.78,Punjab,1,8,4,2,2021,1,1,1,4,147.0,150.0,169.0,149.0,150.5,13.723459233492607
2021-01-11,Iron Supplement,Mineral,435,149,224,21.84,29.12,0.11,4338.88,1084.72,KP,0,8,4,1,2021,1,2,1,11,136.0,147.0,150.0,169.0,145.5,6.454972243679044
2021-01-18,Iron Supplement,Mineral,298,152,228,17.99,23.99,0.14,3646.48,911.62,Punjab,1,8,4,2,2021,1,3,1,18,149.0,136.0,147.0,150.0,146.0,6.976149845485465
2021-01-25,Iron Supplement,Mineral,380,151,227,27.31,36.41,0.03,5497.91,1374.48,Sindh,0,8,4,3,2021,1,4,1,25,152.0,149.0,136.0,147.0,147.0,7.43863786814048
2021-02-01,Iron Supplement,Mineral,141,136,204,33.64,44.85,0.14,6099.6,1524.9,Sindh,1,8,4,3,2021,2,5,1,32,151.0,152.0,149.0,136.0,147.0,7.43863786814048
2021-02-08,Iron Supplement,Mineral,402,141,212,41.2,54.93,0.22,7745.13,1936.28,Balochistan,0,8,4,0,2021,2,6,1,39,136.0,151.0,152.0,149.0,145.0,7.78888096369863
2021-02-15,Iron Supplement,Mineral,166,153,230,20.15,26.87,0.02,4111.11,1027.78,Balochistan,0,8,4,0,2021,2,7,1,46,141.0,136.0,151.0,152.0,145.25,8.098353742170909
2021-02-22,Iron Supplement,Mineral,351,149,224,16.34,21.78,0.23,3245.22,811.31,Punjab,0,8,4,2,2021,2,8,1,53,153.0,141.0,136.0,151.0,144.75,7.675719293112985
2021-03-01,Iron Supplement,Mineral,212,143,215,16.12,21.49,0.05,3073.07,768.27,Sindh,0,8,4,3,2021,3,9,1,60,149.0,153.0,141.0,136.0,146.5,5.507570547286125
2021-03-08,Iron Supplement,Mineral,397,138,207,42.56,56.74,0.21,7830.12,1957.53,Sindh,1,8,4,3,2021,3,10,1,67,143.0,149.0,153.0,141.0,145.75,6.601767440112806
2021-03-15,Iron Supplement,Mineral,60,176,264,32.89,43.85,0.19,7717.6,1929.4,KP,1,8,4,1,2021,3,11,1,74,138.0,143.0,149.0,153.0,151.5,16.941074346097423
2021-03-22,Iron Supplement,Mineral,403,173,260,35.77,47.69,0.05,8250.37,2062.59,Balochistan,0,8,4,0,2021,3,12,1,81,176.0,138.0,143.0,149.0,157.5,19.773719933285193
2021-03-29,Iron Supplement,Mineral,51,165,248,43.03,57.37,0.11,9466.05,2366.51,KP,0,8,4,1,2021,3,13,1,88,173.0,176.0,138.0,143.0,163.0,17.301252363147977
2021-04-05,Iron Supplement,Mineral,494,143,215,9.99,13.32,0.25,1904.76,476.19,Punjab,1,8,4,2,2021,4,14,2,95,165.0,173.0,176.0,138.0,164.25,14.908051515875576
2021-04-12,Iron Supplement,Mineral,490,142,213,13.59,18.12,0.22,2573.04,643.26,Punjab,0,8,4,2,2021,4,15,2,102,143.0,165.0,173.0,176.0,155.75,15.649813630413199
2021-04-19,Iron Supplement,Mineral,261,166,249,20.36,27.15,0.03,4506.9,1126.73,KP,0,8,4,1,2021,4,16,2,109,142.0,143.0,165.0,173.0,154.0,13.291601358251262
2021-04-26,Iron Supplement,Mineral,127,133,200,26.27,35.02,0.22,4657.66,1164.42,KP,1,8,4,1,2021,4,17,2,116,166.0,142.0,143.0,165.0,146.0,14.071247279470295
2021-05-03,Iron Supplement,Mineral,356,128,192,10.25,13.66,0.2,1748.48,437.12,KP,0,8,4,1,2021,5,18,2,123,133.0,166.0,142.0,143.0,142.25,16.85971530008737
2021-05-10,Iron Supplement,Mineral,406,130,195,41.8,55.73,0.05,7244.9,1811.23,Balochistan,0,8,4,0,2021,5,19,2,130,128.0,133.0,166.0,142.0,139.25,17.951323071016247
2021-05-17,Iron Supplement,Mineral,314,141,212,41.48,55.3,0.14,7797.3,1949.33,Punjab,1,8,4,2,2021,5,20,2,137,130.0,128.0,133.0,166.0,133.0,5.715476066494109
2021-05-24,Iron Supplement,Mineral,103,141,212,29.14,38.85,0.06,5477.85,1369.46,Sindh,1,8,4,3,2021,5,21,2,144,141.0,130.0,128.0,133.0,135.0,6.976149845485471
2021-05-31,Iron Supplement,Mineral,307,161,242,37.21,49.61,0.21,7987.21,1996.8,Sindh,0,8,4,3,2021,5,22,2,151,141.0,141.0,130.0,128.0,143.25,12.919623317522337
2021-06-07,Iron Supplement,Mineral,113,159,239,38.75,51.66,0.06,8213.94,2053.49,KP,1,8,4,1,2021,6,23,2,158,161.0,141.0,141.0,130.0,150.5,11.000000000000014
2021-06-14,Iron Supplement,Mineral,455,161,242,34.2,45.6,0.1,7341.6,1835.4,KP,0,8,4,1,2021,6,24,2,165,159.0,161.0,141.0,141.0,155.5,9.712534856222328
2021-06-21,Iron Supplement,Mineral,270,155,233,34.13,45.51,0.17,7054.05,1763.51,Sindh,1,8,4,3,2021,6,25,2,172,161.0,159.0,161.0,141.0,159.0,2.8284271247462436
2021-06-28,Iron Supplement,Mineral,303,134,201,39.91,53.21,0.12,7130.14,1782.54,Sindh,0,8,4,3,2021,6,26,2,179,155.0,161.0,159.0,161.0,152.25,12.419742348374236
2021-07-05,Iron Supplement,Mineral,401,148,222,20.63,27.51,0.11,4071.48,1017.87,KP,1,8,4,1,2021,7,27,3,186,134.0,155.0,161.0,159.0,149.5,11.618950038622266
2021-07-12,Iron Supplement,Mineral,358,137,206,23.42,31.22,0.08,4277.14,1069.29,KP,1,8,4,1,2021,7,28,3,193,148.0,134.0,155.0,161.0,143.5,9.746794344808979
2021-07-19,Iron Supplement,Mineral,113,144,216,17.63,23.5,0.19,3384.0,846.0,KP,1,8,4,1,2021,7,29,3,200,137.0,148.0,134.0,155.0,140.75,6.396613687465185
2021-07-26,Iron Supplement,Mineral,336,152,228,34.01,45.35,0.04,6893.2,1723.3,KP,0,8,4,1,2021,7,30,3,207,144.0,137.0,148.0,134.0,145.25,6.396613687465185
2021-08-02,Iron Supplement,Mineral,166,133,200,30.37,40.49,0.05,5385.17,1346.29,KP,1,8,4,1,2021,8,31,3,214,152.0,144.0,137.0,148.0,141.5,8.346656017032629
2021-08-09,Iron Supplement,Mineral,234,176,264,26.36,35.15,0.15,6186.4,1546.6,Sindh,0,8,4,3,2021,8,32,3,221,133.0,152.0,144.0,137.0,151.25,18.246004128758354
2021-08-16,Iron Supplement,Mineral,135,151,227,30.57,40.76,0.21,6154.76,1538.69,Sindh,0,8,4,3,2021,8,33,3,228,176.0,133.0,152.0,144.0,153.0,17.64464035715474
2021-08-23,Iron Supplement,Mineral,61,170,255,34.69,46.25,0.11,7862.5,1965.63,KP,1,8,4,1,2021,8,34,3,235,151.0,176.0,133.0,152.0,157.5,19.502136635080106
2021-08-30,Iron Supplement,Mineral,463,144,216,19.85,26.47,0.03,3811.68,952.92,Sindh,1,8,4,3,2021,8,35,3,242,170.0,151.0,176.0,133.0,160.25,15.19594244088424
2021-09-06,Iron Supplement,Mineral,292,113,170,17.78,23.7,0.05,2678.1,669.53,KP,1,8,4,1,2021,9,36,3,249,144.0,170.0,151.0,176.0,144.5,23.699507730471257
2021-09-13,Iron Supplement,Mineral,497,160,240,24.52,32.69,0.13,5230.4,1307.6,Punjab,1,8,4,2,2021,9,37,3,256,113.0,144.0,170.0,151.0,146.75,24.918199506919976
2021-09-20,Iron Supplement,Mineral,205,156,234,39.13,52.17,0.19,8138.52,2034.63,KP,1,8,4,1,2021,9,38,3,263,160.0,113.0,144.0,170.0,143.25,21.281838892977902
2021-09-27,Iron Supplement,Mineral,205,142,213,23.72,31.62,0.21,4490.04,1122.51,Balochistan,0,8,4,0,2021,9,39,3,270,156.0,160.0,113.0,144.0,142.75,21.281838892977902
2021-10-04,Iron Supplement,Mineral,128,151,227,10.34,13.79,0.17,2082.29,520.57,Punjab,0,8,4,2,2021,10,40,4,277,142.0,156.0,160.0,113.0,152.25,7.7620873481300325
2021-10-11,Iron Supplement,Mineral,477,159,239,17.36,23.15,0.09,3680.85,920.21,KP,0,8,4,1,2021,10,41,4,284,151.0,142.0,156.0,160.0,152.0,7.438637868140487
2021-10-18,Iron Supplement,Mineral,203,177,266,26.53,35.37,0.08,6260.49,1565.12,Sindh,1,8,4,3,2021,10,42,4,291,159.0,151.0,142.0,156.0,157.25,14.885675440951067
2021-10-25,Iron Supplement,Mineral,160,172,258,43.91,58.54,0.24,10068.88,2517.22,Punjab,0,8,4,2,2021,10,43,4,298,177.0,159.0,151.0,142.0,164.75,11.898879499067702
2021-11-01,Iron Supplement,Mineral,77,142,213,11.83,15.77,0.1,2239.34,559.84,Punjab,1,8,4,2,2021,11,44,4,305,172.0,177.0,159.0,151.0,162.5,15.631165450257816
2021-11-08,Iron Supplement,Mineral,243,163,245,16.03,21.37,0.0,3483.31,870.83,Sindh,1,8,4,3,2021,11,45,4,312,142.0,172.0,177.0,159.0,163.5,15.459624833740317
2021-11-15,Iron Supplement,Mineral,163,131,197,14.14,18.85,0.01,2469.35,617.34,Punjab,1,8,4,2,2021,11,46,4,319,163.0,142.0,172.0,177.0,152.0,18.814887722226786
2021-11-22,Iron Supplement,Mineral,280,131,197,11.35,15.13,0.15,1982.03,495.51,Sindh,0,8,4,3,2021,11,47,4,326,131.0,163.0,142.0,172.0,141.75,15.085865349171511
2021-11-29,Iron Supplement,Mineral,336,158,237,15.05,20.07,0.06,3171.06,792.77,Sindh,0,8,4,3,2021,11,48,4,333,131.0,131.0,163.0,142.0,145.75,17.153716798408453
2021-12-06,Iron Supplement,Mineral,168,132,198,23.54,31.39,0.02,4143.48,1035.87,KP,1,8,4,1,2021,12,49,4,340,158.0,131.0,131.0,163.0,138.0,13.34166406412635
2021-12-13,Iron Supplement,Mineral,300,137,206,38.03,50.7,0.19,6945.9,1736.48,Punjab,0,8,4,2,2021,12,50,4,347,132.0,158.0,131.0,131.0,139.5,12.609520212918508
2021-12-20,Iron Supplement,Mineral,398,136,204,23.4,31.2,0.09,4243.2,1060.8,Punjab,1,8,4,2,2021,12,51,4,354,137.0,132.0,158.0,131.0,140.75,11.701139545645418
2021-12-27,Iron Supplement,Mineral,159,148,222,29.09,38.79,0.15,5740.92,1435.23,KP,0,8,4,1,2021,12,52,4,361,136.0,137.0,132.0,158.0,138.25,6.849574196011535
2022-01-03,Iron Supplement,Mineral,455,139,209,21.15,28.2,0.24,3919.8,979.95,KP,1,8,4,1,2022,1,1,1,3,148.0,136.0,137.0,132.0,140.0,5.477225575051696
2022-01-10,Iron Supplement,Mineral,323,156,234,26.59,35.45,0.22,5530.2,1382.55,Sindh,0,8,4,3,2022,1,2,1,10,139.0,148.0,136.0,137.0,144.75,9.069178573608548
2022-01-17,Iron Supplement,Mineral,52,142,213,36.62,48.82,0.15,6932.44,1733.11,Sindh,1,8,4,3,2022,1,3,1,17,156.0,139.0,148.0,136.0,146.25,7.500000000000026
2022-01-24,Iron Supplement,Mineral,368,165,248,38.79,51.72,0.09,8533.8,2133.45,KP,1,8,4,1,2022,1,4,1,24,142.0,156.0,139.0,148.0,150.5,12.179217270963425
2022-01-31,Iron Supplement,Mineral,106,157,236,40.45,53.93,0.09,8467.01,2116.75,Punjab,0,8,4,2,2022,1,5,1,31,165.0,142.0,156.0,139.0,155.0,9.556847457887654
2022-02-07,Iron Supplement,Mineral,64,165,248,8.75,11.67,0.02,1925.55,481.39,KP,1,8,4,1,2022,2,6,1,38,157.0,165.0,142.0,156.0,157.25,10.843584893075434
2022-02-14,Iron Supplement,Mineral,349,149,224,39.84,53.12,0.21,7914.88,1978.72,Sindh,0,8,4,3,2022,2,7,1,45,165.0,157.0,165.0,142.0,159.0,7.659416862050731
2022-02-21,Iron Supplement,Mineral,273,137,206,27.35,36.46,0.22,4995.02,1248.76,Balochistan,0,8,4,0,2022,2,8,1,52,149.0,165.0,157.0,165.0,152.0,11.944315244779295
2022-02-28,Iron Supplement,Mineral,421,154,231,20.86,27.81,0.24,4282.74,1070.69,Punjab,0,8,4,2,2022,2,9,1,59,137.0,149.0,165.0,157.0,151.25,11.615363389350634
2022-03-07,Iron Supplement,Mineral,486,167,251,38.99,51.98,0.15,8680.66,2170.17,Sindh,1,8,4,3,2022,3,10,1,66,154.0,137.0,149.0,165.0,151.75,12.419742348374237
2022-03-14,Iron Supplement,Mineral,123,160,240,42.77,57.02,0.07,9123.2,2280.8,Sindh,0,8,4,3,2022,3,11,1,73,167.0,154.0,137.0,149.0,154.5,12.81925634868629
2022-03-21,Iron Supplement,Mineral,177,130,195,36.8,49.07,0.04,6379.1,1594.78,Punjab,0,8,4,2,2022,3,12,1,80,160.0,167.0,154.0,137.0,152.75,16.07015867998821
2022-03-28,Iron Supplement,Mineral,367,145,218,39.69,52.92,0.25,7673.4,1918.35,Balochistan,0,8,4,0,2022,3,13,1,87,130.0,160.0,167.0,154.0,150.5,16.46207763315434
2022-04-04,Iron Supplement,Mineral,178,162,243,7.71,10.28,0.01,1665.36,416.34,Punjab,0,8,4,2,2022,4,14,2,94,145.0,130.0,160.0,167.0,149.25,14.90805151587559
2022-04-11,Iron Supplement,Mineral,104,151,227,29.57,39.43,0.19,5953.93,1488.48,KP,1,8,4,1,2022,4,15,2,101,162.0,145.0,130.0,160.0,147.0,13.34166406412635
2022-04-18,Iron Supplement,Mineral,350,157,236,10.4,13.87,0.04,2177.59,544.4,Sindh,0,8,4,3,2022,4,16,2,108,151.0,162.0,145.0,130.0,153.75,7.365459931328151
2022-04-25,Iron Supplement,Mineral,280,148,222,35.6,47.46,0.14,7024.08,1756.02,Sindh,1,8,4,3,2022,4,17,2,115,157.0,151.0,162.0,145.0,154.5,6.244997998398438
2022-05-02,Iron Supplement,Mineral,308,143,215,35.96,47.95,0.07,6856.85,1714.21,Punjab,1,8,4,2,2022,5,18,2,122,148.0,157.0,151.0,162.0,149.75,5.8523499553598555
2022-05-09,Iron Supplement,Mineral,114,153,230,42.8,57.06,0.15,8730.18,2182.55,KP,0,8,4,1,2022,5,19,2,129,143.0,148.0,157.0,151.0,150.25,6.075908711186102
2022-05-16,Iron Supplement,Mineral,378,139,209,18.44,24.59,0.19,3418.01,854.5,Punjab,1,8,4,2,2022,5,20,2,136,153.0,143.0,148.0,157.0,145.75,6.075908711186102
2022-05-23,Iron Supplement,Mineral,78,142,213,9.38,12.51,0.1,1776.42,444.11,Balochistan,0,8,4,0,2022,5,21,2,143,139.0,153.0,143.0,148.0,144.25,6.075908711186102
2022-05-30,Iron Supplement,Mineral,285,143,215,15.99,21.32,0.12,3048.76,762.19,Sindh,0,8,4,3,2022,5,22,2,150,142.0,139.0,153.0,143.0,144.25,6.075908711186102
2022-06-06,Iron Supplement,Mineral,123,141,212,10.45,13.93,0.11,1964.13,491.03,KP,0,8,4,1,2022,6,23,2,157,143.0,142.0,139.0,153.0,141.25,1.7078251276600849
2022-06-13,Iron Supplement,Mineral,217,159,239,42.77,57.03,0.05,9067.77,2266.94,KP,0,8,4,1,2022,6,24,2,164,141.0,143.0,142.0,139.0,146.25,8.539125638299696
2022-06-20,Iron Supplement,Mineral,246,150,225,35.8,47.73,0.18,7159.5,1789.88,Sindh,1,8,4,3,2022,6,25,2,171,159.0,141.0,143.0,142.0,148.25,8.139410298049887
2022-06-27,Iron Supplement,Mineral,351,134,201,27.86,37.14,0.2,4976.76,1244.19,Punjab,0,8,4,2,2022,6,26,2,178,150.0,159.0,141.0,143.0,146.0,10.86278049120024
2022-07-04,Iron Supplement,Mineral,384,153,230,34.23,45.64,0.22,6982.92,1745.73,KP,0,8,4,1,2022,7,27,3,185,134.0,150.0,159.0,141.0,149.0,10.677078252031338
2022-07-11,Iron Supplement,Mineral,345,148,222,30.59,40.79,0.07,6036.92,1509.23,Sindh,1,8,4,3,2022,7,28,3,192,153.0,134.0,150.0,159.0,146.25,8.421203397773219
2022-07-18,Iron Supplement,Mineral,154,147,221,14.14,18.85,0.14,2770.95,692.74,Balochistan,0,8,4,0,2022,7,29,3,199,148.0,153.0,134.0,150.0,145.5,8.103497187428845
2022-07-25,Iron Supplement,Mineral,398,157,236,32.56,43.41,0.05,6815.37,1703.84,Balochistan,1,8,4,0,2022,7,30,3,206,147.0,148.0,153.0,134.0,151.25,4.6457866215888375
2022-08-01,Iron Supplement,Mineral,263,138,207,8.71,11.61,0.12,1602.18,400.55,KP,0,8,4,1,2022,8,31,3,213,157.0,147.0,148.0,153.0,147.5,7.767453465154058
2022-08-08,Iron Supplement,Mineral,141,144,216,43.92,58.56,0.18,8432.64,2108.16,Balochistan,1,8,4,0,2022,8,32,3,220,138.0,157.0,147.0,148.0,146.5,7.9372539331938015
2022-08-15,Iron Supplement,Mineral,353,155,233,10.64,14.19,0.04,2199.45,549.86,Punjab,0,8,4,2,2022,8,33,3,227,144.0,138.0,157.0,147.0,148.5,9.036961141150664
2022-08-22,Iron Supplement,Mineral,163,145,218,32.17,42.89,0.15,6219.05,1554.76,KP,1,8,4,1,2022,8,34,3,234,155.0,144.0,138.0,157.0,145.5,7.047458170622021
2022-08-29,Iron Supplement,Mineral,277,139,209,29.35,39.13,0.14,5439.07,1359.77,Punjab,1,8,4,2,2022,8,35,3,241,145.0,155.0,144.0,138.0,145.75,6.701989754294398
2022-09-05,Iron Supplement,Mineral,395,150,225,40.98,54.64,0.25,8196.0,2049.0,Sindh,1,8,4,3,2022,9,36,3,248,139.0,145.0,155.0,144.0,147.25,6.8495741960115355
2022-09-12,Iron Supplement,Mineral,171,147,221,36.95,49.27,0.03,7242.69,1810.67,KP,0,8,4,1,2022,9,37,3,255,150.0,139.0,145.0,155.0,145.25,4.645786621588827
2022-09-19,Iron Supplement,Mineral,140,170,255,41.05,54.73,0.0,9304.1,2326.03,KP,0,8,4,1,2022,9,38,3,262,147.0,150.0,139.0,145.0,151.5,13.178264933847208
2022-09-26,Iron Supplement,Mineral,98,149,224,32.05,42.73,0.03,6366.77,1591.69,Sindh,1,8,4,3,2022,9,39,3,269,170.0,147.0,150.0,139.0,154.0,10.73933579572469
2022-10-03,Iron Supplement,Mineral,357,160,240,15.16,20.21,0.14,3233.6,808.4,KP,1,8,4,1,2022,10,40,4,276,149.0,170.0,147.0,150.0,156.5,10.661457061146333
2022-10-10,Iron Supplement,Mineral,66,150,225,22.73,30.3,0.25,4545.0,1136.25,Balochistan,0,8,4,0,2022,10,41,4,283,160.0,149.0,170.0,147.0,157.25,9.844626283748255
2022-10-17,Iron Supplement,Mineral,303,151,227,26.68,35.57,0.16,5371.07,1342.77,Sindh,1,8,4,3,2022,10,42,4,290,150.0,160.0,149.0,170.0,152.5,5.066228051190253
2022-10-24,Iron Supplement,Mineral,78,131,197,15.19,20.25,0.22,2652.75,663.19,Punjab,0,8,4,2,2022,10,43,4,297,151.0,150.0,160.0,149.0,148.0,12.192894105447932
2022-10-31,Iron Supplement,Mineral,186,161,242,12.25,16.33,0.01,2629.13,657.28,Sindh,0,8,4,3,2022,10,44,4,304,131.0,151.0,150.0,160.0,148.25,12.526638282742379
2022-11-07,Iron Supplement,Mineral,480,162,243,28.3,37.73,0.2,6112.26,1528.07,KP,1,8,4,1,2022,11,45,4,311,161.0,131.0,151.0,150.0,151.25,14.384598244882161
2022-11-14,Iron Supplement,Mineral,163,158,237,36.23,48.3,0.11,7631.4,1907.85,Balochistan,0,8,4,0,2022,11,46,4,318,162.0,161.0,131.0,151.0,153.0,14.76482306023341
2022-11-21,Iron Supplement,Mineral,376,135,203,25.58,34.1,0.01,4603.5,1150.88,Punjab,0,8,4,2,2022,11,47,4,325,158.0,162.0,161.0,131.0,154.0,12.780193008453887
2022-11-28,Iron Supplement,Mineral,393,164,246,19.88,26.51,0.13,4347.64,1086.91,Balochistan,1,8,4,0,2022,11,48,4,332,135.0,158.0,162.0,161.0,154.75,13.400870618483474
2022-12-05,Iron Supplement,Mineral,409,162,243,11.75,15.67,0.11,2538.54,634.64,Punjab,0,8,4,2,2022,12,49,4,339,164.0,135.0,158.0,162.0,154.75,13.400870618483474
2022-12-12,Iron Supplement,Mineral,160,148,222,37.89,50.52,0.11,7476.96,1869.24,Punjab,0,8,4,2,2022,12,50,4,346,162.0,164.0,135.0,158.0,152.25,13.524668819112243
2022-12-19,Iron Supplement,Mineral,238,146,219,36.78,49.04,0.09,7159.84,1789.96,KP,0,8,4,1,2022,12,51,4,353,148.0,162.0,164.0,135.0,155.0,9.309493362512642
2022-12-26,Iron Supplement,Mineral,375,157,236,26.24,34.98,0.19,5491.86,1372.97,Punjab,1,8,4,2,2022,12,52,4,360,146.0,148.0,162.0,164.0,153.25,7.544313531837535
2023-01-02,Iron Supplement,Mineral,366,156,234,21.89,29.19,0.03,4553.64,1138.41,Balochistan,1,8,4,0,2023,1,1,1,2,157.0,146.0,148.0,162.0,151.75,5.560275772537451
2023-01-09,Iron Supplement,Mineral,54,143,215,9.28,12.37,0.05,1768.91,442.23,KP,1,8,4,1,2023,1,2,1,9,156.0,157.0,146.0,148.0,150.5,7.047458170622011
2023-01-16,Iron Supplement,Mineral,321,138,207,31.55,42.06,0.23,5804.28,1451.07,Sindh,0,8,4,3,2023,1,3,1,16,143.0,156.0,157.0,146.0,148.5,9.469248474227875
2023-01-23,Iron Supplement,Mineral,365,151,227,8.75,11.66,0.07,1760.66,440.17,KP,1,8,4,1,2023,1,4,1,23,138.0,143.0,156.0,157.0,147.0,8.041558721209894
2023-01-30,Iron Supplement,Mineral,266,135,203,25.61,34.14,0.09,4608.9,1152.23,KP,0,8,4,1,2023,1,5,1,30,151.0,138.0,143.0,156.0,141.75,6.9940450861191135
2023-02-06,Iron Supplement,Mineral,378,145,218,32.36,43.14,0.21,6255.3,1563.83,KP,0,8,4,1,2023,2,6,1,37,135.0,151.0,138.0,143.0,142.25,7.182153808805098
2023-02-13,Iron Supplement,Mineral,393,139,209,11.67,15.56,0.01,2162.84,540.71,Balochistan,0,8,4,0,2023,2,7,1,44,145.0,135.0,151.0,138.0,142.5,7.000000000000018
2023-02-20,Iron Supplement,Mineral,324,170,255,18.95,25.26,0.15,4294.2,1073.55,Punjab,0,8,4,2,2023,2,8,1,51,139.0,145.0,135.0,151.0,147.25,15.713582235335995
2023-02-27,Iron Supplement,Mineral,451,132,198,28.19,37.59,0.02,4961.88,1240.47,Sindh,1,8,4,3,2023,2,9,1,58,170.0,139.0,145.0,135.0,146.5,16.542873591570086
2023-03-06,Iron Supplement,Mineral,363,153,230,19.61,26.15,0.09,4000.95,1000.24,Punjab,1,8,4,2,2023,3,10,1,65,132.0,170.0,139.0,145.0,148.5,16.78292783356548
2023-03-13,Iron Supplement,Mineral,355,136,204,19.85,26.47,0.09,3599.92,899.98,Sindh,1,8,4,3,2023,3,11,1,72,153.0,132.0,170.0,139.0,147.75,17.404501333467355
2023-03-20,Iron Supplement,Mineral,388,139,209,44.53,59.37,0.2,8252.43,2063.11,Sindh,0,8,4,3,2023,3,12,1,79,136.0,153.0,132.0,170.0,140.0,9.128709291752788
2023-03-27,Iron Supplement,Mineral,260,151,227,36.7,48.93,0.08,7388.43,1847.11,Sindh,1,8,4,3,2023,3,13,1,86,139.0,136.0,153.0,132.0,144.75,8.500000000000025
2023-04-03,Iron Supplement,Mineral,264,161,242,15.98,21.31,0.24,3430.91,857.73,Punjab,0,8,4,2,2023,4,14,2,93,151.0,139.0,136.0,153.0,146.75,11.500000000000018
2023-04-10,Iron Supplement,Mineral,133,162,243,17.2,22.93,0.08,3714.66,928.67,KP,0,8,4,1,2023,4,15,2,100,161.0,151.0,139.0,136.0,153.25,10.719919153924018
2023-04-17,Iron Supplement,Mineral,165,136,204,27.35,36.46,0.24,4958.56,1239.64,Balochistan,1,8,4,0,2023,4,16,2,107,162.0,161.0,151.0,139.0,152.5,12.069244660154464
2023-04-24,Iron Supplement,Mineral,330,137,206,15.92,21.22,0.02,2907.14,726.79,Sindh,1,8,4,3,2023,4,17,2,114,136.0,162.0,161.0,151.0,149.0,14.445299120013647
2023-05-01,Iron Supplement,Mineral,396,150,225,13.49,17.99,0.1,2698.5,674.63,Punjab,0,8,4,2,2023,5,18,2,121,137.0,136.0,162.0,161.0,146.25,12.284814474246938
2023-05-08,Iron Supplement,Mineral,145,155,233,39.2,52.27,0.12,8101.85,2025.46,Balochistan,0,8,4,0,2023,5,19,2,128,150.0,137.0,136.0,162.0,144.5,9.46924847422788
2023-05-15,Iron Supplement,Mineral,297,150,225,38.74,51.65,0.13,7747.5,1936.88,KP,1,8,4,1,2023,5,20,2,135,155.0,150.0,137.0,136.0,148.0,7.702813338860918
2023-05-22,Iron Supplement,Mineral,86,150,225,29.53,39.37,0.01,5905.5,1476.38,Sindh,1,8,4,3,2023,5,21,2,142,150.0,155.0,150.0,137.0,151.25,2.5000000000000746
2023-05-29,Iron Supplement,Mineral,313,168,252,43.23,57.64,0.17,9683.52,2420.88,Sindh,1,8,4,3,2023,5,22,2,149,150.0,150.0,155.0,150.0,155.75,8.500000000000025
2023-06-05,Iron Supplement,Mineral,400,152,228,21.65,28.87,0.08,4388.24,1097.06,Balochistan,1,8,4,0,2023,6,23,2,156,168.0,150.0,150.0,155.0,155.0,8.717797887081371
2023-06-12,Iron Supplement,Mineral,235,152,228,12.88,17.17,0.09,2609.84,652.46,Balochistan,1,8,4,0,2023,6,24,2,163,152.0,168.0,150.0,150.0,155.5,8.386497083606107
2023-06-19,Iron Supplement,Mineral,403,157,236,28.07,37.43,0.16,5876.51,1469.13,Punjab,1,8,4,2,2023,6,25,2,170,152.0,152.0,168.0,150.0,157.25,7.544313531837544
2023-06-26,Iron Supplement,Mineral,286,143,215,26.47,35.29,0.15,5046.47,1261.62,Punjab,0,8,4,2,2023,6,26,2,177,157.0,152.0,152.0,168.0,151.0,5.83095189484533
2023-07-03,Iron Supplement,Mineral,228,150,225,28.13,37.5,0.07,5625.0,1406.25,Sindh,0,8,4,3,2023,7,27,3,184,143.0,157.0,152.0,152.0,150.5,5.802298395176433
2023-07-10,Iron Supplement,Mineral,196,140,210,13.6,18.13,0.06,2538.2,634.55,Punjab,0,8,4,2,2023,7,28,3,191,150.0,143.0,157.0,152.0,147.5,7.593857166596367
2023-07-17,Iron Supplement,Mineral,187,149,224,16.52,22.03,0.07,3282.47,820.62,Sindh,0,8,4,3,2023,7,29,3,198,140.0,150.0,143.0,157.0,145.5,4.795831523312757
2023-07-24,Iron Supplement,Mineral,463,132,198,19.54,26.05,0.07,3438.6,859.65,KP,0,8,4,1,2023,7,30,3,205,149.0,140.0,150.0,143.0,142.75,8.46069343099806
2023-07-31,Iron Supplement,Mineral,185,158,237,28.88,38.51,0.14,6084.58,1521.15,KP,0,8,4,1,2023,7,31,3,212,132.0,149.0,140.0,150.0,144.75,11.236102527122132
2023-08-07,Iron Supplement,Mineral,480,133,200,31.53,42.04,0.2,5591.32,1397.83,Punjab,1,8,4,2,2023,8,32,3,219,158.0,132.0,149.0,140.0,143.0,12.675435561221045
2023-08-14,Iron Supplement,Mineral,304,149,224,20.84,27.79,0.21,4140.71,1035.18,Sindh,0,8,4,3,2023,8,33,3,226,133.0,158.0,132.0,149.0,143.0,12.675435561221045
2023-08-21,Iron Supplement,Mineral,265,152,228,39.02,52.03,0.2,7908.56,1977.14,Punjab,0,8,4,2,2023,8,34,3,233,149.0,133.0,158.0,132.0,148.0,10.67707825203133
2023-08-28,Iron Supplement,Mineral,479,139,209,27.22,36.29,0.22,5044.31,1261.08,Balochistan,1,8,4,0,2023,8,35,3,240,152.0,149.0,133.0,158.0,143.25,8.808140174482562
2023-09-04,Iron Supplement,Mineral,474,142,213,10.37,13.82,0.15,1962.44,490.61,KP,0,8,4,1,2023,9,36,3,247,139.0,152.0,149.0,133.0,145.5,6.027713773341741
2023-09-11,Iron Supplement,Mineral,467,126,189,13.66,18.21,0.23,2294.46,573.62,Punjab,1,8,4,2,2023,9,37,3,254,142.0,139.0,152.0,149.0,139.75,10.719919153924023
2023-09-18,Iron Supplement,Mineral,359,130,195,13.33,17.77,0.1,2310.1,577.53,Balochistan,0,8,4,0,2023,9,38,3,261,126.0,142.0,139.0,152.0,134.25,7.500000000000027
2023-09-25,Iron Supplement,Mineral,68,126,189,12.92,17.23,0.13,2170.98,542.75,Sindh,0,8,4,3,2023,9,39,3,268,130.0,126.0,142.0,139.0,131.0,7.57187779440039
2023-10-02,Iron Supplement,Mineral,191,158,237,19.84,26.45,0.11,4179.1,1044.78,KP,1,8,4,1,2023,10,40,4,275,126.0,130.0,126.0,142.0,135.0,15.448840301675304
2023-10-09,Iron Supplement,Mineral,444,143,215,16.08,21.44,0.05,3065.92,766.48,Sindh,0,8,4,3,2023,10,41,4,282,158.0,126.0,130.0,126.0,139.25,14.453949863849227
2023-10-16,Iron Supplement,Mineral,461,164,246,42.41,56.54,0.13,9272.56,2318.14,KP,1,8,4,1,2023,10,42,4,289,143.0,158.0,126.0,130.0,147.75,16.977926846349657
2023-10-23,Iron Supplement,Mineral,324,157,236,24.92,33.22,0.1,5215.54,1303.89,Sindh,1,8,4,3,2023,10,43,4,296,164.0,143.0,158.0,126.0,155.5,8.88819441731561
2023-10-30,Iron Supplement,Mineral,246,162,243,25.24,33.65,0.05,5451.3,1362.83,Sindh,0,8,4,3,2023,10,44,4,303,157.0,164.0,143.0,158.0,156.5,9.46924847422788
2023-11-06,Iron Supplement,Mineral,158,131,197,8.36,11.15,0.09,1460.65,365.16,KP,1,8,4,1,2023,11,45,4,310,162.0,157.0,164.0,143.0,153.5,15.286159317064147
2023-11-13,Iron Supplement,Mineral,275,168,252,17.21,22.95,0.23,3855.6,963.9,Sindh,1,8,4,3,2023,11,46,4,317,131.0,162.0,157.0,164.0,154.5,16.299284237863546
2023-11-20,Iron Supplement,Mineral,333,172,258,19.79,26.39,0.1,4539.08,1134.77,Sindh,0,8,4,3,2023,11,47,4,324,168.0,131.0,162.0,157.0,158.25,18.625699092025165
2023-11-27,Iron Supplement,Mineral,316,163,245,42.35,56.46,0.11,9202.98,2300.75,Sindh,1,8,4,3,2023,11,48,4,331,172.0,168.0,131.0,162.0,158.5,18.699376103674343
2023-12-04,Iron Supplement,Mineral,154,150,225,40.19,53.58,0.09,8037.0,2009.25,KP,1,8,4,1,2023,12,49,4,338,163.0,172.0,168.0,131.0,163.25,9.569918146637084
2023-12-11,Iron Supplement,Mineral,462,159,239,19.24,25.65,0.04,4078.35,1019.59,KP,1,8,4,1,2023,12,50,4,345,150.0,163.0,172.0,168.0,161.0,9.128709291752791
2023-12-18,Iron Supplement,Mineral,499,134,201,44.85,59.8,0.15,8013.2,2003.3,Punjab,1,8,4,2,2023,12,51,4,352,159.0,150.0,163.0,172.0,151.5,12.871156384205234
2023-12-25,Iron Supplement,Mineral,294,143,215,13.21,17.61,0.01,2518.23,629.56,KP,0,8,4,1,2023,12,52,4,359,134.0,159.0,150.0,163.0,146.5,10.598742063723119
2024-01-01,Iron Supplement,Mineral,376,145,218,13.01,17.34,0.05,2514.3,628.58,Balochistan,1,8,4,0,2024,1,1,1,1,143.0,134.0,159.0,150.0,145.25,10.340051579497421
2024-01-08,Iron Supplement,Mineral,107,132,198,29.4,39.2,0.04,5174.4,1293.6,Sindh,0,8,4,3,2024,1,2,1,8,145.0,143.0,134.0,159.0,138.5,6.454972243679059
2024-01-15,Iron Supplement,Mineral,324,160,240,26.2,34.93,0.12,5588.8,1397.2,Balochistan,1,8,4,0,2024,1,3,1,15,132.0,145.0,143.0,134.0,145.0,11.518101695447347
2024-01-22,Iron Supplement,Mineral,352,151,227,36.58,48.77,0.23,7364.27,1841.07,KP,1,8,4,1,2024,1,4,1,22,160.0,132.0,145.0,143.0,147.0,11.74734012447075
2024-01-29,Iron Supplement,Mineral,471,166,249,27.4,36.53,0.03,6063.98,1516.0,Balochistan,0,8,4,0,2024,1,5,1,29,151.0,160.0,132.0,145.0,152.25,14.840822079655846
2024-02-05,Iron Supplement,Mineral,278,130,195,41.29,55.05,0.22,7156.5,1789.13,Sindh,0,8,4,3,2024,2,6,1,36,166.0,151.0,160.0,132.0,151.75,15.755951256588745
2024-02-12,Iron Supplement,Mineral,307,136,204,36.98,49.31,0.1,6706.16,1676.54,Balochistan,1,8,4,0,2024,2,7,1,43,130.0,166.0,151.0,160.0,145.75,16.132265804901692
2024-02-19,Iron Supplement,Mineral,205,140,210,30.51,40.68,0.24,5695.2,1423.8,Sindh,1,8,4,3,2024,2,8,1,50,136.0,130.0,166.0,151.0,143.0,15.874507866387559
2024-02-26,Iron Supplement,Mineral,174,174,261,30.21,40.28,0.06,7008.72,1752.18,Balochistan,1,8,4,0,2024,2,9,1,57,140.0,136.0,130.0,166.0,145.0,19.765289440498137
2024-03-04,Iron Supplement,Mineral,229,133,200,29.84,39.78,0.15,5290.74,1322.69,Sindh,1,8,4,3,2024,3,10,1,64,174.0,140.0,136.0,130.0,145.75,19.05037182489274
2024-03-11,Iron Supplement,Mineral,285,158,237,15.89,21.18,0.18,3346.44,836.61,Sindh,1,8,4,3,2024,3,11,1,71,133.0,174.0,140.0,136.0,151.25,18.463928798245163
2024-03-18,Iron Supplement,Mineral,363,191,287,10.07,13.43,0.15,2565.13,641.28,Punjab,1,8,4,2,2024,3,12,1,78,158.0,133.0,174.0,140.0,164.0,24.67117075995112
2024-03-25,Iron Supplement,Mineral,229,175,263,36.86,49.15,0.17,8601.25,2150.31,Balochistan,1,8,4,0,2024,3,13,1,85,191.0,158.0,133.0,174.0,164.25,24.810951882854752
2024-04-01,Iron Supplement,Mineral,164,159,239,15.61,20.81,0.08,3308.79,827.2,Balochistan,0,8,4,0,2024,4,14,2,92,175.0,191.0,158.0,133.0,170.75,15.585784121008066
2024-04-08,Iron Supplement,Mineral,447,143,215,22.63,30.17,0.12,4314.31,1078.58,Sindh,0,8,4,3,2024,4,15,2,99,159.0,175.0,191.0,158.0,167.0,20.655911179772904
2024-04-15,Iron Supplement,Mineral,232,167,251,44.64,59.52,0.18,9939.84,2484.96,Sindh,1,8,4,3,2024,4,16,2,106,143.0,159.0,175.0,191.0,161.0,13.662601021279484
2024-04-22,Iron Supplement,Mineral,432,175,263,16.38,21.84,0.08,3822.0,955.5,KP,1,8,4,1,2024,4,17,2,113,167.0,143.0,159.0,175.0,161.0,13.662601021279484
2024-04-29,Iron Supplement,Mineral,396,161,242,14.69,19.58,0.14,3152.38,788.1,Sindh,0,8,4,3,2024,4,18,2,120,175.0,167.0,143.0,159.0,161.5,13.601470508735463
2024-05-06,Iron Supplement,Mineral,217,149,224,32.67,43.56,0.05,6490.44,1622.61,Sindh,1,8,4,3,2024,5,19,2,127,161.0,175.0,167.0,143.0,163.0,10.954451150103349
2024-05-13,Iron Supplement,Mineral,79,176,264,12.15,16.2,0.04,2851.2,712.8,Sindh,0,8,4,3,2024,5,20,2,134,149.0,161.0,175.0,167.0,165.25,12.81600561797632
2024-05-20,Iron Supplement,Mineral,252,140,210,20.99,27.99,0.07,3918.6,979.65,Punjab,0,8,4,2,2024,5,21,2,141,176.0,149.0,161.0,175.0,156.5,15.588457268119916
2024-05-27,Iron Supplement,Mineral,388,138,207,28.21,37.61,0.15,5190.18,1297.55,Punjab,0,8,4,2,2024,5,22,2,148,140.0,176.0,149.0,161.0,150.75,17.500000000000018
2024-06-03,Iron Supplement,Mineral,165,152,228,42.01,56.01,0.22,8513.52,2128.38,Punjab,1,8,4,2,2024,6,23,2,155,138.0,140.0,176.0,149.0,151.5,17.464249196573
2024-06-10,Iron Supplement,Mineral,87,137,206,30.02,40.02,0.12,5482.74,1370.69,Balochistan,1,8,4,0,2024,6,24,2,162,152.0,138.0,140.0,176.0,141.75,6.946221994724952
2024-06-17,Iron Supplement,Mineral,171,158,237,9.34,12.45,0.21,1967.1,491.78,KP,0,8,4,1,2024,6,25,2,169,137.0,152.0,138.0,140.0,146.25,10.404326023342437
2024-06-24,Iron Supplement,Mineral,333,155,233,42.36,56.48,0.19,8754.4,2188.6,KP,0,8,4,1,2024,6,26,2,176,158.0,137.0,152.0,138.0,150.5,9.32737905308885
2024-07-01,Iron Supplement,Mineral,252,158,237,7.96,10.61,0.13,1676.38,419.1,Balochistan,1,8,4,0,2024,7,27,3,183,155.0,158.0,137.0,152.0,152.0,10.09950493836211
2024-07-08,Iron Supplement,Mineral,400,150,225,31.94,42.58,0.15,6387.0,1596.75,Punjab,1,8,4,2,2024,7,28,3,190,158.0,155.0,158.0,137.0,155.25,3.77491721763546
2024-07-15,Iron Supplement,Mineral,464,159,239,11.56,15.41,0.2,2450.19,612.55,Punjab,0,8,4,2,2024,7,29,3,197,150.0,158.0,155.0,158.0,155.5,4.04145188432746
2024-07-22,Iron Supplement,Mineral,140,151,227,37.4,49.86,0.24,7528.86,1882.22,Punjab,1,8,4,2,2024,7,30,3,204,159.0,150.0,158.0,155.0,154.5,4.654746681256381
2024-07-29,Iron Supplement,Mineral,203,126,189,32.0,42.66,0.04,5375.16,1343.79,Punjab,1,8,4,2,2024,7,31,3,211,151.0,159.0,150.0,158.0,146.5,14.247806848775031
2024-08-05,Iron Supplement,Mineral,102,140,210,16.14,21.52,0.07,3012.8,753.2,KP,1,8,4,1,2024,8,32,3,218,126.0,151.0,159.0,150.0,144.0,14.306175822583315
2024-08-12,Iron Supplement,Mineral,111,154,231,42.44,56.58,0.14,8713.32,2178.33,KP,1,8,4,1,2024,8,33,3,225,140.0,126.0,151.0,159.0,142.75,12.685293322058714
2024-08-19,Iron Supplement,Mineral,470,156,234,30.2,40.27,0.02,6282.12,1570.53,Sindh,0,8,4,3,2024,8,34,3,232,154.0,140.0,126.0,151.0,144.0,13.952299690970927
2024-08-26,Iron Supplement,Mineral,312,142,213,21.92,29.22,0.21,4149.24,1037.31,Balochistan,1,8,4,0,2024,8,35,3,239,156.0,154.0,140.0,126.0,148.0,8.164965809277303
2024-09-02,Iron Supplement,Mineral,424,154,231,20.0,26.66,0.18,4105.64,1026.41,Balochistan,1,8,4,0,2024,9,36,3,246,142.0,156.0,154.0,140.0,151.5,6.403124237432907
2024-09-09,Iron Supplement,Mineral,449,127,191,31.57,42.09,0.08,5345.43,1336.36,Punjab,0,8,4,2,2024,9,37,3,253,154.0,142.0,156.0,154.0,144.75,13.351029922818714
2024-09-16,Iron Supplement,Mineral,400,124,186,16.7,22.26,0.06,2760.24,690.06,Punjab,1,8,4,2,2024,9,38,3,260,127.0,154.0,142.0,156.0,136.75,13.937359864766378
2024-09-23,Iron Supplement,Mineral,248,131,197,24.94,33.25,0.16,4355.75,1088.94,Punjab,0,8,4,2,2024,9,39,3,267,124.0,127.0,154.0,142.0,134.0,13.638181696985882
2024-09-30,Iron Supplement,Mineral,421,155,233,36.01,48.01,0.06,7441.55,1860.39,Punjab,0,8,4,2,2024,9,40,3,274,131.0,124.0,127.0,154.0,134.25,14.12739655185392
2024-10-07,Iron Supplement,Mineral,180,162,243,34.11,45.48,0.19,7367.76,1841.94,Punjab,1,8,4,2,2024,10,41,4,281,155.0,131.0,124.0,127.0,143.0,18.3484785926972
2024-10-14,Iron Supplement,Mineral,256,151,227,20.04,26.72,0.16,4034.72,1008.68,Balochistan,1,8,4,0,2024,10,42,4,288,162.0,155.0,131.0,124.0,149.75,13.301002468485876
2024-10-21,Iron Supplement,Mineral,274,139,209,44.09,58.78,0.15,8170.42,2042.61,Balochistan,0,8,4,0,2024,10,43,4,295,151.0,162.0,155.0,131.0,151.75,9.639329160614206
2024-10-28,Iron Supplement,Mineral,113,153,230,26.2,34.93,0.09,5344.29,1336.07,KP,0,8,4,1,2024,10,44,4,302,139.0,151.0,162.0,155.0,151.25,9.464847243000493
2024-11-04,Iron Supplement,Mineral,111,157,236,28.33,37.77,0.07,5929.89,1482.47,Balochistan,1,8,4,0,2024,11,45,4,309,153.0,139.0,151.0,162.0,150.0,7.745966692414879
2024-11-11,Iron Supplement,Mineral,275,151,227,32.37,43.16,0.2,6517.16,1629.29,Balochistan,1,8,4,0,2024,11,46,4,316,157.0,153.0,139.0,151.0,150.0,7.745966692414879
2024-11-18,Iron Supplement,Mineral,411,171,257,44.42,59.23,0.05,10128.33,2532.08,Punjab,0,8,4,2,2024,11,47,4,323,151.0,157.0,153.0,139.0,158.0,9.018499505645833
2024-11-25,Iron Supplement,Mineral,175,155,233,11.1,14.8,0.25,2294.0,573.5,Balochistan,0,8,4,0,2024,11,48,4,330,171.0,151.0,157.0,153.0,158.5,8.698658900466638
2024-12-02,Iron Supplement,Mineral,190,161,242,22.58,30.11,0.01,4847.71,1211.93,KP,1,8,4,1,2024,12,49,4,337,155.0,171.0,151.0,157.0,159.5,8.698658900466638
2024-12-09,Iron Supplement,Mineral,301,173,260,39.02,52.02,0.05,8999.46,2249.87,Balochistan,1,8,4,0,2024,12,50,4,344,161.0,155.0,171.0,151.0,165.0,8.485281374238614
2024-12-16,Iron Supplement,Mineral,273,147,221,24.78,33.04,0.01,4856.88,1214.22,Balochistan,0,8,4,0,2024,12,51,4,351,173.0,161.0,155.0,171.0,159.0,10.954451150103356
2024-12-23,Iron Supplement,Mineral,303,152,228,16.02,21.36,0.18,3246.72,811.68,Punjab,1,8,4,2,2024,12,52,4,358,147.0,173.0,161.0,155.0,158.25,11.41271221051336
2024-12-30,Iron Supplement,Mineral,114,140,210,33.21,44.28,0.12,6199.2,1549.8,Punjab,1,8,4,2,2024,12,1,4,365,152.0,147.0,173.0,161.0,153.0,14.212670403551924
2025-01-06,Iron Supplement,Mineral,344,164,246,8.82,11.76,0.1,1928.64,482.16,KP,1,8,4,1,2025,1,2,1,6,140.0,152.0,147.0,173.0,150.75,10.111874208078381
2025-01-13,Iron Supplement,Mineral,400,161,242,27.88,37.17,0.02,5984.37,1496.09,Balochistan,1,8,4,0,2025,1,3,1,13,164.0,140.0,152.0,147.0,154.25,10.781929326423949
2025-01-20,Iron Supplement,Mineral,398,163,245,32.05,42.73,0.02,6964.99,1741.25,Balochistan,1,8,4,0,2025,1,4,1,20,161.0,164.0,140.0,152.0,157.0,11.401754250991416
2025-01-27,Iron Supplement,Mineral,386,140,210,31.25,41.66,0.16,5832.4,1458.1,KP,1,8,4,1,2025,1,5,1,27,163.0,161.0,164.0,140.0,157.0,11.401754250991416
2025-02-03,Iron Supplement,Mineral,100,175,263,42.62,56.83,0.2,9945.25,2486.31,Sindh,0,8,4,3,2025,2,6,1,34,140.0,163.0,161.0,164.0,159.75,14.54590434910577
2025-02-10,Iron Supplement,Mineral,103,139,209,32.54,43.39,0.22,6031.21,1507.8,KP,0,8,4,1,2025,2,7,1,41,175.0,140.0,163.0,161.0,154.25,17.72709790123586
2025-02-17,Iron Supplement,Mineral,132,143,215,28.37,37.83,0.21,5409.69,1352.42,Balochistan,1,8,4,0,2025,2,8,1,48,139.0,175.0,140.0,163.0,149.25,17.250603854165053
2025-02-24,Iron Supplement,Mineral,78,145,218,8.6,11.46,0.11,1661.7,415.43,KP,1,8,4,1,2025,2,9,1,55,143.0,139.0,175.0,140.0,150.5,16.522711641858333
2025-03-03,Iron Supplement,Mineral,171,153,230,21.81,29.08,0.04,4449.24,1112.31,Punjab,1,8,4,2,2025,3,10,1,62,145.0,143.0,139.0,175.0,145.0,5.887840577551975
2025-03-10,Iron Supplement,Mineral,334,166,249,33.79,45.05,0.03,7478.3,1869.58,KP,0,8,4,1,2025,3,11,1,69,153.0,145.0,143.0,139.0,151.75,10.43631480296889
2025-03-17,Iron Supplement,Mineral,99,143,215,28.46,37.94,0.06,5425.42,1356.36,KP,0,8,4,1,2025,3,12,1,76,166.0,153.0,145.0,143.0,151.75,10.43631480296889
2025-03-24,Iron Supplement,Mineral,79,167,251,40.42,53.89,0.2,8999.63,2249.91,KP,1,8,4,1,2025,3,13,1,83,143.0,166.0,153.0,145.0,157.25,11.441882129556639
2025-03-31,Iron Supplement,Mineral,283,154,231,13.73,18.31,0.12,2819.74,704.94,Punjab,1,8,4,2,2025,3,14,1,90,167.0,143.0,166.0,153.0,157.5,11.328430311977659
2020-02-03,Magnesium,Mineral,133,151,227,33.59,44.79,0.2,6763.29,1690.82,Balochistan,1,9,4,0,2020,2,6,1,34,135.0,126.0,148.0,134.0,140.0,11.633285577743429
2020-02-10,Magnesium,Mineral,271,156,234,41.52,55.36,0.17,8636.16,2159.04,KP,1,9,4,1,2020,2,7,1,41,151.0,135.0,126.0,148.0,142.0,13.928388277184116
2020-02-17,Magnesium,Mineral,295,154,231,26.48,35.31,0.16,5437.74,1359.44,Punjab,1,9,4,2,2020,2,8,1,48,156.0,151.0,135.0,126.0,149.0,9.556847457887626
2020-02-24,Magnesium,Mineral,448,147,221,25.73,34.3,0.14,5042.1,1260.53,KP,0,9,4,1,2020,2,9,1,55,154.0,156.0,151.0,135.0,152.0,3.9157800414902275
2020-03-02,Magnesium,Mineral,339,143,215,14.8,19.73,0.01,2821.39,705.35,Sindh,0,9,4,3,2020,3,10,1,62,147.0,154.0,156.0,151.0,150.0,6.055300708194975
2020-03-09,Magnesium,Mineral,378,163,245,8.04,10.72,0.18,1747.36,436.84,Balochistan,0,9,4,0,2020,3,11,1,69,143.0,147.0,154.0,156.0,151.75,8.77021474461524
2020-03-16,Magnesium,Mineral,405,159,239,11.32,15.09,0.09,2399.31,599.83,Punjab,1,9,4,2,2020,3,12,1,76,163.0,143.0,147.0,154.0,153.0,9.521904571390461
2020-03-23,Magnesium,Mineral,260,162,243,17.46,23.28,0.0,3771.36,942.84,Balochistan,1,9,4,0,2020,3,13,1,83,159.0,163.0,143.0,147.0,156.75,9.322910847297992
2020-03-30,Magnesium,Mineral,339,141,212,29.76,39.68,0.02,5594.88,1398.72,Sindh,0,9,4,3,2020,3,14,1,90,162.0,159.0,163.0,143.0,156.25,10.307764064044147
2020-04-06,Magnesium,Mineral,78,127,191,42.78,57.04,0.13,7244.08,1811.02,Balochistan,0,9,4,0,2020,4,15,2,97,141.0,162.0,159.0,163.0,147.25,16.378339354159195
2020-04-13,Magnesium,Mineral,282,157,236,28.58,38.1,0.24,5981.7,1495.43,Punjab,1,9,4,2,2020,4,16,2,104,127.0,141.0,162.0,159.0,146.75,15.924300089276553
2020-04-20,Magnesium,Mineral,98,149,224,18.28,24.37,0.16,3631.13,907.78,Punjab,1,9,4,2,2020,4,17,2,111,157.0,127.0,141.0,162.0,143.5,12.79322737493032
2020-04-27,Magnesium,Mineral,427,127,191,42.03,56.04,0.15,7117.08,1779.27,Balochistan,1,9,4,0,2020,4,18,2,118,149.0,157.0,127.0,141.0,140.0,15.362291495737212
2020-05-04,Magnesium,Mineral,473,159,239,13.55,18.07,0.02,2873.13,718.28,KP,1,9,4,1,2020,5,19,2,125,127.0,149.0,157.0,127.0,148.0,14.651507317223935
2020-05-11,Magnesium,Mineral,115,127,191,24.91,33.21,0.18,4217.67,1054.42,Sindh,1,9,4,3,2020,5,20,2,132,159.0,127.0,149.0,157.0,140.5,16.114175953695753
2020-05-18,Magnesium,Mineral,492,168,252,19.7,26.26,0.23,4411.68,1102.92,KP,1,9,4,1,2020,5,21,2,139,127.0,159.0,127.0,149.0,145.25,21.391197566600454
2020-05-25,Magnesium,Mineral,85,171,257,29.73,39.64,0.09,6778.44,1694.61,Punjab,1,9,4,2,2020,5,22,2,146,168.0,127.0,159.0,127.0,156.25,20.15564437074637
2020-06-01,Magnesium,Mineral,274,145,218,25.85,34.47,0.19,4998.15,1249.54,Sindh,1,9,4,3,2020,6,23,2,153,171.0,168.0,127.0,159.0,152.75,20.72639219288618
2020-06-08,Magnesium,Mineral,97,138,207,26.65,35.53,0.15,4903.14,1225.79,Balochistan,1,9,4,0,2020,6,24,2,160,145.0,171.0,168.0,127.0,155.5,16.462077633154323
2020-06-15,Magnesium,Mineral,295,159,239,29.17,38.89,0.23,6183.51,1545.88,Punjab,0,9,4,2,2020,6,25,2,167,138.0,145.0,171.0,168.0,153.25,14.705441169852739
2020-06-22,Magnesium,Mineral,154,145,218,19.81,26.41,0.05,3829.45,957.36,Sindh,1,9,4,3,2020,6,26,2,174,159.0,138.0,145.0,171.0,146.75,8.808140174482537
2020-06-29,Magnesium,Mineral,292,141,212,25.65,34.2,0.13,4822.2,1205.55,Balochistan,0,9,4,0,2020,6,27,2,181,145.0,159.0,138.0,145.0,145.75,9.287087810503351
2020-07-06,Magnesium,Mineral,271,139,209,9.42,12.56,0.12,1745.84,436.46,Sindh,0,9,4,3,2020,7,28,3,188,141.0,145.0,159.0,138.0,146.0,9.018499505645785
2020-07-13,Magnesium,Mineral,173,153,230,17.85,23.8,0.19,3641.4,910.35,Balochistan,0,9,4,0,2020,7,29,3,195,139.0,141.0,145.0,159.0,144.5,6.191391873668896
2020-07-20,Magnesium,Mineral,364,146,219,22.08,29.44,0.06,4298.24,1074.56,Balochistan,0,9,4,0,2020,7,30,3,202,153.0,139.0,141.0,145.0,144.75,6.23832242407096
2020-07-27,Magnesium,Mineral,303,148,222,42.56,56.74,0.06,8397.52,2099.38,Sindh,0,9,4,3,2020,7,31,3,209,146.0,153.0,139.0,141.0,146.5,5.802298395176395
2020-08-03,Magnesium,Mineral,145,162,243,12.46,16.61,0.11,2690.82,672.71,Punjab,1,9,4,2,2020,8,32,3,216,148.0,146.0,153.0,139.0,152.25,7.135591542869209
2020-08-10,Magnesium,Mineral,372,155,233,25.86,34.48,0.1,5344.4,1336.1,KP,1,9,4,1,2020,8,33,3,223,162.0,148.0,146.0,153.0,152.75,7.274384280931725
2020-08-17,Magnesium,Mineral,404,142,213,8.4,11.2,0.15,1590.4,397.6,Sindh,1,9,4,3,2020,8,34,3,230,155.0,162.0,148.0,146.0,151.75,8.655441448399184
2020-08-24,Magnesium,Mineral,180,134,201,34.85,46.47,0.14,6226.98,1556.75,Sindh,1,9,4,3,2020,8,35,3,237,142.0,155.0,162.0,148.0,148.25,12.606215398233784
2020-08-31,Magnesium,Mineral,452,167,251,11.72,15.63,0.1,2610.21,652.55,Sindh,1,9,4,3,2020,8,36,3,244,134.0,142.0,155.0,162.0,149.5,14.525839046333948
2020-09-07,Magnesium,Mineral,378,140,210,44.71,59.61,0.21,8345.4,2086.35,Balochistan,0,9,4,0,2020,9,37,3,251,167.0,134.0,142.0,155.0,145.75,14.568802284333461
2020-09-14,Magnesium,Mineral,491,120,180,22.21,29.61,0.24,3553.2,888.3,Punjab,1,9,4,2,2020,9,38,3,258,140.0,167.0,134.0,142.0,140.25,19.704060495238025
2020-09-21,Magnesium,Mineral,58,139,209,41.97,55.96,0.11,7778.44,1944.61,Sindh,0,9,4,3,2020,9,39,3,265,120.0,140.0,167.0,134.0,141.5,19.33045955653063
2020-09-28,Magnesium,Mineral,139,158,237,31.33,41.77,0.05,6599.66,1649.92,Punjab,1,9,4,2,2020,9,40,3,272,139.0,120.0,140.0,167.0,139.25,15.521490478258409
2020-10-05,Magnesium,Mineral,435,133,200,23.92,31.89,0.21,4241.37,1060.34,Balochistan,1,9,4,0,2020,10,41,4,279,158.0,139.0,120.0,140.0,137.5,15.800843859321768
2020-10-12,Magnesium,Mineral,318,170,255,38.61,51.48,0.03,8751.6,2187.9,Punjab,0,9,4,2,2020,10,42,4,286,133.0,158.0,139.0,120.0,150.0,17.068489485989467
2020-10-19,Magnesium,Mineral,380,149,224,18.94,25.25,0.05,3762.25,940.56,KP,0,9,4,1,2020,10,43,4,293,170.0,133.0,158.0,139.0,152.5,15.588457268119885
2020-10-26,Magnesium,Mineral,79,151,227,22.71,30.28,0.04,4572.28,1143.07,Punjab,0,9,4,2,2020,10,44,4,300,149.0,170.0,133.0,158.0,150.75,15.15200756775593
2020-11-02,Magnesium,Mineral,296,164,246,15.66,20.88,0.03,3424.32,856.08,Punjab,1,9,4,2,2020,11,45,4,307,151.0,149.0,170.0,133.0,158.5,10.148891565092207
2020-11-09,Magnesium,Mineral,419,148,222,8.79,11.72,0.16,1734.56,433.64,Sindh,0,9,4,3,2020,11,46,4,314,164.0,151.0,149.0,170.0,153.0,7.438637868140445
2020-11-16,Magnesium,Mineral,190,153,230,40.91,54.54,0.11,8344.62,2086.16,Sindh,1,9,4,3,2020,11,47,4,321,148.0,164.0,151.0,149.0,154.0,6.976149845485427
2020-11-23,Magnesium,Mineral,356,155,233,13.38,17.84,0.17,2765.2,691.3,Punjab,1,9,4,2,2020,11,48,4,328,153.0,148.0,164.0,151.0,155.0,6.683312551921117
2020-11-30,Magnesium,Mineral,414,170,255,34.54,46.05,0.06,7828.5,1957.13,KP,0,9,4,1,2020,11,49,4,335,155.0,153.0,148.0,164.0,156.5,9.469248474227843
2020-12-07,Magnesium,Mineral,73,153,230,26.93,35.9,0.0,5492.7,1373.18,Balochistan,1,9,4,0,2020,12,50,4,342,170.0,155.0,153.0,148.0,157.75,8.220908303425661
2020-12-14,Magnesium,Mineral,60,142,213,16.29,21.72,0.0,3084.24,771.06,Punjab,0,9,4,2,2020,12,51,4,349,153.0,170.0,155.0,153.0,155.0,11.518101695447317
2020-12-21,Magnesium,Mineral,125,131,197,17.35,23.13,0.22,3030.03,757.51,Punjab,1,9,4,2,2020,12,52,4,356,142.0,153.0,170.0,155.0,149.0,16.63329993316619
2020-12-28,Magnesium,Mineral,321,129,194,42.89,57.19,0.24,7377.51,1844.38,Sindh,1,9,4,3,2020,12,53,4,363,131.0,142.0,153.0,170.0,138.75,11.086778913041712
2021-01-04,Magnesium,Mineral,450,155,233,42.65,56.87,0.17,8814.85,2203.71,Sindh,0,9,4,3,2021,1,1,1,4,129.0,131.0,142.0,153.0,139.25,11.95477589361952
2021-01-11,Magnesium,Mineral,318,145,218,14.81,19.75,0.21,2863.75,715.94,Punjab,1,9,4,2,2021,1,2,1,11,155.0,129.0,131.0,142.0,140.0,12.274635093014634
2021-01-18,Magnesium,Mineral,214,149,224,25.12,33.49,0.11,4990.01,1247.5,KP,0,9,4,1,2021,1,3,1,18,145.0,155.0,129.0,131.0,144.5,11.120551545074838
2021-01-25,Magnesium,Mineral,272,151,227,25.66,34.21,0.02,5165.71,1291.43,KP,1,9,4,1,2021,1,4,1,25,149.0,145.0,155.0,129.0,150.0,4.163331998932235
2021-02-01,Magnesium,Mineral,164,167,251,30.26,40.35,0.05,6738.45,1684.61,KP,0,9,4,1,2021,2,5,1,32,151.0,149.0,145.0,155.0,153.0,9.660917830792943
2021-02-08,Magnesium,Mineral,305,158,237,22.74,30.32,0.12,4790.56,1197.64,Balochistan,0,9,4,0,2021,2,6,1,39,167.0,151.0,149.0,145.0,156.25,8.139410298049837
2021-02-15,Magnesium,Mineral,179,142,213,35.45,47.27,0.09,6712.34,1678.09,Balochistan,0,9,4,0,2021,2,7,1,46,158.0,167.0,151.0,149.0,154.5,10.598742063723085
2021-02-22,Magnesium,Mineral,193,162,243,28.15,37.53,0.21,6079.86,1519.97,Sindh,0,9,4,3,2021,2,8,1,53,142.0,158.0,167.0,151.0,157.25,10.812801055539051
2021-03-01,Magnesium,Mineral,394,144,216,23.8,31.73,0.05,4569.12,1142.28,Balochistan,1,9,4,0,2021,3,9,1,60,162.0,142.0,158.0,167.0,151.5,9.983319421247945
2021-03-08,Magnesium,Mineral,102,145,218,32.9,43.87,0.18,6361.15,1590.29,KP,0,9,4,1,2021,3,10,1,67,144.0,162.0,142.0,158.0,148.25,9.251126057585267
2021-03-15,Magnesium,Mineral,453,164,246,24.32,32.43,0.13,5318.52,1329.63,Balochistan,0,9,4,0,2021,3,11,1,74,145.0,144.0,162.0,142.0,153.75,10.719919153923989
2021-03-22,Magnesium,Mineral,279,152,228,12.09,16.12,0.13,2450.24,612.56,Balochistan,1,9,4,0,2021,3,12,1,81,164.0,145.0,144.0,162.0,151.25,9.215023964519377
2021-03-29,Magnesium,Mineral,410,177,266,12.59,16.78,0.13,2970.06,742.52,Punjab,0,9,4,2,2021,3,13,1,88,152.0,164.0,145.0,144.0,159.5,14.05939780597542
2021-04-05,Magnesium,Mineral,445,150,225,18.14,24.18,0.24,3627.0,906.75,Sindh,0,9,4,3,2021,4,14,2,95,177.0,152.0,164.0,145.0,160.75,12.473304828045096
2021-04-12,Magnesium,Mineral,449,153,230,41.29,55.05,0.17,8422.65,2105.66,Sindh,1,9,4,3,2021,4,15,2,102,150.0,177.0,152.0,164.0,158.0,12.727922061357846
2021-04-19,Magnesium,Mineral,352,148,222,30.15,40.2,0.22,5949.6,1487.4,Balochistan,1,9,4,0,2021,4,16,2,109,153.0,150.0,177.0,152.0,157.0,13.490737563232033
2021-04-26,Magnesium,Mineral,145,150,225,33.8,45.06,0.2,6759.0,1689.75,Sindh,0,9,4,3,2021,4,17,2,116,148.0,153.0,150.0,177.0,150.25,2.0615528128087908
2021-05-03,Magnesium,Mineral,326,155,233,24.02,32.02,0.23,4963.1,1240.78,Punjab,0,9,4,2,2021,5,18,2,123,150.0,148.0,153.0,150.0,151.5,3.109126351029577
2021-05-10,Magnesium,Mineral,459,160,240,39.03,52.04,0.01,8326.4,2081.6,Balochistan,0,9,4,0,2021,5,19,2,130,155.0,150.0,148.0,153.0,153.25,5.377421934967209
2021-05-17,Magnesium,Mineral,297,153,230,15.73,20.97,0.11,3208.41,802.1,Punjab,1,9,4,2,2021,5,20,2,137,160.0,155.0,150.0,148.0,154.5,4.203173404306143
2021-05-24,Magnesium,Mineral,113,168,252,27.89,37.18,0.16,6246.24,1561.56,Punjab,1,9,4,2,2021,5,21,2,144,153.0,160.0,155.0,150.0,159.0,6.683312551921127
2021-05-31,Magnesium,Mineral,293,151,227,38.69,51.58,0.04,7788.58,1947.15,Balochistan,1,9,4,0,2021,5,22,2,151,168.0,153.0,160.0,155.0,158.0,7.702813338860885
2021-06-07,Magnesium,Mineral,328,141,212,33.94,45.25,0.11,6380.25,1595.06,KP,0,9,4,1,2021,6,23,2,158,151.0,168.0,153.0,160.0,153.25,11.146748404803972
2021-06-14,Magnesium,Mineral,285,140,210,30.32,40.43,0.24,5660.2,1415.05,Balochistan,1,9,4,0,2021,6,24,2,165,141.0,151.0,168.0,153.0,150.0,12.987173159185435
2021-06-21,Magnesium,Mineral,442,152,228,26.5,35.33,0.14,5370.16,1342.54,Balochistan,1,9,4,0,2021,6,25,2,172,140.0,141.0,151.0,168.0,146.0,6.377042156569658
2021-06-28,Magnesium,Mineral,279,163,245,17.21,22.95,0.18,3740.85,935.21,Punjab,1,9,4,2,2021,6,26,2,179,152.0,140.0,141.0,151.0,149.0,10.801234497346428
2021-07-05,Magnesium,Mineral,343,165,248,25.94,34.58,0.24,5705.7,1426.43,Sindh,1,9,4,3,2021,7,27,3,186,163.0,152.0,140.0,141.0,155.0,11.518101695447328
2021-07-12,Magnesium,Mineral,338,142,213,13.92,18.56,0.22,2635.52,658.88,KP,1,9,4,1,2021,7,28,3,193,165.0,163.0,152.0,140.0,155.5,10.661457061146315
2021-07-19,Magnesium,Mineral,409,147,221,32.99,43.98,0.02,6465.06,1616.27,Sindh,1,9,4,3,2021,7,29,3,200,142.0,165.0,163.0,152.0,154.25,11.470977871713172
2021-07-26,Magnesium,Mineral,382,154,231,23.44,31.25,0.07,4812.5,1203.13,Sindh,0,9,4,3,2021,7,30,3,207,147.0,142.0,165.0,163.0,152.0,9.966610925150698
2021-08-02,Magnesium,Mineral,457,146,219,34.67,46.22,0.1,6748.12,1687.03,Punjab,0,9,4,2,2021,8,31,3,214,154.0,147.0,142.0,165.0,147.25,4.991659710623969
2021-08-09,Magnesium,Mineral,186,133,200,22.58,30.1,0.21,4003.3,1000.83,Balochistan,1,9,4,0,2021,8,32,3,221,146.0,154.0,147.0,142.0,145.0,8.755950357709125
2021-08-16,Magnesium,Mineral,387,135,203,29.2,38.93,0.02,5255.55,1313.89,Balochistan,0,9,4,0,2021,8,33,3,228,133.0,146.0,154.0,147.0,142.0,9.831920802501747
2021-08-23,Magnesium,Mineral,450,152,228,34.52,46.02,0.16,6995.04,1748.76,Punjab,1,9,4,2,2021,8,34,3,235,135.0,133.0,146.0,154.0,141.5,9.036961141150634
2021-08-30,Magnesium,Mineral,477,140,210,15.05,20.06,0.23,2808.4,702.1,Balochistan,0,9,4,0,2021,8,35,3,242,152.0,135.0,133.0,146.0,140.0,8.524474568362944
2021-09-06,Magnesium,Mineral,309,147,221,22.77,30.36,0.1,4462.92,1115.73,Punjab,1,9,4,2,2021,9,36,3,249,140.0,152.0,135.0,133.0,143.5,7.505553499465128
2021-09-13,Magnesium,Mineral,192,148,222,21.27,28.36,0.0,4197.28,1049.32,Punjab,0,9,4,2,2021,9,37,3,256,147.0,140.0,152.0,135.0,146.75,4.991659710623965
2021-09-20,Magnesium,Mineral,142,131,197,21.37,28.49,0.16,3732.19,933.05,KP,0,9,4,1,2021,9,38,3,263,148.0,147.0,140.0,152.0,141.5,7.852812659593155
2021-09-27,Magnesium,Mineral,368,142,213,18.79,25.05,0.04,3557.1,889.28,Punjab,0,9,4,2,2021,9,39,3,270,131.0,148.0,147.0,140.0,142.0,7.788880963698606
2021-10-04,Magnesium,Mineral,307,154,231,14.49,19.32,0.02,2975.28,743.82,Balochistan,1,9,4,0,2021,10,40,4,277,142.0,131.0,148.0,147.0,143.75,9.810708435174284
2021-10-11,Magnesium,Mineral,403,168,252,38.43,51.24,0.1,8608.32,2152.08,KP,0,9,4,1,2021,10,41,4,284,154.0,142.0,131.0,148.0,148.75,15.90335394395366
2021-10-18,Magnesium,Mineral,204,136,204,15.93,21.24,0.13,2888.64,722.16,Sindh,0,9,4,3,2021,10,42,4,291,168.0,154.0,142.0,131.0,150.0,14.142135623730942
2021-10-25,Magnesium,Mineral,253,161,242,30.17,40.23,0.17,6477.03,1619.26,Punjab,0,9,4,2,2021,10,43,4,298,136.0,168.0,154.0,142.0,154.75,13.74469594667945
2021-11-01,Magnesium,Mineral,336,157,236,24.77,33.02,0.09,5184.14,1296.04,Punjab,1,9,4,2,2021,11,44,4,305,161.0,136.0,168.0,154.0,155.5,13.771952173409058
2021-11-08,Magnesium,Mineral,207,119,179,21.49,28.65,0.04,3409.35,852.34,Sindh,1,9,4,3,2021,11,45,4,312,157.0,161.0,136.0,168.0,143.25,19.534158116830458
2021-11-15,Magnesium,Mineral,191,163,245,19.7,26.26,0.12,4280.38,1070.1,Sindh,0,9,4,3,2021,11,46,4,319,119.0,157.0,161.0,136.0,150.0,20.816659994661325
2021-11-22,Magnesium,Mineral,75,154,231,23.13,30.84,0.19,4749.36,1187.34,Punjab,0,9,4,2,2021,11,47,4,326,163.0,119.0,157.0,161.0,148.25,19.85572965166478
2021-11-29,Magnesium,Mineral,237,135,203,16.59,22.12,0.05,2986.2,746.55,Balochistan,1,9,4,0,2021,11,48,4,333,154.0,163.0,119.0,157.0,142.75,19.670197423174653
2021-12-06,Magnesium,Mineral,411,150,225,10.65,14.2,0.17,2130.0,532.5,Balochistan,1,9,4,0,2021,12,49,4,340,135.0,154.0,163.0,119.0,150.5,11.676186592091335
2021-12-13,Magnesium,Mineral,107,148,222,42.28,56.37,0.13,8342.76,2085.69,KP,0,9,4,1,2021,12,50,4,347,150.0,135.0,154.0,163.0,146.75,8.220908303425693
2021-12-20,Magnesium,Mineral,198,145,218,26.28,35.04,0.11,5080.8,1270.2,Balochistan,0,9,4,0,2021,12,51,4,354,148.0,150.0,135.0,154.0,144.5,6.658328118479407
2021-12-27,Magnesium,Mineral,334,148,222,36.16,48.21,0.15,7135.08,1783.77,Punjab,0,9,4,2,2021,12,52,4,361,145.0,148.0,150.0,135.0,147.75,2.0615528128088836
2022-01-03,Magnesium,Mineral,372,166,249,40.08,53.44,0.13,8871.04,2217.76,Punjab,1,9,4,2,2022,1,1,1,3,148.0,145.0,148.0,150.0,151.75,9.604686356149285
2022-01-10,Magnesium,Mineral,146,138,207,37.85,50.47,0.24,6964.86,1741.22,Sindh,1,9,4,3,2022,1,2,1,10,166.0,148.0,145.0,148.0,149.25,11.926860441876572
2022-01-17,Magnesium,Mineral,393,159,239,15.09,20.12,0.24,3199.08,799.77,Balochistan,0,9,4,0,2022,1,3,1,17,138.0,166.0,148.0,145.0,152.75,12.311918344975066
2022-01-24,Magnesium,Mineral,130,150,225,43.86,58.48,0.01,8772.0,2193.0,KP,0,9,4,1,2022,1,4,1,24,159.0,138.0,166.0,148.0,153.25,12.093386622447834
2022-01-31,Magnesium,Mineral,79,165,248,33.84,45.12,0.14,7444.8,1861.2,Punjab,1,9,4,2,2022,1,5,1,31,150.0,159.0,138.0,166.0,153.0,11.74734012447074
2022-02-07,Magnesium,Mineral,311,176,264,17.05,22.73,0.23,4000.48,1000.12,Sindh,1,9,4,3,2022,2,6,1,38,165.0,150.0,159.0,138.0,162.5,10.908712114635726
2022-02-14,Magnesium,Mineral,222,148,222,15.18,20.24,0.09,2995.52,748.88,KP,0,9,4,1,2022,2,7,1,45,176.0,165.0,150.0,159.0,159.75,13.225606476327158
2022-02-21,Magnesium,Mineral,354,140,210,21.89,29.19,0.04,4086.6,1021.65,Sindh,0,9,4,3,2022,2,8,1,52,148.0,176.0,165.0,150.0,157.25,16.276260831857755
2022-02-28,Magnesium,Mineral,169,158,237,19.43,25.9,0.14,4092.2,1023.05,Sindh,1,9,4,3,2022,2,9,1,59,140.0,148.0,176.0,165.0,155.5,15.524174696260031
2022-03-07,Magnesium,Mineral,469,148,222,24.38,32.51,0.19,4811.48,1202.87,Punjab,1,9,4,2,2022,3,10,1,66,158.0,140.0,148.0,176.0,148.5,7.371114795832005
2022-03-14,Magnesium,Mineral,301,129,194,20.12,26.82,0.17,3459.78,864.95,KP,0,9,4,1,2022,3,11,1,73,148.0,158.0,140.0,148.0,143.75,12.284814474246927
2022-03-21,Magnesium,Mineral,123,176,264,43.25,57.66,0.05,10148.16,2537.04,Balochistan,1,9,4,0,2022,3,12,1,80,129.0,148.0,158.0,140.0,152.75,19.619293225462197
2022-03-28,Magnesium,Mineral,99,170,255,40.67,54.23,0.08,9219.1,2304.78,Balochistan,1,9,4,0,2022,3,13,1,87,176.0,129.0,148.0,158.0,155.75,21.515498289992422
2022-04-04,Magnesium,Mineral,392,143,215,39.92,53.23,0.12,7611.89,1902.97,Sindh,1,9,4,3,2022,4,14,2,94,170.0,176.0,129.0,148.0,154.5,22.248595461286993
2022-04-11,Magnesium,Mineral,279,133,200,9.44,12.59,0.01,1674.47,418.62,Sindh,1,9,4,3,2022,4,15,2,101,143.0,170.0,176.0,129.0,155.5,20.760539492026698
2022-04-18,Magnesium,Mineral,149,142,213,41.09,54.79,0.17,7780.18,1945.05,Balochistan,0,9,4,0,2022,4,16,2,108,133.0,143.0,170.0,176.0,147.0,15.97915308560918
2022-04-25,Magnesium,Mineral,454,143,215,19.39,25.85,0.16,3696.55,924.14,Balochistan,0,9,4,0,2022,4,17,2,115,142.0,133.0,143.0,170.0,140.25,4.856267428111169
2022-05-02,Magnesium,Mineral,363,160,240,30.96,41.28,0.01,6604.8,1651.2,KP,1,9,4,1,2022,5,18,2,122,143.0,142.0,133.0,143.0,144.5,11.26942766958465
2022-05-09,Magnesium,Mineral,130,140,210,30.53,40.7,0.22,5698.0,1424.5,KP,1,9,4,1,2022,5,19,2,129,160.0,143.0,142.0,133.0,146.25,9.251126057585283
2022-05-16,Magnesium,Mineral,470,153,230,28.55,38.06,0.13,5823.18,1455.8,Punjab,1,9,4,2,2022,5,20,2,136,140.0,160.0,143.0,142.0,149.0,9.20144916122818
2022-05-23,Magnesium,Mineral,355,156,234,37.95,50.6,0.04,7893.6,1973.4,Punjab,1,9,4,2,2022,5,21,2,143,153.0,140.0,160.0,143.0,152.25,8.655441448399197
2022-05-30,Magnesium,Mineral,163,153,230,31.73,42.3,0.25,6471.9,1617.98,Punjab,1,9,4,2,2022,5,22,2,150,156.0,153.0,140.0,160.0,150.5,7.141428428542857
2022-06-06,Magnesium,Mineral,230,151,227,23.72,31.63,0.12,4776.13,1194.03,Balochistan,0,9,4,0,2022,6,23,2,157,153.0,156.0,153.0,140.0,153.25,2.0615528128088534
2022-06-13,Magnesium,Mineral,243,147,221,8.68,11.57,0.17,1700.79,425.2,KP,0,9,4,1,2022,6,24,2,164,151.0,153.0,156.0,153.0,151.75,3.774917217635389
2022-06-20,Magnesium,Mineral,326,160,240,36.13,48.17,0.19,7707.2,1926.8,Balochistan,0,9,4,0,2022,6,25,2,171,147.0,151.0,153.0,156.0,152.75,5.439056290693582
2022-06-27,Magnesium,Mineral,265,166,249,19.7,26.27,0.04,4360.82,1090.21,Balochistan,0,9,4,0,2022,6,26,2,178,160.0,147.0,151.0,153.0,156.0,8.602325267042634
2022-07-04,Magnesium,Mineral,201,135,203,17.94,23.92,0.24,3229.2,807.3,Punjab,1,9,4,2,2022,7,27,3,185,166.0,160.0,147.0,151.0,152.0,13.832329280830955
2022-07-11,Magnesium,Mineral,337,145,218,26.98,35.97,0.16,5215.65,1303.91,KP,0,9,4,1,2022,7,28,3,192,135.0,166.0,160.0,147.0,151.5,14.106735979665887
2022-07-18,Magnesium,Mineral,420,155,233,27.75,37.0,0.1,5735.0,1433.75,Punjab,1,9,4,2,2022,7,29,3,199,145.0,135.0,166.0,160.0,150.25,13.301002468485853
2022-07-25,Magnesium,Mineral,216,160,240,31.31,41.75,0.1,6680.0,1670.0,KP,1,9,4,1,2022,7,30,3,206,155.0,145.0,135.0,166.0,148.75,11.086778913041728
2022-08-01,Magnesium,Mineral,306,137,206,39.35,52.46,0.06,7187.02,1796.76,Sindh,0,9,4,3,2022,8,31,3,213,160.0,155.0,145.0,135.0,149.25,10.275375094532238
2022-08-08,Magnesium,Mineral,118,165,248,19.76,26.34,0.04,4346.1,1086.53,Balochistan,1,9,4,0,2022,8,32,3,220,137.0,160.0,155.0,145.0,154.25,12.203141671990323
2022-08-15,Magnesium,Mineral,353,150,225,17.28,23.04,0.22,3456.0,864.0,Punjab,1,9,4,2,2022,8,33,3,227,165.0,137.0,160.0,155.0,153.0,12.355835328567096
2022-08-22,Magnesium,Mineral,479,151,227,43.5,58.0,0.08,8758.0,2189.5,Punjab,1,9,4,2,2022,8,34,3,234,150.0,165.0,137.0,160.0,150.75,11.441882129556603
2022-08-29,Magnesium,Mineral,71,172,258,17.62,23.49,0.1,4040.28,1010.07,Punjab,1,9,4,2,2022,8,35,3,241,151.0,150.0,165.0,137.0,159.5,10.785793124908958
2022-09-05,Magnesium,Mineral,206,175,263,14.94,19.92,0.12,3486.0,871.5,KP,0,9,4,1,2022,9,36,3,248,172.0,151.0,150.0,165.0,162.0,13.341664064126334
2022-09-12,Magnesium,Mineral,207,137,206,44.39,59.19,0.07,8109.03,2027.26,Balochistan,1,9,4,0,2022,9,37,3,255,175.0,172.0,151.0,150.0,158.75,18.006943105369107
2022-09-19,Magnesium,Mineral,74,138,207,38.03,50.71,0.19,6997.98,1749.5,Punjab,1,9,4,2,2022,9,38,3,262,137.0,175.0,172.0,151.0,155.5,20.8246648632497
2022-09-26,Magnesium,Mineral,238,166,249,40.34,53.79,0.13,8929.14,2232.29,Sindh,0,9,4,3,2022,9,39,3,269,138.0,137.0,175.0,172.0,154.0,19.407902170679517
2022-10-03,Magnesium,Mineral,161,137,206,36.13,48.17,0.11,6599.29,1649.82,Sindh,0,9,4,3,2022,10,40,4,276,166.0,138.0,137.0,175.0,144.5,14.341083176199305
2022-10-10,Magnesium,Mineral,414,131,197,38.06,50.74,0.22,6646.94,1661.74,Balochistan,1,9,4,0,2022,10,41,4,283,137.0,166.0,138.0,137.0,143.0,15.641824275533425
2022-10-17,Magnesium,Mineral,398,143,215,9.88,13.17,0.25,1883.31,470.83,KP,0,9,4,1,2022,10,42,4,290,131.0,137.0,166.0,138.0,144.25,15.30522786501397
2022-10-24,Magnesium,Mineral,164,152,228,40.82,54.42,0.19,8271.84,2067.96,Balochistan,1,9,4,0,2022,10,43,4,297,143.0,131.0,137.0,166.0,140.75,8.958236433584466
2022-10-31,Magnesium,Mineral,386,140,210,7.97,10.63,0.05,1488.2,372.05,Punjab,1,9,4,2,2022,10,44,4,304,152.0,143.0,131.0,137.0,141.5,8.660254037844393
2022-11-07,Magnesium,Mineral,77,153,230,13.1,17.46,0.21,2671.38,667.85,Sindh,1,9,4,3,2022,11,45,4,311,140.0,152.0,143.0,131.0,147.0,6.480740698407869
2022-11-14,Magnesium,Mineral,225,169,254,15.56,20.74,0.22,3505.06,876.27,Balochistan,1,9,4,0,2022,11,46,4,318,153.0,140.0,152.0,143.0,153.5,11.902380714238085
2022-11-21,Magnesium,Mineral,441,165,248,22.76,30.35,0.12,5007.75,1251.94,Balochistan,0,9,4,0,2022,11,47,4,325,169.0,153.0,140.0,152.0,156.75,13.073510112692258
2022-11-28,Magnesium,Mineral,432,137,206,22.84,30.45,0.17,4171.65,1042.91,Balochistan,0,9,4,0,2022,11,48,4,332,165.0,169.0,153.0,140.0,156.0,14.37590576856522
2022-12-05,Magnesium,Mineral,489,168,252,20.38,27.17,0.15,4564.56,1141.14,Balochistan,1,9,4,0,2022,12,49,4,339,137.0,165.0,169.0,153.0,159.75,15.261607604268521
2022-12-12,Magnesium,Mineral,88,135,203,28.42,37.89,0.07,5115.15,1278.79,Balochistan,0,9,4,0,2022,12,50,4,346,168.0,137.0,165.0,169.0,151.25,17.67059704707229
2022-12-19,Magnesium,Mineral,124,171,257,25.04,33.39,0.02,5709.69,1427.42,Punjab,1,9,4,2,2022,12,51,4,353,135.0,168.0,137.0,165.0,152.75,19.397164741270824
2022-12-26,Magnesium,Mineral,269,150,225,13.61,18.14,0.01,2721.0,680.25,Sindh,0,9,4,3,2022,12,52,4,360,171.0,135.0,168.0,137.0,156.0,16.792855623746664
2023-01-02,Magnesium,Mineral,456,168,252,35.39,47.19,0.04,7927.92,1981.98,Sindh,1,9,4,3,2023,1,1,1,2,150.0,171.0,135.0,168.0,156.0,16.792855623746664
2023-01-09,Magnesium,Mineral,99,141,212,38.23,50.97,0.18,7186.77,1796.69,Sindh,0,9,4,3,2023,1,2,1,9,168.0,150.0,171.0,135.0,157.5,14.38749456993816
2023-01-16,Magnesium,Mineral,494,181,272,9.29,12.39,0.04,2242.59,560.65,Sindh,0,9,4,3,2023,1,3,1,16,141.0,168.0,150.0,171.0,160.0,17.944358444926362
2023-01-23,Magnesium,Mineral,105,173,260,10.04,13.38,0.25,2314.74,578.69,Punjab,1,9,4,2,2023,1,4,1,23,181.0,141.0,168.0,150.0,165.75,17.34694977990847
2023-01-30,Magnesium,Mineral,286,163,245,37.82,50.43,0.23,8220.09,2055.02,KP,0,9,4,1,2023,1,5,1,30,173.0,181.0,141.0,168.0,164.5,17.310882896798375
2023-02-06,Magnesium,Mineral,377,127,191,10.59,14.12,0.18,1793.24,448.31,Punjab,0,9,4,2,2023,2,6,1,37,163.0,173.0,181.0,141.0,161.0,23.83275057562597
2023-02-13,Magnesium,Mineral,68,169,254,15.73,20.97,0.2,3543.93,885.98,Balochistan,0,9,4,0,2023,2,7,1,44,127.0,163.0,173.0,181.0,158.0,21.07130750570548
2023-02-20,Magnesium,Mineral,294,163,245,12.87,17.16,0.01,2797.08,699.27,KP,0,9,4,1,2023,2,8,1,51,169.0,127.0,163.0,173.0,155.5,19.20937271229855
2023-02-27,Magnesium,Mineral,372,145,218,35.66,47.55,0.08,6894.75,1723.69,Punjab,0,9,4,2,2023,2,9,1,58,163.0,169.0,127.0,163.0,151.0,18.973665961010276
2023-03-06,Magnesium,Mineral,227,156,234,42.58,56.77,0.02,8856.12,2214.03,KP,1,9,4,1,2023,3,10,1,65,145.0,163.0,169.0,127.0,158.25,10.307764064044155
2023-03-13,Magnesium,Mineral,447,127,191,16.23,21.64,0.07,2748.28,687.07,Balochistan,1,9,4,0,2023,3,11,1,72,156.0,145.0,163.0,169.0,147.75,15.692354826475215
2023-03-20,Magnesium,Mineral,148,155,233,19.93,26.57,0.25,4118.35,1029.59,Punjab,1,9,4,2,2023,3,12,1,79,127.0,156.0,145.0,163.0,145.75,13.450526631573451
2023-03-27,Magnesium,Mineral,415,166,249,14.1,18.8,0.07,3120.8,780.2,Sindh,1,9,4,3,2023,3,13,1,86,155.0,127.0,156.0,145.0,151.0,16.753109164172084
2023-04-03,Magnesium,Mineral,209,155,233,32.0,42.67,0.21,6613.85,1653.46,KP,1,9,4,1,2023,4,14,2,93,166.0,155.0,127.0,156.0,150.75,16.660832312142553
2023-04-10,Magnesium,Mineral,278,153,230,20.15,26.87,0.1,4111.11,1027.78,Balochistan,1,9,4,0,2023,4,15,2,100,155.0,166.0,155.0,127.0,157.25,5.909032633745283
2023-04-17,Magnesium,Mineral,228,160,240,43.46,57.95,0.13,9272.0,2318.0,Sindh,1,9,4,3,2023,4,16,2,107,153.0,155.0,166.0,155.0,158.5,5.8022983951764076
2023-04-24,Magnesium,Mineral,63,156,234,33.9,45.2,0.17,7051.2,1762.8,Punjab,0,9,4,2,2023,4,17,2,114,160.0,153.0,155.0,166.0,156.0,2.943920288775957
2023-05-01,Magnesium,Mineral,430,132,198,37.02,49.36,0.21,6515.52,1628.88,Sindh,0,9,4,3,2023,5,18,2,121,156.0,160.0,153.0,155.0,150.25,12.500000000000004
2023-05-08,Magnesium,Mineral,114,122,183,20.09,26.79,0.05,3268.38,817.1,Punjab,1,9,4,2,2023,5,19,2,128,132.0,156.0,160.0,153.0,142.5,18.430047929038786
2023-05-15,Magnesium,Mineral,460,149,224,19.82,26.42,0.12,3936.58,984.15,Sindh,0,9,4,3,2023,5,20,2,135,122.0,132.0,156.0,160.0,139.75,15.542951242712354
2023-05-22,Magnesium,Mineral,427,158,237,13.02,17.36,0.04,2742.88,685.72,KP,0,9,4,1,2023,5,21,2,142,149.0,122.0,132.0,156.0,140.25,16.255768207008863
2023-05-29,Magnesium,Mineral,273,153,230,23.53,31.37,0.24,4799.61,1199.9,Balochistan,0,9,4,0,2023,5,22,2,149,158.0,149.0,122.0,132.0,145.5,16.093476939431085
2023-06-05,Magnesium,Mineral,264,157,236,16.39,21.85,0.19,3430.45,857.61,Punjab,0,9,4,2,2023,6,23,2,156,153.0,158.0,149.0,122.0,154.25,4.112987559751029
2023-06-12,Magnesium,Mineral,461,134,201,10.93,14.57,0.05,1952.38,488.1,Balochistan,1,9,4,0,2023,6,24,2,163,157.0,153.0,158.0,149.0,150.5,11.210114480533495
2023-06-19,Magnesium,Mineral,425,139,209,16.63,22.17,0.25,3081.63,770.41,KP,0,9,4,1,2023,6,25,2,170,134.0,157.0,153.0,158.0,145.75,10.996211468804459
2023-06-26,Magnesium,Mineral,300,146,219,39.83,53.1,0.15,7752.6,1938.15,Sindh,1,9,4,3,2023,6,26,2,177,139.0,134.0,157.0,153.0,144.0,9.966610925150706
2023-07-03,Magnesium,Mineral,154,160,240,28.03,37.37,0.02,5979.2,1494.8,Sindh,1,9,4,3,2023,7,27,3,184,146.0,139.0,134.0,157.0,144.75,11.295279249904954
2023-07-10,Magnesium,Mineral,186,150,225,36.45,48.6,0.16,7290.0,1822.5,Sindh,1,9,4,3,2023,7,28,3,191,160.0,146.0,139.0,134.0,148.75,8.770214744615249
2023-07-17,Magnesium,Mineral,353,145,218,19.71,26.28,0.12,3810.6,952.65,KP,1,9,4,1,2023,7,29,3,198,150.0,160.0,146.0,139.0,150.25,6.849574196011509
2023-07-24,Magnesium,Mineral,398,141,212,13.28,17.7,0.17,2495.7,623.93,KP,1,9,4,1,2023,7,30,3,205,145.0,150.0,160.0,146.0,149.0,8.205689083394116
2023-07-31,Magnesium,Mineral,231,163,245,27.1,36.13,0.09,5889.19,1472.3,KP,0,9,4,1,2023,7,31,3,212,141.0,145.0,150.0,160.0,149.75,9.569918146637063
2023-08-07,Magnesium,Mineral,117,153,230,25.49,33.98,0.16,5198.94,1299.74,KP,1,9,4,1,2023,8,32,3,219,163.0,141.0,145.0,150.0,150.5,9.712534856222312
2023-08-14,Magnesium,Mineral,495,154,231,16.12,21.49,0.2,3309.46,827.37,KP,0,9,4,1,2023,8,33,3,226,153.0,163.0,141.0,145.0,152.75,9.03234926989282
2023-08-21,Magnesium,Mineral,390,173,260,23.56,31.41,0.14,5433.93,1358.48,Sindh,0,9,4,3,2023,8,34,3,233,154.0,153.0,163.0,141.0,160.75,9.322910847298003
2023-08-28,Magnesium,Mineral,221,165,248,8.74,11.65,0.07,1922.25,480.56,Punjab,0,9,4,2,2023,8,35,3,240,173.0,154.0,153.0,163.0,161.25,9.53502316025854
2023-09-04,Magnesium,Mineral,474,174,261,40.07,53.43,0.02,9296.82,2324.21,KP,0,9,4,1,2023,9,36,3,247,165.0,173.0,154.0,153.0,166.5,9.255628917943218
2023-09-11,Magnesium,Mineral,438,161,242,34.94,46.59,0.2,7500.99,1875.25,Punjab,0,9,4,2,2023,9,37,3,254,174.0,165.0,173.0,154.0,168.25,6.291528696058967
2023-09-18,Magnesium,Mineral,103,131,197,32.24,42.99,0.02,5631.69,1407.92,Punjab,0,9,4,2,2023,9,38,3,261,161.0,174.0,165.0,173.0,157.75,18.64358692240668
2023-09-25,Magnesium,Mineral,230,143,215,13.94,18.59,0.03,2658.37,664.59,KP,1,9,4,1,2023,9,39,3,268,131.0,161.0,174.0,165.0,152.25,19.032866310674283
2023-10-02,Magnesium,Mineral,415,170,255,38.66,51.55,0.18,8763.5,2190.88,Punjab,1,9,4,2,2023,10,40,4,275,143.0,131.0,161.0,174.0,151.25,17.55704986607944
2023-10-09,Magnesium,Mineral,432,134,201,21.47,28.63,0.18,3836.42,959.11,Sindh,0,9,4,3,2023,10,41,4,282,170.0,143.0,131.0,161.0,144.5,17.74823934929885
2023-10-16,Magnesium,Mineral,77,157,236,38.59,51.45,0.19,8077.65,2019.41,Punjab,1,9,4,2,2023,10,42,4,289,134.0,170.0,143.0,131.0,151.0,15.8113883008419
2023-10-23,Magnesium,Mineral,344,151,227,27.76,37.01,0.15,5588.51,1397.13,Balochistan,1,9,4,0,2023,10,43,4,296,157.0,134.0,170.0,143.0,153.0,14.944341180973264
2023-10-30,Magnesium,Mineral,385,134,201,15.65,20.87,0.06,2796.58,699.15,KP,1,9,4,1,2023,10,44,4,303,151.0,157.0,134.0,170.0,144.0,11.803954139750523
2023-11-06,Magnesium,Mineral,279,146,219,16.86,22.48,0.24,3282.08,820.52,Punjab,1,9,4,2,2023,11,45,4,310,134.0,151.0,157.0,134.0,147.0,9.763879010584548
2023-11-13,Magnesium,Mineral,436,145,218,26.03,34.71,0.01,5032.95,1258.24,Sindh,0,9,4,3,2023,11,46,4,317,146.0,134.0,151.0,157.0,144.0,7.164728420068235
2023-11-20,Magnesium,Mineral,500,157,236,12.86,17.14,0.19,2690.98,672.75,Balochistan,1,9,4,0,2023,11,47,4,324,145.0,146.0,134.0,151.0,145.5,9.398581453247797
2023-11-27,Magnesium,Mineral,461,154,231,32.1,42.8,0.23,6591.2,1647.8,Punjab,0,9,4,2,2023,11,48,4,331,157.0,145.0,146.0,134.0,150.5,5.916079783099624
2023-12-04,Magnesium,Mineral,146,161,242,29.02,38.69,0.05,6229.09,1557.27,Punjab,0,9,4,2,2023,12,49,4,338,154.0,157.0,145.0,146.0,154.25,6.800735254367728
2023-12-11,Magnesium,Mineral,487,152,228,22.79,30.39,0.1,4619.28,1154.82,Balochistan,1,9,4,0,2023,12,50,4,345,161.0,154.0,157.0,145.0,156.0,3.9157800414902533
2023-12-18,Magnesium,Mineral,349,126,189,19.11,25.48,0.01,3210.48,802.62,Sindh,1,9,4,3,2023,12,51,4,352,152.0,161.0,154.0,157.0,148.25,15.326991442115007
2023-12-25,Magnesium,Mineral,440,141,212,30.87,41.16,0.11,5803.56,1450.89,Punjab,0,9,4,2,2023,12,52,4,359,126.0,152.0,161.0,154.0,145.0,15.077577170531523
2024-01-01,Magnesium,Mineral,240,150,225,35.67,47.56,0.07,7134.0,1783.5,KP,0,9,4,1,2024,1,1,1,1,141.0,126.0,152.0,161.0,142.25,11.84271928232701
2024-01-08,Magnesium,Mineral,108,162,243,27.18,36.24,0.07,5870.88,1467.72,Balochistan,1,9,4,0,2024,1,2,1,8,150.0,141.0,126.0,152.0,144.75,15.173990905493518
2024-01-15,Magnesium,Mineral,487,149,224,30.72,40.96,0.24,6103.04,1525.76,Balochistan,0,9,4,0,2024,1,3,1,15,162.0,150.0,141.0,126.0,150.5,8.660254037844387
2024-01-22,Magnesium,Mineral,113,154,231,26.66,35.55,0.12,5474.7,1368.68,Punjab,1,9,4,2,2024,1,4,1,22,149.0,162.0,150.0,141.0,153.75,5.909032633745281
2024-01-29,Magnesium,Mineral,190,160,240,13.98,18.64,0.15,2982.4,745.6,Balochistan,1,9,4,0,2024,1,5,1,29,154.0,149.0,162.0,150.0,156.25,5.909032633745281
2024-02-05,Magnesium,Mineral,467,141,212,33.59,44.79,0.08,6315.39,1578.85,Punjab,0,9,4,2,2024,2,6,1,36,160.0,154.0,149.0,162.0,151.0,8.041558721209883
2024-02-12,Magnesium,Mineral,51,170,255,36.22,48.29,0.14,8209.3,2052.33,Balochistan,1,9,4,0,2024,2,7,1,43,141.0,160.0,154.0,149.0,156.25,12.120918557051143
2024-02-19,Magnesium,Mineral,161,143,215,10.31,13.74,0.06,1964.82,491.21,Punjab,1,9,4,2,2024,2,8,1,50,170.0,141.0,160.0,154.0,153.5,13.916417163432072
2024-02-26,Magnesium,Mineral,438,145,218,23.98,31.97,0.2,4635.65,1158.91,Balochistan,1,9,4,0,2024,2,9,1,57,143.0,170.0,141.0,160.0,149.75,13.598406769422175
2024-03-04,Magnesium,Mineral,167,142,213,9.01,12.01,0.15,1705.42,426.36,Sindh,1,9,4,3,2024,3,10,1,64,145.0,143.0,170.0,141.0,150.0,13.391539617733784
2024-03-11,Magnesium,Mineral,133,143,215,21.05,28.06,0.16,4012.58,1003.15,KP,1,9,4,1,2024,3,11,1,71,142.0,145.0,143.0,170.0,143.25,1.2583057392118773
2024-03-18,Magnesium,Mineral,66,133,200,40.92,54.56,0.12,7256.48,1814.12,Punjab,0,9,4,2,2024,3,12,1,78,143.0,142.0,145.0,143.0,140.75,5.315072906367347
2024-03-25,Magnesium,Mineral,417,171,257,25.58,34.1,0.01,5831.1,1457.78,Sindh,1,9,4,3,2024,3,13,1,85,133.0,143.0,142.0,145.0,147.25,16.459546368799685
2024-04-01,Magnesium,Mineral,128,146,219,20.67,27.56,0.22,4023.76,1005.94,KP,0,9,4,1,2024,4,14,2,92,171.0,133.0,143.0,142.0,148.25,16.15291511358451
2024-04-08,Magnesium,Mineral,438,147,221,25.04,33.38,0.21,4906.86,1226.72,Sindh,0,9,4,3,2024,4,15,2,99,146.0,171.0,133.0,143.0,149.25,15.840349322747489
2024-04-15,Magnesium,Mineral,497,168,252,18.08,24.11,0.13,4050.48,1012.62,Punjab,0,9,4,2,2024,4,16,2,106,147.0,146.0,171.0,133.0,158.0,13.341664064126343
2024-04-22,Magnesium,Mineral,401,171,257,16.66,22.21,0.2,3797.91,949.48,Punjab,1,9,4,2,2024,4,17,2,113,168.0,147.0,146.0,171.0,158.0,13.341664064126343
2024-04-29,Magnesium,Mineral,173,169,254,17.21,22.95,0.23,3878.55,969.64,Sindh,1,9,4,3,2024,4,18,2,120,171.0,168.0,147.0,146.0,163.75,11.236102527122128
2024-05-06,Magnesium,Mineral,422,146,219,29.26,39.01,0.16,5695.46,1423.87,KP,1,9,4,1,2024,5,19,2,127,169.0,171.0,168.0,147.0,163.5,11.733143937865373
2024-05-13,Magnesium,Mineral,77,153,230,33.26,44.34,0.1,6784.02,1696.01,KP,1,9,4,1,2024,5,20,2,134,146.0,169.0,171.0,168.0,159.75,12.20314167199033
2024-05-20,Magnesium,Mineral,79,155,233,11.04,14.72,0.19,2281.6,570.4,Punjab,1,9,4,2,2024,5,21,2,141,153.0,146.0,169.0,171.0,155.75,9.639329160614183
2024-05-27,Magnesium,Mineral,412,154,231,35.79,47.72,0.06,7348.88,1837.22,Sindh,1,9,4,3,2024,5,22,2,148,155.0,153.0,146.0,169.0,152.0,4.082482904638668
2024-06-03,Magnesium,Mineral,356,136,204,8.04,10.72,0.21,1457.92,364.48,Punjab,0,9,4,2,2024,6,23,2,155,154.0,155.0,153.0,146.0,149.5,9.036961141150655
2024-06-10,Magnesium,Mineral,86,174,261,9.48,12.64,0.19,2199.36,549.84,Balochistan,0,9,4,0,2024,6,24,2,162,136.0,154.0,155.0,153.0,154.75,15.521490478258423
2024-06-17,Magnesium,Mineral,373,165,248,8.22,10.96,0.16,1808.4,452.1,KP,0,9,4,1,2024,6,25,2,169,174.0,136.0,154.0,155.0,157.25,16.3579746097533
2024-06-24,Magnesium,Mineral,198,159,239,20.31,27.08,0.04,4305.72,1076.43,Punjab,1,9,4,2,2024,6,26,2,176,165.0,174.0,136.0,154.0,158.5,16.217274740226863
2024-07-01,Magnesium,Mineral,477,148,222,17.27,23.03,0.01,3408.44,852.11,KP,1,9,4,1,2024,7,27,3,183,159.0,165.0,174.0,136.0,161.5,10.908712114635724
2024-07-08,Magnesium,Mineral,152,140,210,19.07,25.42,0.09,3558.8,889.7,Punjab,0,9,4,2,2024,7,28,3,190,148.0,159.0,165.0,174.0,153.0,11.165422816296164
2024-07-15,Magnesium,Mineral,164,124,186,23.97,31.96,0.18,3963.04,990.76,Sindh,1,9,4,3,2024,7,29,3,197,140.0,148.0,159.0,165.0,142.75,14.72809107341026
2024-07-22,Magnesium,Mineral,217,145,218,7.75,10.33,0.12,1497.85,374.46,KP,0,9,4,1,2024,7,30,3,204,124.0,140.0,148.0,159.0,139.25,10.68877916321599
2024-07-29,Magnesium,Mineral,91,154,231,19.71,26.28,0.06,4047.12,1011.78,Balochistan,0,9,4,0,2024,7,31,3,211,145.0,124.0,140.0,148.0,140.75,12.579745625409137
2024-08-05,Magnesium,Mineral,340,174,261,22.85,30.46,0.04,5300.04,1325.01,Sindh,1,9,4,3,2024,8,32,3,218,154.0,145.0,124.0,140.0,149.25,20.74246851269155
2024-08-12,Magnesium,Mineral,463,130,195,38.3,51.06,0.22,6637.8,1659.45,Punjab,0,9,4,2,2024,8,33,3,225,174.0,154.0,145.0,124.0,150.75,18.391574157749528
2024-08-19,Magnesium,Mineral,499,136,204,40.44,53.92,0.09,7333.12,1833.28,Balochistan,1,9,4,0,2024,8,34,3,232,130.0,174.0,154.0,145.0,148.5,19.824227601599016
2024-08-26,Magnesium,Mineral,183,130,195,9.41,12.54,0.15,1630.2,407.55,Sindh,1,9,4,3,2024,8,35,3,239,136.0,130.0,174.0,154.0,142.5,21.189620100417095
2024-09-02,Magnesium,Mineral,105,143,215,21.18,28.24,0.25,4038.32,1009.58,Punjab,1,9,4,2,2024,9,36,3,246,130.0,136.0,130.0,174.0,134.75,6.184658438426509
2024-09-09,Magnesium,Mineral,281,163,245,30.37,40.49,0.14,6599.87,1649.97,Balochistan,0,9,4,0,2024,9,37,3,253,143.0,130.0,136.0,130.0,143.0,14.352700094407329
2024-09-16,Magnesium,Mineral,76,138,207,25.24,33.65,0.19,4643.7,1160.93,Sindh,1,9,4,3,2024,9,38,3,260,163.0,143.0,130.0,136.0,143.5,14.059397805975433
2024-09-23,Magnesium,Mineral,267,132,198,12.41,16.55,0.07,2184.6,546.15,Punjab,0,9,4,2,2024,9,39,3,267,138.0,163.0,143.0,130.0,144.0,13.441230102437308
2024-09-30,Magnesium,Mineral,211,153,230,12.29,16.38,0.11,2506.14,626.54,Sindh,1,9,4,3,2024,9,40,3,274,132.0,138.0,163.0,143.0,146.5,14.106735979665888
2024-10-07,Magnesium,Mineral,353,164,246,27.59,36.79,0.16,6033.56,1508.39,KP,0,9,4,1,2024,10,41,4,281,153.0,132.0,138.0,163.0,146.75,14.500000000000004
2024-10-14,Magnesium,Mineral,321,159,239,29.03,38.71,0.02,6154.89,1538.72,Punjab,1,9,4,2,2024,10,42,4,288,164.0,153.0,132.0,138.0,152.0,14.071247279470294
2024-10-21,Magnesium,Mineral,445,155,233,20.98,27.97,0.04,4335.35,1083.84,KP,1,9,4,1,2024,10,43,4,295,159.0,164.0,153.0,132.0,157.75,4.856267428111177
2024-10-28,Magnesium,Mineral,335,149,224,18.35,24.47,0.18,3646.03,911.51,Sindh,1,9,4,3,2024,10,44,4,302,155.0,159.0,164.0,153.0,156.75,6.344288770224778
2024-11-04,Magnesium,Mineral,479,149,224,23.2,30.93,0.22,4608.57,1152.14,Balochistan,1,9,4,0,2024,11,45,4,309,149.0,155.0,159.0,164.0,153.0,4.898979485566382
2024-11-11,Magnesium,Mineral,295,160,240,10.73,14.31,0.21,2289.6,572.4,Punjab,1,9,4,2,2024,11,46,4,316,149.0,149.0,155.0,159.0,153.25,5.315072906367349
2024-11-18,Magnesium,Mineral,159,126,189,21.75,29.0,0.22,3654.0,913.5,Balochistan,1,9,4,0,2024,11,47,4,323,160.0,149.0,149.0,155.0,146.0,14.306175822583297
2024-11-25,Magnesium,Mineral,331,148,222,18.83,25.1,0.09,3714.8,928.7,Balochistan,1,9,4,0,2024,11,48,4,330,126.0,160.0,149.0,149.0,145.75,14.244882121894406
2024-12-02,Magnesium,Mineral,75,152,228,21.25,28.33,0.25,4306.16,1076.54,Balochistan,0,9,4,0,2024,12,49,4,337,148.0,126.0,160.0,149.0,146.5,14.54876856186347
2024-12-09,Magnesium,Mineral,187,167,251,28.75,38.33,0.1,6401.11,1600.28,Punjab,1,9,4,2,2024,12,50,4,344,152.0,148.0,126.0,160.0,148.25,16.938614661968874
2024-12-16,Magnesium,Mineral,117,153,230,34.71,46.28,0.14,7080.84,1770.21,Punjab,1,9,4,2,2024,12,51,4,351,167.0,152.0,148.0,126.0,155.0,8.286535263104051
2024-12-23,Magnesium,Mineral,101,145,218,23.66,31.54,0.17,4573.3,1143.33,Punjab,0,9,4,2,2024,12,52,4,358,153.0,167.0,152.0,148.0,154.25,9.215023964519405
2024-12-30,Magnesium,Mineral,414,156,234,38.26,51.01,0.08,7957.56,1989.39,Sindh,1,9,4,3,2024,12,1,4,365,145.0,153.0,167.0,152.0,155.25,9.10585891976517
2025-01-06,Magnesium,Mineral,183,177,266,9.88,13.17,0.17,2331.09,582.77,Punjab,1,9,4,2,2025,1,2,1,6,156.0,145.0,153.0,167.0,157.75,13.647344063956188
2025-01-13,Magnesium,Mineral,386,141,212,29.73,39.64,0.19,5589.24,1397.31,Sindh,0,9,4,3,2025,1,3,1,13,177.0,156.0,145.0,153.0,154.75,16.13226580490169
2025-01-20,Magnesium,Mineral,189,157,236,8.53,11.37,0.05,1785.09,446.27,KP,0,9,4,1,2025,1,4,1,20,141.0,177.0,156.0,145.0,157.75,14.773286702694167
2025-01-27,Magnesium,Mineral,273,150,225,18.38,24.51,0.1,3676.5,919.13,Sindh,1,9,4,3,2025,1,5,1,27,157.0,141.0,177.0,156.0,156.25,15.305227865013975
2025-02-03,Magnesium,Mineral,111,158,237,11.39,15.19,0.07,2400.02,600.01,Punjab,0,9,4,2,2025,2,6,1,34,150.0,157.0,141.0,177.0,151.5,7.852812659593184
2025-02-10,Magnesium,Mineral,383,148,222,38.03,50.7,0.13,7503.6,1875.9,Sindh,1,9,4,3,2025,2,7,1,41,158.0,150.0,157.0,141.0,153.25,4.99165971062401
2025-02-17,Magnesium,Mineral,125,147,221,25.49,33.98,0.15,4995.06,1248.77,Punjab,1,9,4,2,2025,2,8,1,48,148.0,158.0,150.0,157.0,150.75,4.99165971062401
2025-02-24,Magnesium,Mineral,64,136,204,29.81,39.74,0.09,5404.64,1351.16,Balochistan,0,9,4,0,2025,2,9,1,55,147.0,148.0,158.0,150.0,147.25,8.995369179009106
2025-03-03,Magnesium,Mineral,395,147,221,9.05,12.06,0.17,1772.82,443.21,Sindh,1,9,4,3,2025,3,10,1,62,136.0,147.0,148.0,158.0,144.5,5.686240703077352
2025-03-10,Magnesium,Mineral,52,161,242,17.22,22.96,0.09,3696.56,924.14,Punjab,0,9,4,2,2025,3,11,1,69,147.0,136.0,147.0,148.0,147.75,10.242883708539647
2025-03-17,Magnesium,Mineral,136,146,219,28.46,37.94,0.03,5539.24,1384.81,KP,1,9,4,1,2025,3,12,1,76,161.0,147.0,136.0,147.0,147.5,10.279429296739528
2025-03-24,Magnesium,Mineral,302,171,257,15.56,20.75,0.23,3548.25,887.06,Balochistan,1,9,4,0,2025,3,13,1,83,146.0,161.0,147.0,136.0,156.25,11.982626312012467
2025-03-31,Magnesium,Mineral,430,138,207,21.34,28.45,0.25,3926.1,981.53,Balochistan,1,9,4,0,2025,3,14,1,90,171.0,146.0,161.0,147.0,154.0,14.809906594348714
2020-02-03,Melatonin,Sleep Aid,483,135,203,30.57,40.76,0.02,5502.6,1375.65,Punjab,0,10,8,2,2020,2,6,1,34,156.0,128.0,141.0,164.0,140.0,11.916375287812984
2020-02-10,Melatonin,Sleep Aid,500,146,219,11.66,15.54,0.11,2268.84,567.21,KP,0,10,8,1,2020,2,7,1,41,135.0,156.0,128.0,141.0,141.25,12.311918344975057
2020-02-17,Melatonin,Sleep Aid,469,144,216,14.85,19.8,0.15,2851.2,712.8,Punjab,0,10,8,2,2020,2,8,1,48,146.0,135.0,156.0,128.0,145.25,8.616843969807045
2020-02-24,Melatonin,Sleep Aid,177,164,246,23.63,31.5,0.17,5166.0,1291.5,KP,0,10,8,1,2020,2,9,1,55,144.0,146.0,135.0,156.0,147.25,12.148388096094617
2020-03-02,Melatonin,Sleep Aid,499,154,231,22.57,30.09,0.25,4633.86,1158.47,Sindh,1,10,8,3,2020,3,10,1,62,164.0,144.0,146.0,135.0,152.0,9.092121131323903
2020-03-09,Melatonin,Sleep Aid,107,160,240,30.51,40.68,0.02,6508.8,1627.2,Sindh,0,10,8,3,2020,3,11,1,69,154.0,164.0,144.0,146.0,155.5,8.698658900466592
2020-03-16,Melatonin,Sleep Aid,156,170,255,43.65,58.2,0.02,9894.0,2473.5,Sindh,0,10,8,3,2020,3,12,1,76,160.0,154.0,164.0,144.0,162.0,6.733003292241381
2020-03-23,Melatonin,Sleep Aid,456,143,215,44.03,58.71,0.21,8395.53,2098.88,Sindh,0,10,8,3,2020,3,13,1,83,170.0,160.0,154.0,164.0,156.75,11.29527924990495
2020-03-30,Melatonin,Sleep Aid,309,155,233,13.6,18.13,0.14,2810.15,702.54,Punjab,1,10,8,2,2020,3,14,1,90,143.0,170.0,160.0,154.0,157.0,11.224972160321824
2020-04-06,Melatonin,Sleep Aid,140,156,234,40.34,53.79,0.13,8391.24,2097.81,KP,1,10,8,1,2020,4,15,2,97,155.0,143.0,170.0,160.0,156.0,11.045361017187261
2020-04-13,Melatonin,Sleep Aid,371,140,210,38.15,50.86,0.14,7120.4,1780.1,Punjab,0,10,8,2,2020,4,16,2,104,156.0,155.0,143.0,170.0,148.5,8.185352771872454
2020-04-20,Melatonin,Sleep Aid,158,130,195,30.89,41.18,0.16,5353.4,1338.35,Sindh,1,10,8,3,2020,4,17,2,111,140.0,156.0,155.0,143.0,145.25,12.526638282742372
2020-04-27,Melatonin,Sleep Aid,289,148,222,16.82,22.42,0.18,3318.16,829.54,Punjab,1,10,8,2,2020,4,18,2,118,130.0,140.0,156.0,155.0,143.5,11.120551545074857
2020-05-04,Melatonin,Sleep Aid,392,154,231,9.67,12.89,0.1,1985.06,496.27,KP,0,10,8,1,2020,5,19,2,125,148.0,130.0,140.0,156.0,143.0,10.39230484541327
2020-05-11,Melatonin,Sleep Aid,308,160,240,9.99,13.32,0.19,2131.2,532.8,KP,0,10,8,1,2020,5,20,2,132,154.0,148.0,130.0,140.0,148.0,12.961481396815724
2020-05-18,Melatonin,Sleep Aid,283,144,216,37.75,50.33,0.21,7247.52,1811.88,KP,0,10,8,1,2020,5,21,2,139,160.0,154.0,148.0,130.0,151.5,7.000000000000008
2020-05-25,Melatonin,Sleep Aid,369,139,209,40.73,54.3,0.05,7547.7,1886.93,Punjab,0,10,8,2,2020,5,22,2,146,144.0,160.0,154.0,148.0,149.25,9.500000000000004
2020-06-01,Melatonin,Sleep Aid,82,144,216,36.09,48.12,0.03,6929.28,1732.32,Sindh,1,10,8,3,2020,6,23,2,153,139.0,144.0,160.0,154.0,146.75,9.142392101268321
2020-06-08,Melatonin,Sleep Aid,179,148,222,13.52,18.03,0.01,2668.44,667.11,Balochistan,1,10,8,0,2020,6,24,2,160,144.0,139.0,144.0,160.0,143.75,3.685557397916009
2020-06-15,Melatonin,Sleep Aid,306,147,221,40.67,54.23,0.22,7971.81,1992.95,Balochistan,0,10,8,0,2020,6,25,2,167,148.0,144.0,139.0,144.0,144.5,4.041451884327392
2020-06-22,Melatonin,Sleep Aid,236,162,243,21.92,29.23,0.11,4735.26,1183.82,KP,0,10,8,1,2020,6,26,2,174,147.0,148.0,144.0,139.0,150.25,8.015609770940701
2020-06-29,Melatonin,Sleep Aid,325,146,219,20.47,27.29,0.17,3984.34,996.09,Balochistan,0,10,8,0,2020,6,27,2,181,162.0,147.0,148.0,144.0,150.75,7.544313531837519
2020-07-06,Melatonin,Sleep Aid,358,162,243,13.27,17.69,0.04,2865.78,716.45,Sindh,1,10,8,3,2020,7,28,3,188,146.0,162.0,147.0,148.0,154.25,8.958236433584462
2020-07-13,Melatonin,Sleep Aid,480,125,188,30.23,40.3,0.21,5037.5,1259.38,Sindh,0,10,8,3,2020,7,29,3,195,162.0,146.0,162.0,147.0,148.75,17.53805386390786
2020-07-20,Melatonin,Sleep Aid,129,151,227,44.84,59.78,0.15,9026.78,2256.7,KP,0,10,8,1,2020,7,30,3,202,125.0,162.0,146.0,162.0,146.0,15.513435037626794
2020-07-27,Melatonin,Sleep Aid,480,150,225,32.18,42.91,0.25,6436.5,1609.13,Sindh,1,10,8,3,2020,7,31,3,209,151.0,125.0,162.0,146.0,147.0,15.641824275533422
2020-08-03,Melatonin,Sleep Aid,312,139,209,9.32,12.42,0.21,1726.38,431.6,Sindh,0,10,8,3,2020,8,32,3,216,150.0,151.0,125.0,162.0,141.25,12.120918557051139
2020-08-10,Melatonin,Sleep Aid,283,158,237,22.25,29.66,0.06,4686.28,1171.57,Sindh,0,10,8,3,2020,8,33,3,223,139.0,150.0,151.0,125.0,149.5,7.8528126595931695
2020-08-17,Melatonin,Sleep Aid,449,147,221,41.12,54.83,0.05,8060.01,2015.0,Sindh,0,10,8,3,2020,8,34,3,230,158.0,139.0,150.0,151.0,148.5,7.8528126595931695
2020-08-24,Melatonin,Sleep Aid,445,140,210,17.6,23.46,0.05,3284.4,821.1,Balochistan,1,10,8,0,2020,8,35,3,237,147.0,158.0,139.0,150.0,146.0,8.755950357709136
2020-08-31,Melatonin,Sleep Aid,369,142,213,22.25,29.66,0.03,4211.72,1052.93,KP,1,10,8,1,2020,8,36,3,244,140.0,147.0,158.0,139.0,146.75,8.057087976847884
2020-09-07,Melatonin,Sleep Aid,351,163,245,38.54,51.38,0.0,8374.94,2093.74,Balochistan,0,10,8,0,2020,9,37,3,251,142.0,140.0,147.0,158.0,148.0,10.424330514074597
2020-09-14,Melatonin,Sleep Aid,398,144,216,14.7,19.6,0.04,2822.4,705.6,Balochistan,0,10,8,0,2020,9,38,3,258,163.0,142.0,140.0,147.0,147.25,10.626225419530057
2020-09-21,Melatonin,Sleep Aid,447,152,228,37.94,50.59,0.09,7689.68,1922.42,Balochistan,0,10,8,0,2020,9,39,3,265,144.0,163.0,142.0,140.0,150.25,9.535023160258541
2020-09-28,Melatonin,Sleep Aid,318,148,222,34.47,45.96,0.23,6802.08,1700.52,Punjab,0,10,8,2,2020,9,40,3,272,152.0,144.0,163.0,142.0,151.75,8.180260794538691
2020-10-05,Melatonin,Sleep Aid,454,144,216,11.5,15.33,0.09,2207.52,551.88,KP,0,10,8,1,2020,10,41,4,279,148.0,152.0,144.0,163.0,147.0,3.829708431025367
2020-10-12,Melatonin,Sleep Aid,77,157,236,42.35,56.47,0.05,8865.79,2216.45,Balochistan,1,10,8,0,2020,10,42,4,286,144.0,148.0,152.0,144.0,150.25,5.560275772537436
2020-10-19,Melatonin,Sleep Aid,322,144,216,20.36,27.15,0.25,3909.6,977.4,Punjab,0,10,8,2,2020,10,43,4,293,157.0,144.0,148.0,152.0,148.25,6.130524719249848
2020-10-26,Melatonin,Sleep Aid,475,157,236,44.63,59.51,0.15,9343.07,2335.77,Balochistan,0,10,8,0,2020,10,44,4,300,144.0,157.0,144.0,148.0,150.5,7.505553499465139
2020-11-02,Melatonin,Sleep Aid,431,134,201,16.46,21.94,0.05,2939.96,734.99,Balochistan,0,10,8,0,2020,11,45,4,307,157.0,144.0,157.0,144.0,148.0,11.165422816296154
2020-11-09,Melatonin,Sleep Aid,189,161,242,11.42,15.22,0.04,2450.42,612.61,Punjab,0,10,8,2,2020,11,46,4,314,134.0,157.0,144.0,157.0,149.0,12.355835328567094
2020-11-16,Melatonin,Sleep Aid,466,140,210,14.72,19.62,0.03,2746.8,686.7,Balochistan,1,10,8,0,2020,11,47,4,321,161.0,134.0,157.0,144.0,148.0,13.038404810405298
2020-11-23,Melatonin,Sleep Aid,166,142,213,20.8,27.73,0.14,3937.66,984.42,Balochistan,0,10,8,0,2020,11,48,4,328,140.0,161.0,134.0,157.0,144.25,11.672617529928754
2020-11-30,Melatonin,Sleep Aid,273,147,221,11.53,15.37,0.0,2259.39,564.85,Balochistan,0,10,8,0,2020,11,49,4,335,142.0,140.0,161.0,134.0,147.5,9.469248474227864
2020-12-07,Melatonin,Sleep Aid,460,153,230,16.38,21.84,0.16,3341.52,835.38,Sindh,1,10,8,3,2020,12,50,4,342,147.0,142.0,140.0,161.0,145.5,5.802298395176408
2020-12-14,Melatonin,Sleep Aid,128,163,245,13.49,17.98,0.2,2930.74,732.69,Punjab,1,10,8,2,2020,12,51,4,349,153.0,147.0,142.0,140.0,151.25,9.03234926989282
2020-12-21,Melatonin,Sleep Aid,468,140,210,16.34,21.78,0.18,3049.2,762.3,Sindh,0,10,8,3,2020,12,52,4,356,163.0,153.0,147.0,142.0,150.75,9.742518497116988
2020-12-28,Melatonin,Sleep Aid,209,156,234,11.76,15.68,0.0,2446.08,611.52,KP,1,10,8,1,2020,12,53,4,363,140.0,163.0,153.0,147.0,153.0,9.626352718795768
2021-01-04,Melatonin,Sleep Aid,255,146,219,31.88,42.51,0.02,6206.46,1551.62,Punjab,1,10,8,2,2021,1,1,1,4,156.0,140.0,163.0,153.0,151.25,10.242883708539635
2021-01-11,Melatonin,Sleep Aid,99,148,222,24.46,32.61,0.04,4826.28,1206.57,Sindh,1,10,8,3,2021,1,2,1,11,146.0,156.0,140.0,163.0,147.5,6.608075867199672
2021-01-18,Melatonin,Sleep Aid,333,144,216,41.71,55.61,0.05,8007.84,2001.96,Sindh,0,10,8,3,2021,1,3,1,18,148.0,146.0,156.0,140.0,148.5,5.259911279353171
2021-01-25,Melatonin,Sleep Aid,292,147,221,20.52,27.36,0.07,4021.92,1005.48,Sindh,0,10,8,3,2021,1,4,1,25,144.0,148.0,146.0,156.0,146.25,1.707825127659944
2021-02-01,Melatonin,Sleep Aid,363,150,225,24.08,32.1,0.08,4815.0,1203.75,Sindh,0,10,8,3,2021,2,5,1,32,147.0,144.0,148.0,146.0,147.25,2.5000000000000058
2021-02-08,Melatonin,Sleep Aid,301,157,236,12.69,16.92,0.17,2656.44,664.11,Punjab,0,10,8,2,2021,2,6,1,39,150.0,147.0,144.0,148.0,149.5,5.567764362830024
2021-02-15,Melatonin,Sleep Aid,314,169,254,16.2,21.6,0.18,3650.4,912.6,KP,1,10,8,1,2021,2,7,1,46,157.0,150.0,147.0,144.0,155.75,9.776672917374976
2021-02-22,Melatonin,Sleep Aid,226,143,215,27.26,36.34,0.01,5196.62,1299.16,Balochistan,0,10,8,0,2021,2,8,1,53,169.0,157.0,150.0,147.0,154.75,11.086778913041725
2021-03-01,Melatonin,Sleep Aid,482,149,224,42.44,56.59,0.05,8431.91,2107.98,Punjab,1,10,8,2,2021,3,9,1,60,143.0,169.0,157.0,150.0,154.5,11.239810200058242
2021-03-08,Melatonin,Sleep Aid,392,134,201,21.08,28.11,0.17,3766.74,941.69,Balochistan,0,10,8,0,2021,3,10,1,67,149.0,143.0,169.0,157.0,148.75,14.840822079655828
2021-03-15,Melatonin,Sleep Aid,275,146,219,8.27,11.02,0.05,1608.92,402.23,Balochistan,1,10,8,0,2021,3,11,1,74,134.0,149.0,143.0,169.0,143.0,6.480740698407854
2021-03-22,Melatonin,Sleep Aid,136,176,264,24.78,33.04,0.17,5815.04,1453.76,Balochistan,1,10,8,0,2021,3,12,1,81,146.0,134.0,149.0,143.0,151.25,17.727097901235833
2021-03-29,Melatonin,Sleep Aid,254,161,242,13.91,18.54,0.07,2984.94,746.24,Sindh,0,10,8,3,2021,3,13,1,88,176.0,146.0,134.0,149.0,154.25,18.227726133558182
2021-04-05,Melatonin,Sleep Aid,343,149,224,31.48,41.97,0.03,6253.53,1563.38,Punjab,0,10,8,2,2021,4,14,2,95,161.0,176.0,146.0,134.0,158.0,13.638181696985853
2021-04-12,Melatonin,Sleep Aid,128,146,219,10.85,14.46,0.11,2111.16,527.79,KP,0,10,8,1,2021,4,15,2,102,149.0,161.0,176.0,146.0,158.0,13.638181696985853
2021-04-19,Melatonin,Sleep Aid,230,145,218,21.31,28.41,0.09,4119.45,1029.86,Punjab,1,10,8,2,2021,4,16,2,109,146.0,149.0,161.0,176.0,150.25,7.365459931328112
2021-04-26,Melatonin,Sleep Aid,297,141,212,33.9,45.2,0.24,6373.2,1593.3,Sindh,0,10,8,3,2021,4,17,2,116,145.0,146.0,149.0,161.0,145.25,3.3040379335998167
2021-05-03,Melatonin,Sleep Aid,389,120,180,30.88,41.17,0.01,4940.4,1235.1,KP,1,10,8,1,2021,5,18,2,123,141.0,145.0,146.0,149.0,138.0,12.192894105447916
2021-05-10,Melatonin,Sleep Aid,324,171,257,44.46,59.28,0.14,10136.88,2534.22,Sindh,0,10,8,3,2021,5,19,2,130,120.0,141.0,145.0,146.0,144.25,20.934421415458317
2021-05-17,Melatonin,Sleep Aid,226,141,212,12.11,16.15,0.25,2277.15,569.29,Sindh,0,10,8,3,2021,5,20,2,137,171.0,120.0,141.0,145.0,143.25,20.98213525835728
2021-05-24,Melatonin,Sleep Aid,88,167,251,38.35,51.13,0.05,8538.71,2134.68,Balochistan,1,10,8,0,2021,5,21,2,144,141.0,171.0,120.0,141.0,149.75,23.879907872519105
2021-05-31,Melatonin,Sleep Aid,379,155,233,41.47,55.29,0.13,8569.95,2142.49,KP,1,10,8,1,2021,5,22,2,151,167.0,141.0,171.0,120.0,158.5,13.503086067019392
2021-06-07,Melatonin,Sleep Aid,476,157,236,22.41,29.88,0.08,4691.16,1172.79,Balochistan,0,10,8,0,2021,6,23,2,158,155.0,167.0,141.0,171.0,155.0,10.708252269472672
2021-06-14,Melatonin,Sleep Aid,55,142,213,33.89,45.18,0.16,6415.56,1603.89,Balochistan,0,10,8,0,2021,6,24,2,165,157.0,155.0,167.0,141.0,155.25,10.275375094532233
2021-06-21,Melatonin,Sleep Aid,444,168,252,28.18,37.57,0.09,6311.76,1577.94,Punjab,0,10,8,2,2021,6,25,2,172,142.0,157.0,155.0,167.0,155.5,10.661457061146315
2021-06-28,Melatonin,Sleep Aid,250,150,225,17.65,23.53,0.01,3529.5,882.38,Punjab,0,10,8,2,2021,6,26,2,179,168.0,142.0,157.0,155.0,154.25,11.026483271348726
2021-07-05,Melatonin,Sleep Aid,319,158,237,33.91,45.21,0.15,7143.18,1785.8,Sindh,0,10,8,3,2021,7,27,3,186,150.0,168.0,142.0,157.0,154.5,11.12055154507485
2021-07-12,Melatonin,Sleep Aid,330,173,260,36.22,48.29,0.02,8354.17,2088.54,Balochistan,0,10,8,0,2021,7,28,3,193,158.0,150.0,168.0,142.0,162.25,10.275375094532237
2021-07-19,Melatonin,Sleep Aid,202,167,251,27.83,37.1,0.23,6195.7,1548.93,Sindh,0,10,8,3,2021,7,29,3,200,173.0,158.0,150.0,168.0,162.0,10.09950493836208
2021-07-26,Melatonin,Sleep Aid,498,139,209,22.98,30.64,0.06,4258.96,1064.74,Punjab,0,10,8,2,2021,7,30,3,207,167.0,173.0,158.0,150.0,159.25,14.840822079655831
2021-08-02,Melatonin,Sleep Aid,271,148,222,44.33,59.1,0.1,8746.8,2186.7,Balochistan,0,10,8,0,2021,8,31,3,214,139.0,167.0,173.0,158.0,156.75,15.924300089276556
2021-08-09,Melatonin,Sleep Aid,499,144,216,44.73,59.64,0.03,8588.16,2147.04,Balochistan,1,10,8,0,2021,8,32,3,221,148.0,139.0,167.0,173.0,149.5,12.233832869001715
2021-08-16,Melatonin,Sleep Aid,290,154,231,31.08,41.44,0.14,6381.76,1595.44,KP,1,10,8,1,2021,8,33,3,228,144.0,148.0,139.0,167.0,146.25,6.344288770224763
2021-08-23,Melatonin,Sleep Aid,157,157,236,42.85,57.13,0.2,8969.41,2242.35,Sindh,1,10,8,3,2021,8,34,3,235,154.0,144.0,148.0,139.0,150.75,5.852349955359819
2021-08-30,Melatonin,Sleep Aid,264,150,225,12.44,16.59,0.22,2488.5,622.13,Sindh,1,10,8,3,2021,8,35,3,242,157.0,154.0,144.0,148.0,151.25,5.619905100029128
2021-09-06,Melatonin,Sleep Aid,345,134,201,30.19,40.25,0.16,5393.5,1348.38,Balochistan,1,10,8,0,2021,9,36,3,249,150.0,157.0,154.0,144.0,148.75,10.242883708539638
2021-09-13,Melatonin,Sleep Aid,412,157,236,41.81,55.74,0.12,8751.18,2187.8,Punjab,0,10,8,2,2021,9,37,3,256,134.0,150.0,157.0,154.0,149.5,10.84742673018199
2021-09-20,Melatonin,Sleep Aid,335,175,263,15.3,20.4,0.08,3570.0,892.5,Sindh,0,10,8,3,2021,9,38,3,263,157.0,134.0,150.0,157.0,154.0,16.99019324983288
2021-09-27,Melatonin,Sleep Aid,169,156,234,11.64,15.52,0.12,2421.12,605.28,Balochistan,1,10,8,0,2021,9,39,3,270,175.0,157.0,134.0,150.0,155.5,16.782927833565477
2021-10-04,Melatonin,Sleep Aid,261,149,224,23.54,31.38,0.24,4675.62,1168.91,Punjab,1,10,8,2,2021,10,40,4,277,156.0,175.0,157.0,134.0,159.25,11.086778913041732
2021-10-11,Melatonin,Sleep Aid,463,159,239,15.8,21.06,0.07,3348.54,837.14,Sindh,0,10,8,3,2021,10,41,4,284,149.0,156.0,175.0,157.0,159.75,10.996211468804463
2021-10-18,Melatonin,Sleep Aid,345,141,212,8.97,11.96,0.08,1686.36,421.59,Balochistan,0,10,8,0,2021,10,42,4,291,159.0,149.0,156.0,175.0,151.25,8.015609770940701
2021-10-25,Melatonin,Sleep Aid,459,157,236,33.3,44.4,0.2,6970.8,1742.7,Sindh,0,10,8,3,2021,10,43,4,298,141.0,159.0,149.0,156.0,151.5,8.225975119502046
2021-11-01,Melatonin,Sleep Aid,271,161,242,27.62,36.83,0.19,5929.63,1482.41,Punjab,1,10,8,2,2021,11,44,4,305,157.0,141.0,159.0,149.0,154.5,9.146948489341495
2021-11-08,Melatonin,Sleep Aid,454,169,254,30.24,40.32,0.11,6814.08,1703.52,Sindh,1,10,8,3,2021,11,45,4,312,161.0,157.0,141.0,159.0,157.0,11.775681155103795
2021-11-15,Melatonin,Sleep Aid,74,139,209,19.99,26.65,0.04,3704.35,926.09,Balochistan,1,10,8,0,2021,11,46,4,319,169.0,161.0,157.0,141.0,156.5,12.68857754044952
2021-11-22,Melatonin,Sleep Aid,87,146,219,34.53,46.04,0.06,6721.84,1680.46,Punjab,1,10,8,2,2021,11,47,4,326,139.0,169.0,161.0,157.0,153.75,13.696106502701173
2021-11-29,Melatonin,Sleep Aid,325,149,224,21.6,28.8,0.16,4291.2,1072.8,Balochistan,1,10,8,0,2021,11,48,4,333,146.0,139.0,169.0,161.0,150.75,12.867918764638414
2021-12-06,Melatonin,Sleep Aid,216,148,222,23.72,31.62,0.24,4679.76,1169.94,Sindh,1,10,8,3,2021,12,49,4,340,149.0,146.0,139.0,169.0,145.5,4.509249752822898
2021-12-13,Melatonin,Sleep Aid,458,128,192,21.64,28.85,0.03,3692.8,923.2,Balochistan,1,10,8,0,2021,12,50,4,347,148.0,149.0,146.0,139.0,142.75,9.912113800799505
2021-12-20,Melatonin,Sleep Aid,52,158,237,32.89,43.85,0.12,6928.3,1732.08,Balochistan,1,10,8,0,2021,12,51,4,354,128.0,148.0,149.0,146.0,145.75,12.658988901172163
2021-12-27,Melatonin,Sleep Aid,239,124,186,23.54,31.39,0.08,3892.36,973.09,KP,1,10,8,1,2021,12,52,4,361,158.0,128.0,148.0,149.0,139.5,16.19670748434179
2022-01-03,Melatonin,Sleep Aid,125,166,249,13.98,18.64,0.09,3094.24,773.56,KP,0,10,8,1,2022,1,1,1,3,124.0,158.0,128.0,148.0,144.0,21.10292238845922
2022-01-10,Melatonin,Sleep Aid,183,153,230,27.68,36.9,0.17,5645.7,1411.43,Sindh,1,10,8,3,2022,1,2,1,10,166.0,124.0,158.0,128.0,150.25,18.30072858294627
2022-01-17,Melatonin,Sleep Aid,347,144,216,20.21,26.95,0.2,3880.8,970.2,Punjab,0,10,8,2,2022,1,3,1,17,153.0,166.0,124.0,158.0,146.75,17.65172323976708
2022-01-24,Melatonin,Sleep Aid,87,142,213,18.91,25.21,0.11,3579.82,894.96,KP,0,10,8,1,2022,1,4,1,24,144.0,153.0,166.0,124.0,151.25,10.93541646821616
2022-01-31,Melatonin,Sleep Aid,241,136,204,29.14,38.85,0.16,5283.6,1320.9,Sindh,0,10,8,3,2022,1,5,1,31,142.0,144.0,153.0,166.0,143.75,7.041543391425862
2022-02-07,Melatonin,Sleep Aid,318,158,237,21.99,29.32,0.1,4632.56,1158.14,KP,1,10,8,1,2022,2,6,1,38,136.0,142.0,144.0,153.0,145.0,9.309493362512622
2022-02-14,Melatonin,Sleep Aid,391,142,213,32.96,43.94,0.14,6239.48,1559.87,Punjab,1,10,8,2,2022,2,7,1,45,158.0,136.0,142.0,144.0,144.5,9.4339811320566
2022-02-21,Melatonin,Sleep Aid,215,156,234,24.05,32.06,0.02,5001.36,1250.34,Punjab,0,10,8,2,2022,2,8,1,52,142.0,158.0,136.0,142.0,148.0,10.708252269472668
2022-02-28,Melatonin,Sleep Aid,165,139,209,14.91,19.88,0.14,2763.32,690.83,Sindh,1,10,8,3,2022,2,9,1,59,156.0,142.0,158.0,136.0,148.75,9.639329160614164
2022-03-07,Melatonin,Sleep Aid,75,157,236,25.55,34.07,0.01,5348.99,1337.25,Sindh,1,10,8,3,2022,3,10,1,66,139.0,156.0,142.0,158.0,148.5,9.327379053088809
2022-03-14,Melatonin,Sleep Aid,267,148,222,14.35,19.13,0.15,2831.24,707.81,Punjab,1,10,8,2,2022,3,11,1,73,157.0,139.0,156.0,142.0,150.0,8.36660026534075
2022-03-21,Melatonin,Sleep Aid,298,163,245,39.32,52.43,0.1,8546.09,2136.52,Sindh,1,10,8,3,2022,3,12,1,80,148.0,157.0,139.0,156.0,151.75,10.499999999999995
2022-03-28,Melatonin,Sleep Aid,499,163,245,34.77,46.36,0.07,7556.68,1889.17,Sindh,0,10,8,3,2022,3,13,1,87,163.0,148.0,157.0,139.0,157.75,7.0887234393789065
2022-04-04,Melatonin,Sleep Aid,106,132,198,15.33,20.44,0.08,2698.08,674.52,Sindh,1,10,8,3,2022,4,14,2,94,163.0,163.0,148.0,157.0,151.5,14.798648586948739
2022-04-11,Melatonin,Sleep Aid,235,139,209,19.11,25.48,0.23,3541.72,885.43,Sindh,1,10,8,3,2022,4,15,2,101,132.0,163.0,163.0,148.0,149.25,16.132265804901678
2022-04-18,Melatonin,Sleep Aid,386,149,224,7.91,10.55,0.23,1571.95,392.99,Balochistan,0,10,8,0,2022,4,16,2,108,139.0,132.0,163.0,163.0,145.75,13.450526631573448
2022-04-25,Melatonin,Sleep Aid,500,166,249,44.22,58.96,0.24,9787.36,2446.84,KP,0,10,8,1,2022,4,17,2,115,149.0,139.0,132.0,163.0,146.5,14.753530650887148
2022-05-02,Melatonin,Sleep Aid,210,152,228,16.67,22.23,0.03,3378.96,844.74,KP,1,10,8,1,2022,5,18,2,122,166.0,149.0,139.0,132.0,151.5,11.150485789118479
2022-05-09,Melatonin,Sleep Aid,66,157,236,30.21,40.28,0.12,6323.96,1580.99,Punjab,0,10,8,2,2022,5,19,2,129,152.0,166.0,149.0,139.0,156.0,7.438637868140457
2022-05-16,Melatonin,Sleep Aid,194,145,218,11.97,15.96,0.23,2314.2,578.55,KP,0,10,8,1,2022,5,20,2,136,157.0,152.0,166.0,149.0,155.0,8.83176086632784
2022-05-23,Melatonin,Sleep Aid,96,144,216,15.44,20.58,0.2,2963.52,740.88,KP,0,10,8,1,2022,5,21,2,143,145.0,157.0,152.0,166.0,149.5,6.137317546507318
2022-05-30,Melatonin,Sleep Aid,270,144,216,16.67,22.22,0.21,3199.68,799.92,Punjab,0,10,8,2,2022,5,22,2,150,144.0,145.0,157.0,152.0,147.5,6.350852961085877
2022-06-06,Melatonin,Sleep Aid,85,147,221,29.69,39.58,0.0,5818.26,1454.57,Balochistan,0,10,8,0,2022,6,23,2,157,144.0,144.0,145.0,157.0,145.0,1.414213562373075
2022-06-13,Melatonin,Sleep Aid,490,146,219,24.42,32.56,0.15,4753.76,1188.44,Balochistan,1,10,8,0,2022,6,24,2,164,147.0,144.0,144.0,145.0,145.25,1.4999999999999811
2022-06-20,Melatonin,Sleep Aid,413,171,257,13.99,18.65,0.17,3189.15,797.29,Punjab,1,10,8,2,2022,6,25,2,171,146.0,147.0,144.0,144.0,152.0,12.727922061357855
2022-06-27,Melatonin,Sleep Aid,287,174,261,20.97,27.96,0.18,4865.04,1216.26,Punjab,1,10,8,2,2022,6,26,2,178,171.0,146.0,147.0,144.0,159.5,15.066519173319367
2022-07-04,Melatonin,Sleep Aid,470,151,227,15.29,20.39,0.2,3078.89,769.72,Sindh,1,10,8,3,2022,7,27,3,185,174.0,171.0,146.0,147.0,160.5,14.059397805975431
2022-07-11,Melatonin,Sleep Aid,478,158,237,9.62,12.83,0.04,2027.14,506.79,KP,0,10,8,1,2022,7,28,3,192,151.0,174.0,171.0,146.0,163.5,10.847426730181988
2022-07-18,Melatonin,Sleep Aid,311,138,207,17.06,22.74,0.08,3138.12,784.53,KP,0,10,8,1,2022,7,29,3,199,158.0,151.0,174.0,171.0,155.25,14.997221964972937
2022-07-25,Melatonin,Sleep Aid,433,148,222,27.08,36.1,0.08,5342.8,1335.7,KP,1,10,8,1,2022,7,30,3,206,138.0,158.0,151.0,174.0,148.75,8.30160627027485
2022-08-01,Melatonin,Sleep Aid,245,150,225,14.48,19.3,0.0,2895.0,723.75,KP,1,10,8,1,2022,8,31,3,213,148.0,138.0,158.0,151.0,148.5,8.225975119502046
2022-08-08,Melatonin,Sleep Aid,376,165,248,9.92,13.23,0.16,2182.95,545.74,KP,0,10,8,1,2022,8,32,3,220,150.0,148.0,138.0,158.0,150.25,11.146748404803978
2022-08-15,Melatonin,Sleep Aid,137,145,218,30.8,41.06,0.04,5953.7,1488.43,Sindh,1,10,8,3,2022,8,33,3,227,165.0,150.0,148.0,138.0,152.0,8.906926143924924
2022-08-22,Melatonin,Sleep Aid,245,160,240,40.82,54.42,0.1,8707.2,2176.8,Balochistan,0,10,8,0,2022,8,34,3,234,145.0,165.0,150.0,148.0,155.0,9.128709291752767
2022-08-29,Melatonin,Sleep Aid,112,142,213,10.62,14.16,0.23,2010.72,502.68,KP,0,10,8,1,2022,8,35,3,241,160.0,145.0,165.0,150.0,153.0,11.224972160321823
2022-09-05,Melatonin,Sleep Aid,488,167,251,12.51,16.68,0.12,2785.56,696.39,Punjab,0,10,8,2,2022,9,36,3,248,142.0,160.0,145.0,165.0,153.5,11.958260743101397
2022-09-12,Melatonin,Sleep Aid,356,130,195,18.44,24.59,0.06,3196.7,799.18,Balochistan,1,10,8,0,2022,9,37,3,255,167.0,142.0,160.0,145.0,149.75,16.859715300087366
2022-09-19,Melatonin,Sleep Aid,246,142,213,15.85,21.13,0.18,3000.46,750.12,Balochistan,0,10,8,0,2022,9,38,3,262,130.0,167.0,142.0,160.0,145.25,15.564382416273382
2022-09-26,Melatonin,Sleep Aid,190,156,234,17.15,22.86,0.15,3566.16,891.54,Sindh,0,10,8,3,2022,9,39,3,269,142.0,130.0,167.0,142.0,148.75,16.152915113584505
2022-10-03,Melatonin,Sleep Aid,119,171,257,23.53,31.37,0.13,5364.27,1341.07,Sindh,0,10,8,3,2022,10,40,4,276,156.0,142.0,130.0,167.0,149.75,17.708284313657643
2022-10-10,Melatonin,Sleep Aid,340,134,201,13.23,17.64,0.16,2363.76,590.94,Punjab,0,10,8,2,2022,10,41,4,283,171.0,156.0,142.0,130.0,150.75,16.276260831857748
2022-10-17,Melatonin,Sleep Aid,125,158,237,11.78,15.7,0.16,2480.6,620.15,Sindh,1,10,8,3,2022,10,42,4,290,134.0,171.0,156.0,142.0,154.75,15.348724159790395
2022-10-24,Melatonin,Sleep Aid,59,181,272,40.25,53.67,0.1,9714.27,2428.57,Punjab,0,10,8,2,2022,10,43,4,297,158.0,134.0,171.0,156.0,161.0,20.314198646923455
2022-10-31,Melatonin,Sleep Aid,278,157,236,31.87,42.49,0.02,6670.93,1667.73,Balochistan,0,10,8,0,2022,10,44,4,304,181.0,158.0,134.0,171.0,157.5,19.19201222731304
2022-11-07,Melatonin,Sleep Aid,447,164,246,31.16,41.54,0.13,6812.56,1703.14,Sindh,1,10,8,3,2022,11,45,4,311,157.0,181.0,158.0,134.0,165.0,11.105554165971782
2022-11-14,Melatonin,Sleep Aid,452,139,209,28.57,38.09,0.0,5294.51,1323.63,Punjab,0,10,8,2,2022,11,46,4,318,164.0,157.0,181.0,158.0,160.25,17.385338650713706
2022-11-21,Melatonin,Sleep Aid,221,163,245,13.09,17.45,0.25,2844.35,711.09,Sindh,1,10,8,3,2022,11,47,4,325,139.0,164.0,157.0,181.0,155.75,11.586630226256464
2022-11-28,Melatonin,Sleep Aid,423,144,216,30.56,40.75,0.21,5868.0,1467.0,KP,0,10,8,1,2022,11,48,4,332,163.0,139.0,164.0,157.0,152.5,12.871156384205214
2022-12-05,Melatonin,Sleep Aid,288,151,227,42.47,56.62,0.24,8549.62,2137.41,Balochistan,1,10,8,0,2022,12,49,4,339,144.0,163.0,139.0,164.0,149.25,10.404326023342403
2022-12-12,Melatonin,Sleep Aid,265,148,222,21.11,28.14,0.0,4164.72,1041.18,KP,1,10,8,1,2022,12,50,4,346,151.0,144.0,163.0,139.0,151.5,8.185352771872447
2022-12-19,Melatonin,Sleep Aid,285,147,221,13.52,18.03,0.02,2650.41,662.6,KP,1,10,8,1,2022,12,51,4,353,148.0,151.0,144.0,163.0,147.5,2.8867513459481167
2022-12-26,Melatonin,Sleep Aid,226,145,218,24.48,32.64,0.2,4732.8,1183.2,Sindh,0,10,8,3,2022,12,52,4,360,147.0,148.0,151.0,144.0,147.75,2.4999999999999862
2023-01-02,Melatonin,Sleep Aid,105,140,210,33.45,44.6,0.01,6244.0,1561.0,Sindh,1,10,8,3,2023,1,1,1,2,145.0,147.0,148.0,151.0,145.0,3.5590260840104238
2023-01-09,Melatonin,Sleep Aid,219,133,200,39.41,52.54,0.24,6987.82,1746.96,KP,1,10,8,1,2023,1,2,1,9,140.0,145.0,147.0,148.0,141.25,6.23832242407096
2023-01-16,Melatonin,Sleep Aid,53,148,222,29.16,38.88,0.11,5754.24,1438.56,Sindh,0,10,8,3,2023,1,3,1,16,133.0,140.0,145.0,147.0,141.5,6.557438524301993
2023-01-23,Melatonin,Sleep Aid,203,140,210,29.48,39.31,0.2,5503.4,1375.85,KP,0,10,8,1,2023,1,4,1,23,148.0,133.0,140.0,145.0,140.25,6.130524719249833
2023-01-30,Melatonin,Sleep Aid,384,136,204,14.84,19.79,0.23,2691.44,672.86,KP,0,10,8,1,2023,1,5,1,30,140.0,148.0,133.0,140.0,139.25,6.499999999999994
2023-02-06,Melatonin,Sleep Aid,180,158,237,38.06,50.75,0.21,8018.5,2004.63,Sindh,1,10,8,3,2023,2,6,1,37,136.0,140.0,148.0,133.0,145.5,9.712534856222304
2023-02-13,Melatonin,Sleep Aid,436,148,222,28.9,38.53,0.22,5702.44,1425.61,Sindh,1,10,8,3,2023,2,7,1,44,158.0,136.0,140.0,148.0,145.5,9.712534856222304
2023-02-20,Melatonin,Sleep Aid,449,146,219,11.61,15.48,0.12,2260.08,565.02,Balochistan,1,10,8,0,2023,2,8,1,51,148.0,158.0,136.0,140.0,147.0,9.01849950564578
2023-02-27,Melatonin,Sleep Aid,91,161,242,9.77,13.03,0.02,2097.83,524.46,Punjab,0,10,8,2,2023,2,9,1,58,146.0,148.0,158.0,136.0,153.25,7.36545993132811
2023-03-06,Melatonin,Sleep Aid,346,141,212,28.53,38.04,0.06,5363.64,1340.91,KP,1,10,8,1,2023,3,10,1,65,161.0,146.0,148.0,158.0,149.0,8.52447456836294
2023-03-13,Melatonin,Sleep Aid,75,160,240,11.43,15.24,0.21,2438.4,609.6,KP,1,10,8,1,2023,3,11,1,72,141.0,161.0,146.0,148.0,152.0,10.033277962194934
2023-03-20,Melatonin,Sleep Aid,187,152,228,7.79,10.38,0.14,1577.76,394.44,Sindh,0,10,8,3,2023,3,12,1,79,160.0,141.0,161.0,146.0,153.5,9.255628917943206
2023-03-27,Melatonin,Sleep Aid,241,164,246,40.16,53.55,0.16,8782.2,2195.55,KP,0,10,8,1,2023,3,13,1,86,152.0,160.0,141.0,161.0,154.25,10.144785195688794
2023-04-03,Melatonin,Sleep Aid,459,170,255,18.02,24.02,0.04,4083.4,1020.85,Balochistan,1,10,8,0,2023,4,14,2,93,164.0,152.0,160.0,141.0,161.5,7.549834435270744
2023-04-10,Melatonin,Sleep Aid,291,151,227,31.31,41.75,0.07,6304.25,1576.06,Sindh,0,10,8,3,2023,4,15,2,100,170.0,164.0,152.0,160.0,159.25,9.28708781050335
2023-04-17,Melatonin,Sleep Aid,475,141,212,21.55,28.73,0.0,4050.93,1012.73,KP,1,10,8,1,2023,4,16,2,107,151.0,170.0,164.0,152.0,156.5,13.025615788386611
2023-04-24,Melatonin,Sleep Aid,294,174,261,39.66,52.88,0.23,9201.12,2300.28,Punjab,1,10,8,2,2023,4,17,2,114,141.0,151.0,170.0,164.0,159.0,15.641824275533418
2023-05-01,Melatonin,Sleep Aid,481,155,233,13.54,18.05,0.1,2797.75,699.44,Sindh,1,10,8,3,2023,5,18,2,121,174.0,141.0,151.0,170.0,155.25,13.817259737975059
2023-05-08,Melatonin,Sleep Aid,191,153,230,35.0,46.66,0.14,7138.98,1784.75,Punjab,1,10,8,2,2023,5,19,2,128,155.0,174.0,141.0,151.0,155.75,13.647344063956178
2023-05-15,Melatonin,Sleep Aid,243,145,218,36.1,48.13,0.18,6978.85,1744.71,Balochistan,0,10,8,0,2023,5,20,2,135,153.0,155.0,174.0,141.0,156.75,12.284814474246918
2023-05-22,Melatonin,Sleep Aid,86,127,191,33.26,44.34,0.23,5631.18,1407.8,Balochistan,1,10,8,0,2023,5,21,2,142,145.0,153.0,155.0,174.0,145.0,12.754084313139325
2023-05-29,Melatonin,Sleep Aid,329,163,245,32.32,43.09,0.02,7023.67,1755.92,Sindh,0,10,8,3,2023,5,22,2,149,127.0,145.0,153.0,155.0,147.0,15.231546211727814
2023-06-05,Melatonin,Sleep Aid,181,155,233,41.39,55.18,0.02,8552.9,2138.23,Punjab,1,10,8,2,2023,6,23,2,156,163.0,127.0,145.0,153.0,147.5,15.52417469626002
2023-06-12,Melatonin,Sleep Aid,117,128,192,32.76,43.68,0.22,5591.04,1397.76,Sindh,1,10,8,3,2023,6,24,2,163,155.0,163.0,127.0,145.0,143.25,18.48197319912929
2023-06-19,Melatonin,Sleep Aid,129,155,233,32.62,43.49,0.18,6740.95,1685.24,KP,0,10,8,1,2023,6,25,2,170,128.0,155.0,163.0,127.0,150.25,15.305227865013968
2023-06-26,Melatonin,Sleep Aid,146,162,243,10.91,14.55,0.15,2357.1,589.28,Balochistan,0,10,8,0,2023,6,26,2,177,155.0,128.0,155.0,163.0,150.0,15.03329637837291
2023-07-03,Melatonin,Sleep Aid,101,142,213,29.83,39.77,0.19,5647.34,1411.84,Balochistan,1,10,8,0,2023,7,27,3,184,162.0,155.0,128.0,155.0,146.75,14.997221964972939
2023-07-10,Melatonin,Sleep Aid,481,161,242,44.32,59.09,0.09,9513.49,2378.37,KP,1,10,8,1,2023,7,28,3,191,142.0,162.0,155.0,128.0,155.0,9.201449161228178
2023-07-17,Melatonin,Sleep Aid,429,135,203,40.96,54.61,0.18,7372.35,1843.09,Sindh,1,10,8,3,2023,7,29,3,198,161.0,142.0,162.0,155.0,150.0,13.589211407093009
2023-07-24,Melatonin,Sleep Aid,379,154,231,41.21,54.94,0.2,8460.76,2115.19,KP,0,10,8,1,2023,7,30,3,205,135.0,161.0,142.0,162.0,148.0,11.690451944500124
2023-07-31,Melatonin,Sleep Aid,183,140,210,38.82,51.76,0.05,7246.4,1811.6,Punjab,1,10,8,2,2023,7,31,3,212,154.0,135.0,161.0,142.0,147.5,12.069244660154451
2023-08-07,Melatonin,Sleep Aid,115,164,246,9.23,12.3,0.25,2017.2,504.3,Sindh,0,10,8,3,2023,8,32,3,219,140.0,154.0,135.0,161.0,148.25,13.225606476327153
2023-08-14,Melatonin,Sleep Aid,389,137,206,32.0,42.66,0.06,5844.42,1461.11,Punjab,1,10,8,2,2023,8,33,3,226,164.0,140.0,154.0,135.0,148.75,12.579745625409128
2023-08-21,Melatonin,Sleep Aid,190,139,209,37.83,50.44,0.07,7011.16,1752.79,Sindh,1,10,8,3,2023,8,34,3,233,137.0,164.0,140.0,154.0,145.0,12.727922061357859
2023-08-28,Melatonin,Sleep Aid,394,163,245,22.59,30.12,0.12,4909.56,1227.39,KP,0,10,8,1,2023,8,35,3,240,139.0,137.0,164.0,140.0,150.75,14.750706197783668
2023-09-04,Melatonin,Sleep Aid,478,149,224,41.69,55.59,0.21,8282.91,2070.73,Balochistan,0,10,8,0,2023,9,36,3,247,163.0,139.0,137.0,164.0,147.0,11.888369666751347
2023-09-11,Melatonin,Sleep Aid,288,142,213,42.18,56.24,0.04,7986.08,1996.52,Sindh,1,10,8,3,2023,9,37,3,254,149.0,163.0,139.0,137.0,148.25,10.688779163215983
2023-09-18,Melatonin,Sleep Aid,237,149,224,11.21,14.94,0.04,2226.06,556.52,Punjab,1,10,8,2,2023,9,38,3,261,142.0,149.0,163.0,139.0,150.75,8.80814017448255
2023-09-25,Melatonin,Sleep Aid,239,139,209,27.9,37.2,0.15,5170.8,1292.7,Balochistan,1,10,8,0,2023,9,39,3,268,149.0,142.0,149.0,163.0,144.75,5.057996968497847
2023-10-02,Melatonin,Sleep Aid,143,146,219,21.53,28.71,0.09,4191.66,1047.92,Sindh,0,10,8,3,2023,10,40,4,275,139.0,149.0,142.0,149.0,144.0,4.39696865275765
2023-10-09,Melatonin,Sleep Aid,379,147,221,24.83,33.1,0.23,4865.7,1216.43,Balochistan,1,10,8,0,2023,10,41,4,282,146.0,139.0,149.0,142.0,145.25,4.349329450233308
2023-10-16,Melatonin,Sleep Aid,264,140,210,37.26,49.68,0.18,6955.2,1738.8,Balochistan,1,10,8,0,2023,10,42,4,289,147.0,146.0,139.0,149.0,143.0,4.082482904638643
2023-10-23,Melatonin,Sleep Aid,125,177,266,37.42,49.89,0.04,8830.53,2207.63,KP,0,10,8,1,2023,10,43,4,296,140.0,147.0,146.0,139.0,152.5,16.62327685305558
2023-10-30,Melatonin,Sleep Aid,278,144,216,37.04,49.39,0.16,7112.16,1778.04,Punjab,1,10,8,2,2023,10,44,4,303,177.0,140.0,147.0,146.0,152.0,16.911534525287763
2023-11-06,Melatonin,Sleep Aid,300,124,186,24.43,32.57,0.1,4038.68,1009.67,Sindh,0,10,8,3,2023,11,45,4,310,144.0,177.0,140.0,147.0,146.25,22.246722605064026
2023-11-13,Melatonin,Sleep Aid,474,160,240,41.4,55.2,0.01,8832.0,2208.0,KP,1,10,8,1,2023,11,46,4,317,124.0,144.0,177.0,140.0,151.25,22.61820800446696
2023-11-20,Melatonin,Sleep Aid,304,140,210,12.05,16.07,0.03,2249.8,562.45,KP,1,10,8,1,2023,11,47,4,324,160.0,124.0,144.0,177.0,142.0,14.787382008545885
2023-11-27,Melatonin,Sleep Aid,339,154,231,21.89,29.19,0.13,4495.26,1123.82,Sindh,0,10,8,3,2023,11,48,4,331,140.0,160.0,124.0,144.0,144.5,16.03121954188139
2023-12-04,Melatonin,Sleep Aid,205,144,216,13.88,18.51,0.01,2665.44,666.36,Balochistan,1,10,8,0,2023,12,49,4,338,154.0,140.0,160.0,124.0,149.5,9.146948489341485
2023-12-11,Melatonin,Sleep Aid,63,140,210,34.96,46.61,0.19,6525.4,1631.35,KP,1,10,8,1,2023,12,50,4,345,144.0,154.0,140.0,160.0,144.5,6.608075867199656
2023-12-18,Melatonin,Sleep Aid,251,153,230,35.03,46.71,0.15,7146.63,1786.66,Balochistan,1,10,8,0,2023,12,51,4,352,140.0,144.0,154.0,140.0,147.75,6.849574196011492
2023-12-25,Melatonin,Sleep Aid,87,130,195,36.49,48.65,0.18,6324.5,1581.13,KP,0,10,8,1,2023,12,52,4,359,153.0,140.0,144.0,154.0,141.75,9.535023160258522
2024-01-01,Melatonin,Sleep Aid,454,138,207,23.26,31.01,0.22,4279.38,1069.85,Balochistan,0,10,8,0,2024,1,1,1,1,130.0,153.0,140.0,144.0,140.25,9.535023160258522
2024-01-08,Melatonin,Sleep Aid,498,155,233,11.26,15.01,0.23,2326.55,581.64,Punjab,1,10,8,2,2024,1,2,1,8,138.0,130.0,153.0,140.0,144.0,12.027745701779132
2024-01-15,Melatonin,Sleep Aid,433,133,200,7.63,10.17,0.1,1352.61,338.15,Balochistan,1,10,8,0,2024,1,3,1,15,155.0,138.0,130.0,153.0,139.0,11.16542281629614
2024-01-22,Melatonin,Sleep Aid,88,144,216,10.19,13.59,0.12,1956.96,489.24,Balochistan,1,10,8,0,2024,1,4,1,22,133.0,155.0,138.0,130.0,142.5,9.469248474227847
2024-01-29,Melatonin,Sleep Aid,343,131,197,35.42,47.23,0.07,6187.13,1546.78,KP,1,10,8,1,2024,1,5,1,29,144.0,133.0,155.0,138.0,140.75,11.086778913041714
2024-02-05,Melatonin,Sleep Aid,102,140,210,24.08,32.1,0.22,4494.0,1123.5,Punjab,1,10,8,2,2024,2,6,1,36,131.0,144.0,133.0,155.0,137.0,6.055300708194961
2024-02-12,Melatonin,Sleep Aid,261,153,230,36.49,48.65,0.23,7443.45,1860.86,KP,1,10,8,1,2024,2,7,1,43,140.0,131.0,144.0,133.0,142.0,9.12870929175275
2024-02-19,Melatonin,Sleep Aid,188,157,236,30.05,40.06,0.23,6289.42,1572.36,Punjab,1,10,8,2,2024,2,8,1,50,153.0,140.0,131.0,144.0,145.25,11.954775893619518
2024-02-26,Melatonin,Sleep Aid,409,147,221,10.13,13.5,0.13,1984.5,496.13,Sindh,0,10,8,3,2024,2,9,1,57,157.0,153.0,140.0,131.0,149.25,7.4105780251385465
2024-03-04,Melatonin,Sleep Aid,499,141,212,43.1,57.46,0.09,8101.86,2025.47,KP,1,10,8,1,2024,3,10,1,64,147.0,157.0,153.0,140.0,149.5,6.999999999999976
2024-03-11,Melatonin,Sleep Aid,471,165,248,23.86,31.81,0.03,5248.65,1312.16,Sindh,0,10,8,3,2024,3,11,1,71,141.0,147.0,157.0,153.0,152.5,10.630145812734632
2024-03-18,Melatonin,Sleep Aid,130,162,243,30.24,40.32,0.05,6531.84,1632.96,Sindh,1,10,8,3,2024,3,12,1,78,165.0,141.0,147.0,157.0,153.75,11.586630226256451
2024-03-25,Melatonin,Sleep Aid,228,134,201,9.21,12.28,0.14,1645.52,411.38,KP,0,10,8,1,2024,3,13,1,85,162.0,165.0,141.0,147.0,150.5,15.329709716755879
2024-04-01,Melatonin,Sleep Aid,434,164,246,18.71,24.94,0.0,4090.16,1022.54,Punjab,1,10,8,2,2024,4,14,2,92,134.0,162.0,165.0,141.0,156.25,14.885675440951042
2024-04-08,Melatonin,Sleep Aid,197,150,225,26.44,35.25,0.12,5287.5,1321.88,KP,1,10,8,1,2024,4,15,2,99,164.0,134.0,162.0,165.0,152.5,13.79613472438324
2024-04-15,Melatonin,Sleep Aid,365,152,228,21.22,28.29,0.03,4300.08,1075.02,Sindh,0,10,8,3,2024,4,16,2,106,150.0,164.0,134.0,162.0,150.0,12.328828005937941
2024-04-22,Melatonin,Sleep Aid,344,158,237,42.59,56.78,0.2,8971.24,2242.81,Punjab,0,10,8,2,2024,4,17,2,113,152.0,150.0,164.0,134.0,156.0,6.3245553203367315
2024-04-29,Melatonin,Sleep Aid,455,152,228,25.98,34.64,0.17,5265.28,1316.32,Balochistan,0,10,8,0,2024,4,18,2,120,158.0,152.0,150.0,164.0,153.0,3.4641016151377095
2024-05-06,Melatonin,Sleep Aid,167,128,192,8.24,10.98,0.06,1405.44,351.36,Punjab,0,10,8,2,2024,5,19,2,127,152.0,158.0,152.0,150.0,147.5,13.30413469565006
2024-05-13,Melatonin,Sleep Aid,353,151,227,33.76,45.01,0.25,6796.51,1699.13,Balochistan,1,10,8,0,2024,5,20,2,134,128.0,152.0,158.0,152.0,147.25,13.200378782444075
2024-05-20,Melatonin,Sleep Aid,53,146,219,22.14,29.52,0.0,4309.92,1077.48,Sindh,1,10,8,3,2024,5,21,2,141,151.0,128.0,152.0,158.0,144.25,11.146748404803962
2024-05-27,Melatonin,Sleep Aid,153,151,227,41.37,55.16,0.13,8329.16,2082.29,Sindh,0,10,8,3,2024,5,22,2,148,146.0,151.0,128.0,152.0,144.0,10.923979738782611
2024-06-03,Melatonin,Sleep Aid,406,144,216,19.7,26.26,0.18,3781.44,945.36,Punjab,0,10,8,2,2024,6,23,2,155,151.0,146.0,151.0,128.0,148.0,3.559026084010384
2024-06-10,Melatonin,Sleep Aid,192,157,236,42.18,56.24,0.04,8829.68,2207.42,Sindh,1,10,8,3,2024,6,24,2,162,144.0,151.0,146.0,151.0,149.5,5.802298395176371
2024-06-17,Melatonin,Sleep Aid,89,154,231,28.6,38.13,0.03,5872.02,1468.01,KP,0,10,8,1,2024,6,25,2,169,157.0,144.0,151.0,146.0,151.5,5.5677643628299895
2024-06-24,Melatonin,Sleep Aid,215,154,231,28.28,37.71,0.09,5807.34,1451.84,Punjab,0,10,8,2,2024,6,26,2,176,154.0,157.0,144.0,151.0,152.25,5.678908345800243
2024-07-01,Melatonin,Sleep Aid,139,161,242,21.18,28.24,0.24,4546.64,1136.66,Punjab,1,10,8,2,2024,7,27,3,183,154.0,154.0,157.0,144.0,156.5,3.316624790355347
2024-07-08,Melatonin,Sleep Aid,211,163,245,18.59,24.78,0.19,4039.14,1009.79,KP,1,10,8,1,2024,7,28,3,190,161.0,154.0,154.0,157.0,158.0,4.690415759823391
2024-07-15,Melatonin,Sleep Aid,464,128,192,18.44,24.59,0.01,3147.52,786.88,Sindh,0,10,8,3,2024,7,29,3,197,163.0,161.0,154.0,154.0,151.5,16.13484841370792
2024-07-22,Melatonin,Sleep Aid,293,158,237,8.9,11.87,0.09,1875.46,468.87,Sindh,1,10,8,3,2024,7,30,3,204,128.0,163.0,161.0,154.0,152.5,16.46207763315432
2024-07-29,Melatonin,Sleep Aid,258,161,242,17.6,23.47,0.22,3778.67,944.67,KP,1,10,8,1,2024,7,31,3,211,158.0,128.0,163.0,161.0,152.5,16.46207763315432
2024-08-05,Melatonin,Sleep Aid,494,155,233,9.28,12.37,0.22,1917.35,479.34,Sindh,1,10,8,3,2024,8,32,3,218,161.0,158.0,128.0,163.0,150.5,15.198684153570653
2024-08-12,Melatonin,Sleep Aid,56,146,219,36.1,48.13,0.21,7026.98,1756.75,KP,1,10,8,1,2024,8,33,3,225,155.0,161.0,158.0,128.0,155.0,6.480740698407836
2024-08-19,Melatonin,Sleep Aid,229,148,222,36.17,48.23,0.03,7138.04,1784.51,KP,1,10,8,1,2024,8,34,3,232,146.0,155.0,161.0,158.0,152.5,6.855654600401022
2024-08-26,Melatonin,Sleep Aid,432,142,213,41.26,55.01,0.18,7811.42,1952.86,Punjab,1,10,8,2,2024,8,35,3,239,148.0,146.0,155.0,161.0,147.75,5.439056290693541
2024-09-02,Melatonin,Sleep Aid,277,160,240,11.53,15.37,0.07,2459.2,614.8,KP,0,10,8,1,2024,9,36,3,246,142.0,148.0,146.0,155.0,149.0,7.74596669241481
2024-09-09,Melatonin,Sleep Aid,327,138,207,34.17,45.56,0.19,6287.28,1571.82,Punjab,1,10,8,2,2024,9,37,3,253,160.0,142.0,148.0,146.0,147.0,9.59166304662542
2024-09-16,Melatonin,Sleep Aid,477,171,257,34.32,45.76,0.18,7824.96,1956.24,Sindh,1,10,8,3,2024,9,38,3,260,138.0,160.0,142.0,148.0,152.75,15.478479684172248
2024-09-23,Melatonin,Sleep Aid,364,169,254,7.84,10.45,0.2,1766.05,441.51,Sindh,1,10,8,3,2024,9,39,3,267,171.0,138.0,160.0,142.0,159.5,15.110702608857503
2024-09-30,Melatonin,Sleep Aid,355,157,236,44.75,59.67,0.17,9368.19,2342.05,Punjab,0,10,8,2,2024,9,40,3,274,169.0,171.0,138.0,160.0,158.75,15.152007567755929
2024-10-07,Melatonin,Sleep Aid,274,143,215,43.57,58.09,0.15,8306.87,2076.72,Punjab,0,10,8,2,2024,10,41,4,281,157.0,169.0,171.0,138.0,160.0,12.909944487358041
2024-10-14,Melatonin,Sleep Aid,479,143,215,26.71,35.61,0.1,5092.23,1273.06,Punjab,0,10,8,2,2024,10,42,4,288,143.0,157.0,169.0,171.0,153.0,12.543258481484505
2024-10-21,Melatonin,Sleep Aid,267,141,212,14.74,19.65,0.24,2770.65,692.66,Balochistan,1,10,8,0,2024,10,43,4,295,143.0,143.0,157.0,169.0,146.0,7.3936910042729185
2024-10-28,Melatonin,Sleep Aid,378,143,215,21.53,28.7,0.16,4104.1,1026.03,KP,0,10,8,1,2024,10,44,4,302,141.0,143.0,143.0,157.0,142.5,0.9999999999998224
2024-11-04,Melatonin,Sleep Aid,426,142,213,17.99,23.98,0.08,3405.16,851.29,KP,0,10,8,1,2024,11,45,4,309,143.0,141.0,143.0,143.0,142.25,0.9574271077561538
2024-11-11,Melatonin,Sleep Aid,79,140,210,17.41,23.21,0.18,3249.4,812.35,Punjab,0,10,8,2,2024,11,46,4,316,142.0,143.0,141.0,143.0,141.5,1.2909944487356688
2024-11-18,Melatonin,Sleep Aid,365,166,249,10.48,13.97,0.11,2319.02,579.76,KP,0,10,8,1,2024,11,47,4,323,140.0,142.0,143.0,141.0,147.75,12.230426539304876
2024-11-25,Melatonin,Sleep Aid,191,165,248,41.78,55.7,0.09,9190.5,2297.63,Balochistan,1,10,8,0,2024,11,48,4,330,166.0,140.0,142.0,143.0,153.25,14.174507634012064
2024-12-02,Melatonin,Sleep Aid,170,148,222,32.63,43.51,0.19,6439.48,1609.87,Punjab,1,10,8,2,2024,12,49,4,337,165.0,166.0,140.0,142.0,154.75,12.841988423397146
2024-12-09,Melatonin,Sleep Aid,254,161,242,37.43,49.91,0.24,8035.51,2008.88,Punjab,1,10,8,2,2024,12,50,4,344,148.0,165.0,166.0,140.0,160.0,8.286535263104017
2024-12-16,Melatonin,Sleep Aid,240,160,240,42.99,57.32,0.09,9171.2,2292.8,Sindh,0,10,8,3,2024,12,51,4,351,161.0,148.0,165.0,166.0,158.5,7.3257536586119505
2024-12-23,Melatonin,Sleep Aid,191,173,260,9.8,13.07,0.08,2261.11,565.28,KP,0,10,8,1,2024,12,52,4,358,160.0,161.0,148.0,165.0,160.5,10.214368964029692
2024-12-30,Melatonin,Sleep Aid,182,156,234,20.86,27.81,0.07,4338.36,1084.59,Balochistan,1,10,8,0,2024,12,1,4,365,173.0,160.0,161.0,148.0,162.5,7.32575365861195
2025-01-06,Melatonin,Sleep Aid,406,158,237,20.24,26.98,0.24,4262.84,1065.71,Punjab,0,10,8,2,2025,1,2,1,6,156.0,173.0,160.0,161.0,161.75,7.67571929311295
2025-01-13,Melatonin,Sleep Aid,86,146,219,9.1,12.13,0.03,1770.98,442.75,Sindh,1,10,8,3,2025,1,3,1,13,158.0,156.0,173.0,160.0,158.25,11.146748404803965
2025-01-20,Melatonin,Sleep Aid,383,155,233,25.07,33.42,0.1,5180.1,1295.03,KP,0,10,8,1,2025,1,4,1,20,146.0,158.0,156.0,173.0,153.75,5.315072906367304
2025-01-27,Melatonin,Sleep Aid,324,147,221,22.91,30.55,0.2,4490.85,1122.71,KP,0,10,8,1,2025,1,5,1,27,155.0,146.0,158.0,156.0,151.5,5.916079783099597
2025-02-03,Melatonin,Sleep Aid,52,127,191,38.21,50.95,0.2,6470.65,1617.66,Balochistan,0,10,8,0,2025,2,6,1,34,147.0,155.0,146.0,158.0,143.75,11.870832602082572
2025-02-10,Melatonin,Sleep Aid,100,174,261,39.89,53.19,0.06,9255.06,2313.77,Balochistan,0,10,8,0,2025,2,7,1,41,127.0,147.0,155.0,146.0,150.75,19.465781943365812
2025-02-17,Melatonin,Sleep Aid,488,139,209,17.66,23.55,0.1,3273.45,818.36,Balochistan,0,10,8,0,2025,2,8,1,48,174.0,127.0,147.0,155.0,146.75,19.93949180228356
2025-02-24,Melatonin,Sleep Aid,275,137,206,30.62,40.82,0.14,5592.34,1398.09,Balochistan,1,10,8,0,2025,2,9,1,55,139.0,174.0,127.0,147.0,144.25,20.516253719104434
2025-03-03,Melatonin,Sleep Aid,255,134,201,11.77,15.69,0.13,2102.46,525.62,Sindh,0,10,8,3,2025,3,10,1,62,137.0,139.0,174.0,127.0,146.0,18.779421361337697
2025-03-10,Melatonin,Sleep Aid,391,165,248,17.74,23.65,0.12,3902.25,975.56,Sindh,0,10,8,3,2025,3,11,1,69,134.0,137.0,139.0,174.0,143.75,14.314910641239315
2025-03-17,Melatonin,Sleep Aid,283,141,212,16.37,21.82,0.16,3076.62,769.16,KP,0,10,8,1,2025,3,12,1,76,165.0,134.0,137.0,139.0,144.25,14.127396551853893
2025-03-24,Melatonin,Sleep Aid,358,178,267,9.78,13.04,0.15,2321.12,580.28,Balochistan,0,10,8,0,2025,3,13,1,83,141.0,165.0,134.0,137.0,154.5,20.534523775015252
2025-03-31,Melatonin,Sleep Aid,103,160,240,35.84,47.79,0.21,7646.4,1911.6,Punjab,0,10,8,2,2025,3,14,1,90,178.0,141.0,165.0,134.0,161.0,15.3405779986718
2020-02-03,Multivitamin,Vitamin,322,151,227,40.42,53.89,0.22,8137.39,2034.35,Punjab,1,11,9,2,2020,2,6,1,34,162.0,159.0,137.0,140.0,152.25,11.176612486199321
2020-02-10,Multivitamin,Vitamin,238,140,210,20.55,27.4,0.11,3836.0,959.0,Balochistan,1,11,9,0,2020,2,7,1,41,151.0,162.0,159.0,137.0,153.0,9.831920802501745
2020-02-17,Multivitamin,Vitamin,205,151,227,38.68,51.57,0.15,7787.07,1946.77,Sindh,1,11,9,3,2020,2,8,1,48,140.0,151.0,162.0,159.0,151.0,8.98146239020498
2020-02-24,Multivitamin,Vitamin,184,123,185,9.74,12.98,0.15,1596.54,399.14,Punjab,0,11,9,2,2020,2,9,1,55,151.0,140.0,151.0,162.0,141.25,13.22560647632715
2020-03-02,Multivitamin,Vitamin,411,184,276,8.96,11.95,0.01,2198.8,549.7,Sindh,0,11,9,3,2020,3,10,1,62,123.0,151.0,140.0,151.0,149.5,25.72288216096063
2020-03-09,Multivitamin,Vitamin,157,147,221,36.17,48.23,0.14,7089.81,1772.45,KP,0,11,9,1,2020,3,11,1,69,184.0,123.0,151.0,140.0,151.25,25.091499224504968
2020-03-16,Multivitamin,Vitamin,307,148,222,30.93,41.24,0.02,6103.52,1525.88,Punjab,0,11,9,2,2020,3,12,1,76,147.0,184.0,123.0,151.0,150.5,25.146238950056397
2020-03-23,Multivitamin,Vitamin,244,142,213,31.94,42.58,0.18,6046.36,1511.59,KP,1,11,9,1,2020,3,13,1,83,148.0,147.0,184.0,123.0,155.25,19.345542122153105
2020-03-30,Multivitamin,Vitamin,243,168,252,9.83,13.11,0.04,2202.48,550.62,Sindh,1,11,9,3,2020,3,14,1,90,142.0,148.0,147.0,184.0,151.25,11.470977871713176
2020-04-06,Multivitamin,Vitamin,489,171,257,26.48,35.3,0.06,6036.3,1509.08,Balochistan,0,11,9,0,2020,4,15,2,97,168.0,142.0,148.0,147.0,157.25,14.407752542757436
2020-04-13,Multivitamin,Vitamin,373,151,227,13.78,18.37,0.2,2773.87,693.47,Punjab,0,11,9,2,2020,4,16,2,104,171.0,168.0,142.0,148.0,158.0,13.832329280830955
2020-04-20,Multivitamin,Vitamin,155,148,222,19.97,26.62,0.01,3939.76,984.94,Balochistan,0,11,9,0,2020,4,17,2,111,151.0,171.0,168.0,142.0,159.5,11.67618659209133
2020-04-27,Multivitamin,Vitamin,163,154,231,16.58,22.1,0.18,3403.4,850.85,Balochistan,0,11,9,0,2020,4,18,2,118,148.0,151.0,171.0,168.0,156.0,10.295630140986999
2020-05-04,Multivitamin,Vitamin,251,161,242,41.77,55.69,0.24,8966.09,2241.52,Balochistan,0,11,9,0,2020,5,19,2,125,154.0,148.0,151.0,171.0,153.5,5.567764362830021
2020-05-11,Multivitamin,Vitamin,240,163,245,25.69,34.25,0.08,5582.75,1395.69,Punjab,1,11,9,2,2020,5,20,2,132,161.0,154.0,148.0,151.0,156.5,6.85565460040104
2020-05-18,Multivitamin,Vitamin,104,156,234,17.7,23.6,0.17,3681.6,920.4,Punjab,0,11,9,2,2020,5,21,2,139,163.0,161.0,154.0,148.0,158.5,4.203173404306156
2020-05-25,Multivitamin,Vitamin,126,156,234,21.5,28.66,0.24,4470.96,1117.74,Punjab,1,11,9,2,2020,5,22,2,146,156.0,163.0,161.0,154.0,159.0,3.5590260840104277
2020-06-01,Multivitamin,Vitamin,399,136,204,25.67,34.23,0.08,4655.28,1163.82,Sindh,0,11,9,3,2020,6,23,2,153,156.0,156.0,163.0,161.0,152.75,11.644025649805712
2020-06-08,Multivitamin,Vitamin,389,141,212,40.15,53.53,0.2,7547.73,1886.93,Punjab,1,11,9,2,2020,6,24,2,160,136.0,156.0,156.0,163.0,147.25,10.307764064044154
2020-06-15,Multivitamin,Vitamin,477,142,213,43.63,58.17,0.0,8260.14,2065.04,Sindh,0,11,9,3,2020,6,25,2,167,141.0,136.0,156.0,156.0,143.75,8.578072821638518
2020-06-22,Multivitamin,Vitamin,86,127,191,35.21,46.94,0.01,5961.38,1490.35,KP,0,11,9,1,2020,6,26,2,174,142.0,141.0,136.0,156.0,136.5,6.855654600401044
2020-06-29,Multivitamin,Vitamin,87,163,245,23.22,30.96,0.04,5046.48,1261.62,Sindh,1,11,9,3,2020,6,27,2,181,127.0,142.0,141.0,136.0,143.25,14.840822079655833
2020-07-06,Multivitamin,Vitamin,333,146,219,29.37,39.16,0.0,5717.36,1429.34,Punjab,0,11,9,2,2020,7,28,3,188,163.0,127.0,142.0,141.0,144.5,14.798648586948746
2020-07-13,Multivitamin,Vitamin,214,154,231,23.53,31.37,0.08,4830.98,1207.75,Sindh,0,11,9,3,2020,7,29,3,195,146.0,163.0,127.0,142.0,147.5,15.329709716755893
2020-07-20,Multivitamin,Vitamin,147,139,209,31.27,41.69,0.15,5794.91,1448.73,Punjab,0,11,9,2,2020,7,30,3,202,154.0,146.0,163.0,127.0,150.5,10.344080432788601
2020-07-27,Multivitamin,Vitamin,198,140,210,38.25,51.0,0.01,7140.0,1785.0,Balochistan,1,11,9,0,2020,7,31,3,209,139.0,154.0,146.0,163.0,144.75,6.898067362191631
2020-08-03,Multivitamin,Vitamin,87,142,213,13.18,17.57,0.11,2494.94,623.74,Sindh,0,11,9,3,2020,8,32,3,216,140.0,139.0,154.0,146.0,143.75,6.946221994724908
2020-08-10,Multivitamin,Vitamin,364,150,225,10.17,13.56,0.14,2034.0,508.5,Punjab,1,11,9,2,2020,8,33,3,223,142.0,140.0,139.0,154.0,142.75,4.991659710623988
2020-08-17,Multivitamin,Vitamin,351,145,218,25.64,34.19,0.1,4957.55,1239.39,KP,1,11,9,1,2020,8,34,3,230,150.0,142.0,140.0,139.0,144.25,4.349329450233307
2020-08-24,Multivitamin,Vitamin,411,152,228,32.96,43.95,0.23,6680.4,1670.1,Balochistan,0,11,9,0,2020,8,35,3,237,145.0,150.0,142.0,140.0,147.25,4.573474244670761
2020-08-31,Multivitamin,Vitamin,380,143,215,12.44,16.58,0.18,2370.94,592.74,Balochistan,0,11,9,0,2020,8,36,3,244,152.0,145.0,150.0,142.0,147.5,4.203173404306178
2020-09-07,Multivitamin,Vitamin,101,164,246,13.79,18.39,0.03,3015.96,753.99,KP,1,11,9,1,2020,9,37,3,251,143.0,152.0,145.0,150.0,151.0,9.486832980505147
2020-09-14,Multivitamin,Vitamin,499,150,225,42.56,56.74,0.23,8511.0,2127.75,Balochistan,0,11,9,0,2020,9,38,3,258,164.0,143.0,152.0,145.0,152.25,8.7321245982865
2020-09-21,Multivitamin,Vitamin,322,129,194,18.68,24.9,0.02,3212.1,803.03,Punjab,0,11,9,2,2020,9,39,3,265,150.0,164.0,143.0,152.0,146.5,14.571661996262936
2020-09-28,Multivitamin,Vitamin,344,140,210,38.96,51.95,0.14,7273.0,1818.25,Sindh,0,11,9,3,2020,9,40,3,272,129.0,150.0,164.0,143.0,145.75,14.88567544095106
2020-10-05,Multivitamin,Vitamin,323,144,216,8.88,11.84,0.12,1704.96,426.24,Punjab,1,11,9,2,2020,10,41,4,279,140.0,129.0,150.0,164.0,140.75,8.845903006477075
2020-10-12,Multivitamin,Vitamin,69,168,252,12.42,16.56,0.08,2782.08,695.52,Sindh,1,11,9,3,2020,10,42,4,286,144.0,140.0,129.0,150.0,145.25,16.439282222773603
2020-10-19,Multivitamin,Vitamin,468,156,234,21.31,28.41,0.24,4431.96,1107.99,Balochistan,0,11,9,0,2020,10,43,4,293,168.0,144.0,140.0,129.0,152.0,12.649110640673529
2020-10-26,Multivitamin,Vitamin,187,153,230,17.96,23.95,0.1,3664.35,916.09,Punjab,0,11,9,2,2020,10,44,4,300,156.0,168.0,144.0,140.0,155.25,9.912113800799519
2020-11-02,Multivitamin,Vitamin,438,148,222,27.23,36.3,0.17,5372.4,1343.1,KP,1,11,9,1,2020,11,45,4,307,153.0,156.0,168.0,144.0,156.25,8.500000000000016
2020-11-09,Multivitamin,Vitamin,289,142,213,20.02,26.69,0.14,3789.98,947.5,KP,0,11,9,1,2020,11,46,4,314,148.0,153.0,156.0,168.0,149.75,6.130524719249868
2020-11-16,Multivitamin,Vitamin,459,134,201,44.34,59.12,0.23,7922.08,1980.52,Sindh,0,11,9,3,2020,11,47,4,321,142.0,148.0,153.0,156.0,144.25,8.180260794538702
2020-11-23,Multivitamin,Vitamin,243,155,233,11.46,15.28,0.2,2368.4,592.1,Punjab,0,11,9,2,2020,11,48,4,328,134.0,142.0,148.0,153.0,144.75,8.920949127381773
2020-11-30,Multivitamin,Vitamin,237,148,222,28.85,38.47,0.21,5693.56,1423.39,KP,1,11,9,1,2020,11,49,4,335,155.0,134.0,142.0,148.0,144.75,8.920949127381773
2020-12-07,Multivitamin,Vitamin,227,159,239,21.05,28.06,0.16,4461.54,1115.39,Sindh,0,11,9,3,2020,12,50,4,342,148.0,155.0,134.0,142.0,149.0,10.984838035522735
2020-12-14,Multivitamin,Vitamin,271,136,204,42.25,56.33,0.18,7660.88,1915.22,Sindh,1,11,9,3,2020,12,51,4,349,159.0,148.0,155.0,134.0,149.5,10.08298897483613
2020-12-21,Multivitamin,Vitamin,410,150,225,33.17,44.22,0.13,6633.0,1658.25,Balochistan,0,11,9,0,2020,12,52,4,356,136.0,159.0,148.0,155.0,148.25,9.464847243000472
2020-12-28,Multivitamin,Vitamin,258,151,227,20.87,27.83,0.11,4202.33,1050.58,Balochistan,0,11,9,0,2020,12,53,4,363,150.0,136.0,159.0,148.0,149.0,9.55684745788765
2021-01-04,Multivitamin,Vitamin,144,143,215,21.47,28.62,0.06,4092.66,1023.17,Punjab,1,11,9,2,2021,1,1,1,4,151.0,150.0,136.0,159.0,145.0,6.976149845485469
2021-01-11,Multivitamin,Vitamin,115,154,231,37.4,49.87,0.18,7679.98,1920.0,Sindh,1,11,9,3,2021,1,2,1,11,143.0,151.0,150.0,136.0,149.5,4.654746681256342
2021-01-18,Multivitamin,Vitamin,284,147,221,9.48,12.64,0.01,1858.08,464.52,KP,0,11,9,1,2021,1,3,1,18,154.0,143.0,151.0,150.0,148.75,4.787135538781719
2021-01-25,Multivitamin,Vitamin,398,145,218,22.35,29.8,0.05,4321.0,1080.25,Sindh,0,11,9,3,2021,1,4,1,25,147.0,154.0,143.0,151.0,147.25,4.787135538781719
2021-02-01,Multivitamin,Vitamin,57,129,194,7.88,10.5,0.02,1354.5,338.63,Sindh,1,11,9,3,2021,2,5,1,32,145.0,147.0,154.0,143.0,143.75,10.563301251660562
2021-02-08,Multivitamin,Vitamin,257,161,242,18.81,25.08,0.1,4037.88,1009.47,Punjab,1,11,9,2,2021,2,6,1,39,129.0,145.0,147.0,154.0,145.5,13.102162671355705
2021-02-15,Multivitamin,Vitamin,335,134,201,37.79,50.39,0.06,6752.26,1688.07,Balochistan,1,11,9,0,2021,2,7,1,46,161.0,129.0,145.0,147.0,142.25,14.174507634012086
2021-02-22,Multivitamin,Vitamin,299,152,228,10.74,14.32,0.0,2176.64,544.16,Balochistan,0,11,9,0,2021,2,8,1,53,134.0,161.0,129.0,145.0,144.0,15.033296378372915
2021-03-01,Multivitamin,Vitamin,315,136,204,10.7,14.27,0.23,1940.72,485.18,Sindh,1,11,9,3,2021,3,9,1,60,152.0,134.0,161.0,129.0,145.75,12.971121771072855
2021-03-08,Multivitamin,Vitamin,313,152,228,8.99,11.98,0.1,1820.96,455.24,KP,1,11,9,1,2021,3,10,1,67,136.0,152.0,134.0,161.0,143.5,9.848857801796116
2021-03-15,Multivitamin,Vitamin,152,146,219,7.51,10.01,0.06,1461.46,365.37,KP,1,11,9,1,2021,3,11,1,74,152.0,136.0,152.0,134.0,146.5,7.549834435270765
2021-03-22,Multivitamin,Vitamin,100,154,231,10.72,14.29,0.02,2200.66,550.17,Balochistan,1,11,9,0,2021,3,12,1,81,146.0,152.0,136.0,152.0,147.0,8.082903768654775
2021-03-29,Multivitamin,Vitamin,382,140,210,40.76,54.34,0.09,7607.6,1901.9,KP,0,11,9,1,2021,3,13,1,88,154.0,146.0,152.0,136.0,148.0,6.324555320336779
2021-04-05,Multivitamin,Vitamin,213,170,255,41.4,55.2,0.08,9384.0,2346.0,Balochistan,1,11,9,0,2021,4,14,2,95,140.0,154.0,146.0,152.0,152.5,13.00000000000001
2021-04-12,Multivitamin,Vitamin,56,141,212,27.51,36.68,0.24,5171.88,1292.97,Balochistan,1,11,9,0,2021,4,15,2,102,170.0,140.0,154.0,146.0,151.25,14.032699906527858
2021-04-19,Multivitamin,Vitamin,84,158,237,33.38,44.5,0.1,7031.0,1757.75,Sindh,0,11,9,3,2021,4,16,2,109,141.0,170.0,140.0,154.0,152.25,14.43086968966182
2021-04-26,Multivitamin,Vitamin,380,134,201,42.99,57.32,0.1,7680.88,1920.22,Sindh,0,11,9,3,2021,4,17,2,116,158.0,141.0,170.0,140.0,150.75,16.317168872080728
2021-05-03,Multivitamin,Vitamin,100,164,246,41.06,54.74,0.03,8977.36,2244.34,Balochistan,0,11,9,0,2021,5,18,2,123,134.0,158.0,141.0,170.0,149.25,14.080127840328734
2021-05-10,Multivitamin,Vitamin,422,184,276,9.5,12.67,0.23,2331.28,582.82,Punjab,1,11,9,2,2021,5,19,2,130,164.0,134.0,158.0,141.0,160.0,20.59126028197401
2021-05-17,Multivitamin,Vitamin,245,138,207,10.79,14.39,0.1,1985.82,496.46,Punjab,1,11,9,2,2021,5,20,2,137,184.0,164.0,134.0,158.0,155.0,23.46628787573073
2021-05-24,Multivitamin,Vitamin,250,148,222,24.92,33.23,0.21,4918.04,1229.51,Sindh,1,11,9,3,2021,5,21,2,144,138.0,184.0,164.0,134.0,158.5,20.091457554559526
2021-05-31,Multivitamin,Vitamin,102,129,194,17.27,23.03,0.21,2970.87,742.72,Balochistan,0,11,9,0,2021,5,22,2,151,148.0,138.0,184.0,164.0,149.75,24.11603892295195
2021-06-07,Multivitamin,Vitamin,427,148,222,15.8,21.06,0.17,3116.88,779.22,KP,0,11,9,1,2021,6,23,2,158,129.0,148.0,138.0,184.0,140.75,9.14239210126833
2021-06-14,Multivitamin,Vitamin,148,153,230,44.56,59.41,0.1,9089.73,2272.43,Sindh,0,11,9,3,2021,6,24,2,165,148.0,129.0,148.0,138.0,144.5,10.59874206372311
2021-06-21,Multivitamin,Vitamin,112,136,204,44.84,59.79,0.07,8131.44,2032.86,Sindh,0,11,9,3,2021,6,25,2,172,153.0,148.0,129.0,148.0,141.5,10.969655114602903
2021-06-28,Multivitamin,Vitamin,186,145,218,33.6,44.8,0.09,6496.0,1624.0,Sindh,0,11,9,3,2021,6,26,2,179,136.0,153.0,148.0,129.0,145.5,7.141428428542873
2021-07-05,Multivitamin,Vitamin,495,152,228,19.4,25.86,0.07,3930.72,982.68,Punjab,1,11,9,2,2021,7,27,3,186,145.0,136.0,153.0,148.0,146.5,7.852812659593185
2021-07-12,Multivitamin,Vitamin,239,147,221,15.26,20.34,0.16,2989.98,747.5,KP,0,11,9,1,2021,7,28,3,193,152.0,145.0,136.0,153.0,145.0,6.683312551921166
2021-07-19,Multivitamin,Vitamin,139,147,221,8.35,11.13,0.11,1636.11,409.03,Sindh,1,11,9,3,2021,7,29,3,200,147.0,152.0,145.0,136.0,147.75,2.9860788111948766
2021-07-26,Multivitamin,Vitamin,216,136,204,22.8,30.4,0.17,4134.4,1033.6,Punjab,0,11,9,2,2021,7,30,3,207,147.0,147.0,152.0,145.0,145.5,6.757711644237788
2021-08-02,Multivitamin,Vitamin,56,156,234,7.95,10.6,0.13,1653.6,413.4,KP,0,11,9,1,2021,8,31,3,214,136.0,147.0,147.0,152.0,146.5,8.18535277187247
2021-08-09,Multivitamin,Vitamin,376,140,210,20.21,26.95,0.04,3773.0,943.25,KP,1,11,9,1,2021,8,32,3,221,156.0,136.0,147.0,147.0,144.75,8.770214744615265
2021-08-16,Multivitamin,Vitamin,495,154,231,33.57,44.76,0.1,6893.04,1723.26,Balochistan,0,11,9,0,2021,8,33,3,228,140.0,156.0,136.0,147.0,146.5,9.983319421247973
2021-08-23,Multivitamin,Vitamin,253,165,248,42.41,56.54,0.06,9329.1,2332.28,KP,0,11,9,1,2021,8,34,3,235,154.0,140.0,156.0,136.0,153.75,10.340051579497414
2021-08-30,Multivitamin,Vitamin,437,146,219,11.8,15.73,0.25,2296.58,574.15,Punjab,0,11,9,2,2021,8,35,3,242,165.0,154.0,140.0,156.0,151.25,10.812801055539078
2021-09-06,Multivitamin,Vitamin,496,151,227,24.79,33.05,0.08,4990.55,1247.64,KP,0,11,9,1,2021,9,36,3,249,146.0,165.0,154.0,140.0,154.0,8.0415587212099
2021-09-13,Multivitamin,Vitamin,90,149,224,10.35,13.8,0.13,2056.2,514.05,Punjab,1,11,9,2,2021,9,37,3,256,151.0,146.0,165.0,154.0,152.75,8.421203397773205
2021-09-20,Multivitamin,Vitamin,307,159,239,38.26,51.01,0.1,8110.59,2027.65,Balochistan,0,11,9,0,2021,9,38,3,263,149.0,151.0,146.0,165.0,151.25,5.560275772537453
2021-09-27,Multivitamin,Vitamin,166,162,243,29.3,39.07,0.2,6329.34,1582.34,Punjab,0,11,9,2,2021,9,39,3,270,159.0,149.0,151.0,146.0,155.25,6.238322424070992
2021-10-04,Multivitamin,Vitamin,474,138,207,17.11,22.81,0.1,3147.78,786.95,Balochistan,1,11,9,0,2021,10,40,4,277,162.0,159.0,149.0,151.0,152.0,10.862780491200228
2021-10-11,Multivitamin,Vitamin,367,148,222,36.54,48.72,0.01,7210.56,1802.64,Sindh,1,11,9,3,2021,10,41,4,284,138.0,162.0,159.0,149.0,151.75,10.965856099730667
2021-10-18,Multivitamin,Vitamin,488,174,261,14.64,19.52,0.11,3396.48,849.12,Sindh,0,11,9,3,2021,10,42,4,291,148.0,138.0,162.0,159.0,155.5,15.779733838059506
2021-10-25,Multivitamin,Vitamin,88,162,243,13.97,18.63,0.0,3018.06,754.52,Balochistan,1,11,9,0,2021,10,43,4,298,174.0,148.0,138.0,162.0,155.5,15.779733838059506
2021-11-01,Multivitamin,Vitamin,204,160,240,15.42,20.56,0.13,3289.6,822.4,Balochistan,1,11,9,0,2021,11,44,4,305,162.0,174.0,148.0,138.0,161.0,10.645812948447551
2021-11-08,Multivitamin,Vitamin,471,137,206,26.88,35.84,0.07,4910.08,1227.52,KP,1,11,9,1,2021,11,45,4,312,160.0,162.0,174.0,148.0,158.25,15.45692940614878
2021-11-15,Multivitamin,Vitamin,336,144,216,35.88,47.84,0.17,6888.96,1722.24,Sindh,1,11,9,3,2021,11,46,4,319,137.0,160.0,162.0,174.0,150.75,12.203141671990327
2021-11-22,Multivitamin,Vitamin,441,149,224,22.87,30.49,0.13,4543.01,1135.75,KP,0,11,9,1,2021,11,47,4,326,144.0,137.0,160.0,162.0,147.5,9.678154093971994
2021-11-29,Multivitamin,Vitamin,271,149,224,22.41,29.88,0.16,4452.12,1113.03,Sindh,0,11,9,3,2021,11,48,4,333,149.0,144.0,137.0,160.0,144.75,5.678908345800293
2021-12-06,Multivitamin,Vitamin,432,141,212,27.96,37.28,0.18,5256.48,1314.12,Punjab,1,11,9,2,2021,12,49,4,340,149.0,149.0,144.0,137.0,145.75,3.9475730941090306
2021-12-13,Multivitamin,Vitamin,253,151,227,15.88,21.17,0.18,3196.67,799.17,Sindh,0,11,9,3,2021,12,50,4,347,141.0,149.0,149.0,144.0,147.5,4.434711565216712
2021-12-20,Multivitamin,Vitamin,496,136,204,29.65,39.53,0.15,5376.08,1344.02,KP,0,11,9,1,2021,12,51,4,354,151.0,141.0,149.0,149.0,144.25,6.994045086119109
2021-12-27,Multivitamin,Vitamin,54,135,203,13.75,18.33,0.13,2474.55,618.64,KP,0,11,9,1,2021,12,52,4,361,136.0,151.0,141.0,149.0,140.75,7.32006375199926
2022-01-03,Multivitamin,Vitamin,255,169,254,38.39,51.19,0.1,8651.11,2162.78,Sindh,1,11,9,3,2022,1,1,1,3,135.0,136.0,151.0,141.0,147.75,15.945218719101982
2022-01-10,Multivitamin,Vitamin,357,152,228,9.3,12.4,0.22,1884.8,471.2,Sindh,0,11,9,3,2022,1,2,1,10,169.0,135.0,136.0,151.0,148.0,16.02081978759723
2022-01-17,Multivitamin,Vitamin,267,153,230,40.04,53.39,0.11,8168.67,2042.17,Sindh,0,11,9,3,2022,1,3,1,17,152.0,169.0,135.0,136.0,152.25,13.889444433333786
2022-01-24,Multivitamin,Vitamin,170,141,212,43.74,58.32,0.14,8223.12,2055.78,KP,0,11,9,1,2022,1,4,1,24,153.0,152.0,169.0,135.0,153.75,11.528949070347517
2022-01-31,Multivitamin,Vitamin,322,142,213,29.81,39.75,0.08,5644.5,1411.13,Punjab,1,11,9,2,2022,1,5,1,31,141.0,153.0,152.0,169.0,147.0,6.377042156569677
2022-02-07,Multivitamin,Vitamin,477,177,266,40.39,53.85,0.17,9531.45,2382.86,Balochistan,0,11,9,0,2022,2,6,1,38,142.0,141.0,153.0,152.0,153.25,16.74066904278321
2022-02-14,Multivitamin,Vitamin,275,152,228,31.75,42.33,0.24,6434.16,1608.54,Punjab,1,11,9,2,2022,2,7,1,45,177.0,142.0,141.0,153.0,153.0,16.753109164172088
2022-02-21,Multivitamin,Vitamin,496,152,228,44.14,58.85,0.16,8945.2,2236.3,Sindh,0,11,9,3,2022,2,8,1,52,152.0,177.0,142.0,141.0,155.75,14.930394055974102
2022-02-28,Multivitamin,Vitamin,67,142,213,18.85,25.13,0.15,3568.46,892.12,Balochistan,1,11,9,0,2022,2,9,1,59,152.0,152.0,177.0,142.0,155.75,14.930394055974102
2022-03-07,Multivitamin,Vitamin,426,137,206,40.19,53.58,0.09,7340.46,1835.12,KP,0,11,9,1,2022,3,10,1,66,142.0,152.0,152.0,177.0,145.75,7.500000000000003
2022-03-14,Multivitamin,Vitamin,454,156,234,25.32,33.76,0.05,5266.56,1316.64,Sindh,1,11,9,3,2022,3,11,1,73,137.0,142.0,152.0,152.0,146.75,8.770214744615249
2022-03-21,Multivitamin,Vitamin,302,135,203,39.55,52.73,0.17,7118.55,1779.64,Punjab,0,11,9,2,2022,3,12,1,80,156.0,137.0,142.0,152.0,142.5,9.469248474227863
2022-03-28,Multivitamin,Vitamin,174,156,234,38.87,51.82,0.24,8083.92,2020.98,Punjab,0,11,9,2,2022,3,13,1,87,135.0,156.0,137.0,142.0,146.0,11.575836902790229
2022-04-04,Multivitamin,Vitamin,288,149,224,34.85,46.46,0.08,6922.54,1730.64,Balochistan,1,11,9,0,2022,4,14,2,94,156.0,135.0,156.0,137.0,149.0,9.899494936611669
2022-04-11,Multivitamin,Vitamin,72,103,155,11.64,15.52,0.06,1598.56,399.64,Sindh,1,11,9,3,2022,4,15,2,101,149.0,156.0,135.0,156.0,135.75,23.51418011895517
2022-04-18,Multivitamin,Vitamin,312,174,261,12.38,16.51,0.02,2872.74,718.19,Sindh,0,11,9,3,2022,4,16,2,108,103.0,149.0,156.0,135.0,145.5,30.22691956959337
2022-04-25,Multivitamin,Vitamin,175,164,246,14.86,19.81,0.14,3248.84,812.21,Punjab,1,11,9,2,2022,4,17,2,115,174.0,103.0,149.0,156.0,147.5,31.39532873958587
2022-05-02,Multivitamin,Vitamin,366,136,204,19.87,26.49,0.16,3602.64,900.66,Sindh,1,11,9,3,2022,5,18,2,122,164.0,174.0,103.0,149.0,144.25,31.857756773926607
2022-05-09,Multivitamin,Vitamin,161,133,200,20.54,27.38,0.19,3641.54,910.39,KP,0,11,9,1,2022,5,19,2,129,136.0,164.0,174.0,103.0,151.75,20.36950334855189
2022-05-16,Multivitamin,Vitamin,302,144,216,10.25,13.67,0.05,1968.48,492.12,Balochistan,1,11,9,0,2022,5,20,2,136,133.0,136.0,164.0,174.0,144.25,13.961255912942315
2022-05-23,Multivitamin,Vitamin,212,158,237,32.99,43.98,0.09,6948.84,1737.21,Balochistan,1,11,9,0,2022,5,21,2,143,144.0,133.0,136.0,164.0,142.75,11.176612486199328
2022-05-30,Multivitamin,Vitamin,198,166,249,21.01,28.01,0.15,4649.66,1162.42,Sindh,1,11,9,3,2022,5,22,2,150,158.0,144.0,133.0,136.0,150.25,14.660036380127668
2022-06-06,Multivitamin,Vitamin,326,130,195,39.5,52.66,0.05,6845.8,1711.45,Sindh,0,11,9,3,2022,6,23,2,157,166.0,158.0,144.0,133.0,149.5,15.864005379054394
2022-06-13,Multivitamin,Vitamin,444,169,254,36.72,48.96,0.18,8274.24,2068.56,KP,0,11,9,1,2022,6,24,2,164,130.0,166.0,158.0,144.0,155.75,17.783419243778738
2022-06-20,Multivitamin,Vitamin,152,147,221,15.15,20.2,0.17,2969.4,742.35,Punjab,1,11,9,2,2022,6,25,2,171,169.0,130.0,166.0,158.0,153.0,18.16590212458495
2022-06-27,Multivitamin,Vitamin,211,172,258,38.57,51.43,0.14,8845.96,2211.49,Balochistan,0,11,9,0,2022,6,26,2,178,147.0,169.0,130.0,166.0,154.5,19.77371993328519
2022-07-04,Multivitamin,Vitamin,127,153,230,29.72,39.62,0.07,6061.86,1515.47,KP,1,11,9,1,2022,7,27,3,185,172.0,147.0,169.0,130.0,160.25,12.148388096094616
2022-07-11,Multivitamin,Vitamin,496,132,198,40.28,53.7,0.22,7088.4,1772.1,Sindh,0,11,9,3,2022,7,28,3,192,153.0,172.0,147.0,169.0,151.0,16.552945357246852
2022-07-18,Multivitamin,Vitamin,373,116,174,34.79,46.39,0.05,5381.24,1345.31,Sindh,1,11,9,3,2022,7,29,3,199,132.0,153.0,172.0,147.0,143.25,24.431878083083724
2022-07-25,Multivitamin,Vitamin,88,165,248,27.91,37.21,0.24,6139.65,1534.91,Punjab,1,11,9,2,2022,7,30,3,206,116.0,132.0,153.0,172.0,141.5,21.794494717703373
2022-08-01,Multivitamin,Vitamin,356,145,218,9.84,13.12,0.04,1902.4,475.6,Sindh,0,11,9,3,2022,8,31,3,213,165.0,116.0,132.0,153.0,139.5,20.728402414722336
2022-08-08,Multivitamin,Vitamin,189,183,275,11.27,15.02,0.04,2748.66,687.17,KP,0,11,9,1,2022,8,32,3,220,145.0,165.0,116.0,132.0,152.25,28.72136254892283
2022-08-15,Multivitamin,Vitamin,351,152,228,20.21,26.95,0.14,4096.4,1024.1,Balochistan,0,11,9,0,2022,8,33,3,227,183.0,145.0,165.0,116.0,161.25,16.70079838410927
2022-08-22,Multivitamin,Vitamin,182,149,224,20.43,27.24,0.16,4058.76,1014.69,Sindh,1,11,9,3,2022,8,34,3,234,152.0,183.0,145.0,165.0,157.25,17.404501333467348
2022-08-29,Multivitamin,Vitamin,197,157,236,23.91,31.88,0.21,5005.16,1251.29,Punjab,1,11,9,2,2022,8,35,3,241,149.0,152.0,183.0,145.0,160.25,15.521490478258418
2022-09-05,Multivitamin,Vitamin,250,165,248,8.62,11.49,0.23,1895.85,473.96,Punjab,0,11,9,2,2022,9,36,3,248,157.0,149.0,152.0,183.0,155.75,6.994045086119094
2022-09-12,Multivitamin,Vitamin,459,140,210,28.5,38.0,0.15,5320.0,1330.0,KP,1,11,9,1,2022,9,37,3,255,165.0,157.0,149.0,152.0,152.75,10.719919153924
2022-09-19,Multivitamin,Vitamin,427,166,249,10.53,14.04,0.16,2330.64,582.66,Balochistan,0,11,9,0,2022,9,38,3,262,140.0,165.0,157.0,149.0,157.0,12.027745701779143
2022-09-26,Multivitamin,Vitamin,126,146,219,16.56,22.08,0.12,3223.68,805.92,Punjab,1,11,9,2,2022,9,39,3,269,166.0,140.0,165.0,157.0,154.25,13.225606476327151
2022-10-03,Multivitamin,Vitamin,134,146,219,8.86,11.81,0.21,1724.26,431.07,Punjab,0,11,9,2,2022,10,40,4,276,146.0,166.0,140.0,165.0,149.5,11.357816691600545
2022-10-10,Multivitamin,Vitamin,422,147,221,26.18,34.9,0.1,5130.3,1282.58,Sindh,1,11,9,3,2022,10,41,4,283,146.0,146.0,166.0,140.0,151.25,9.844626283748237
2022-10-17,Multivitamin,Vitamin,358,139,209,24.56,32.75,0.19,4552.25,1138.06,Punjab,1,11,9,2,2022,10,42,4,290,147.0,146.0,146.0,166.0,144.5,3.696845502136478
2022-10-24,Multivitamin,Vitamin,371,166,249,20.72,27.62,0.19,4584.92,1146.23,Balochistan,0,11,9,0,2022,10,43,4,297,139.0,147.0,146.0,146.0,149.5,11.561430130683085
2022-10-31,Multivitamin,Vitamin,238,177,266,10.58,14.1,0.11,2495.7,623.93,Punjab,1,11,9,2,2022,10,44,4,304,166.0,139.0,147.0,146.0,157.25,17.366154822911533
2022-11-07,Multivitamin,Vitamin,416,121,182,23.39,31.18,0.05,3772.78,943.2,KP,0,11,9,1,2022,11,45,4,311,177.0,166.0,139.0,147.0,150.75,25.46075411294803
2022-11-14,Multivitamin,Vitamin,443,145,218,24.08,32.11,0.16,4655.95,1163.99,Sindh,0,11,9,3,2022,11,46,4,318,121.0,177.0,166.0,139.0,152.25,24.70323865407125
2022-11-21,Multivitamin,Vitamin,72,175,263,15.32,20.43,0.12,3575.25,893.81,KP,0,11,9,1,2022,11,47,4,325,145.0,121.0,177.0,166.0,154.5,26.70205984563738
2022-11-28,Multivitamin,Vitamin,378,165,248,31.16,41.55,0.13,6855.75,1713.94,Sindh,1,11,9,3,2022,11,48,4,332,175.0,145.0,121.0,177.0,151.5,23.853720883753127
2022-12-05,Multivitamin,Vitamin,244,136,204,36.05,48.06,0.24,6536.16,1634.04,Sindh,1,11,9,3,2022,12,49,4,339,165.0,175.0,145.0,121.0,155.25,17.89553016817328
2022-12-12,Multivitamin,Vitamin,147,166,249,26.78,35.71,0.21,5927.86,1481.97,KP,1,11,9,1,2022,12,50,4,346,136.0,165.0,175.0,145.0,160.5,16.94107434609742
2022-12-19,Multivitamin,Vitamin,91,165,248,33.13,44.17,0.15,7288.05,1822.01,KP,0,11,9,1,2022,12,51,4,353,166.0,136.0,165.0,175.0,158.0,14.674240468703427
2022-12-26,Multivitamin,Vitamin,182,138,207,20.44,27.25,0.03,3760.5,940.13,KP,0,11,9,1,2022,12,52,4,360,165.0,166.0,136.0,165.0,151.25,16.479785597310826
2023-01-02,Multivitamin,Vitamin,447,160,240,40.55,54.06,0.08,8649.6,2162.4,Sindh,1,11,9,3,2023,1,1,1,2,138.0,165.0,166.0,136.0,157.25,13.09898214875237
2023-01-09,Multivitamin,Vitamin,428,167,251,23.22,30.96,0.15,5170.32,1292.58,Punjab,1,11,9,2,2023,1,2,1,9,160.0,138.0,165.0,166.0,157.5,13.329166015421468
2023-01-16,Multivitamin,Vitamin,421,128,192,16.61,22.15,0.06,2835.2,708.8,Punjab,0,11,9,2,2023,1,3,1,16,167.0,160.0,138.0,165.0,148.25,18.30072858294627
2023-01-23,Multivitamin,Vitamin,321,155,233,43.64,58.19,0.23,9019.45,2254.86,KP,0,11,9,1,2023,1,4,1,23,128.0,167.0,160.0,138.0,152.5,17.05872210923198
2023-01-30,Multivitamin,Vitamin,469,143,215,9.35,12.46,0.03,1781.78,445.45,KP,1,11,9,1,2023,1,5,1,30,155.0,128.0,167.0,160.0,148.25,16.680827317612277
2023-02-06,Multivitamin,Vitamin,398,153,230,20.28,27.04,0.12,4137.12,1034.28,Balochistan,0,11,9,0,2023,2,6,1,37,143.0,155.0,128.0,167.0,144.75,12.338962679253065
2023-02-13,Multivitamin,Vitamin,407,158,237,26.8,35.73,0.02,5645.34,1411.34,Sindh,1,11,9,3,2023,2,7,1,44,153.0,143.0,155.0,128.0,152.25,6.499999999999992
2023-02-20,Multivitamin,Vitamin,446,145,218,19.08,25.44,0.14,3688.8,922.2,Balochistan,0,11,9,0,2023,2,8,1,51,158.0,153.0,143.0,155.0,149.75,6.9940450861190895
2023-02-27,Multivitamin,Vitamin,71,150,225,11.97,15.96,0.1,2394.0,598.5,Punjab,1,11,9,2,2023,2,9,1,58,145.0,158.0,153.0,143.0,151.5,5.446711546122723
2023-03-06,Multivitamin,Vitamin,303,148,222,20.04,26.72,0.09,3954.56,988.64,Balochistan,0,11,9,0,2023,3,10,1,65,150.0,145.0,158.0,153.0,150.25,5.560275772537418
2023-03-13,Multivitamin,Vitamin,251,172,258,20.32,27.09,0.08,4659.48,1164.87,Sindh,1,11,9,3,2023,3,11,1,72,148.0,150.0,145.0,158.0,153.75,12.338962679253063
2023-03-20,Multivitamin,Vitamin,111,133,200,19.49,25.98,0.04,3455.34,863.84,KP,1,11,9,1,2023,3,12,1,79,172.0,148.0,150.0,145.0,150.75,16.070158679988197
2023-03-27,Multivitamin,Vitamin,121,168,252,39.87,53.16,0.09,8930.88,2232.72,KP,0,11,9,1,2023,3,13,1,86,133.0,172.0,148.0,150.0,155.25,18.172781845386247
2023-04-03,Multivitamin,Vitamin,460,124,186,25.39,33.85,0.11,4197.4,1049.35,Sindh,0,11,9,3,2023,4,14,2,93,168.0,133.0,172.0,148.0,149.25,24.295061226512683
2023-04-10,Multivitamin,Vitamin,408,142,213,28.31,37.75,0.03,5360.5,1340.13,Sindh,1,11,9,3,2023,4,15,2,100,124.0,168.0,133.0,172.0,141.75,18.9802528961023
2023-04-17,Multivitamin,Vitamin,348,158,237,29.79,39.72,0.22,6275.76,1568.94,Balochistan,0,11,9,0,2023,4,16,2,107,142.0,124.0,168.0,133.0,148.0,19.25270543759153
2023-04-24,Multivitamin,Vitamin,178,168,252,14.97,19.96,0.12,3353.28,838.32,KP,0,11,9,1,2023,4,17,2,114,158.0,142.0,124.0,168.0,148.0,19.25270543759153
2023-05-01,Multivitamin,Vitamin,222,143,215,13.71,18.28,0.1,2614.04,653.51,Sindh,0,11,9,3,2023,5,18,2,121,168.0,158.0,142.0,124.0,152.75,12.526638282742361
2023-05-08,Multivitamin,Vitamin,98,151,227,38.17,50.89,0.09,7684.39,1921.1,KP,0,11,9,1,2023,5,19,2,128,143.0,168.0,158.0,142.0,155.0,10.61445555206043
2023-05-15,Multivitamin,Vitamin,409,159,239,23.37,31.16,0.15,4954.44,1238.61,Punjab,1,11,9,2,2023,5,20,2,135,151.0,143.0,168.0,158.0,155.25,10.719919153923993
2023-05-22,Multivitamin,Vitamin,283,171,257,27.32,36.42,0.2,6227.82,1556.96,KP,0,11,9,1,2023,5,21,2,142,159.0,151.0,143.0,168.0,156.0,11.94431524477927
2023-05-29,Multivitamin,Vitamin,257,179,269,44.78,59.7,0.17,10686.3,2671.58,KP,1,11,9,1,2023,5,22,2,149,171.0,159.0,151.0,143.0,165.0,12.43650540411841
2023-06-05,Multivitamin,Vitamin,453,148,222,17.21,22.95,0.22,3396.6,849.15,Punjab,0,11,9,2,2023,6,23,2,156,179.0,171.0,159.0,151.0,164.25,13.598406769422159
2023-06-12,Multivitamin,Vitamin,78,131,197,35.03,46.7,0.07,6117.7,1529.43,Sindh,1,11,9,3,2023,6,24,2,163,148.0,179.0,171.0,159.0,157.25,21.884164746836156
2023-06-19,Multivitamin,Vitamin,251,164,246,20.72,27.63,0.02,4531.32,1132.83,Balochistan,1,11,9,0,2023,6,25,2,170,131.0,148.0,179.0,171.0,155.5,20.663978319771818
2023-06-26,Multivitamin,Vitamin,251,143,215,15.49,20.65,0.1,2952.95,738.24,Punjab,0,11,9,2,2023,6,26,2,177,164.0,131.0,148.0,179.0,146.5,13.674794331177328
2023-07-03,Multivitamin,Vitamin,239,147,221,39.62,52.82,0.13,7764.54,1941.14,KP,1,11,9,1,2023,7,27,3,184,143.0,164.0,131.0,148.0,146.25,13.647344063956165
2023-07-10,Multivitamin,Vitamin,330,136,204,22.25,29.66,0.07,4033.76,1008.44,KP,0,11,9,1,2023,7,28,3,191,147.0,143.0,164.0,131.0,147.5,11.902380714238065
2023-07-17,Multivitamin,Vitamin,286,173,260,33.52,44.69,0.22,7731.37,1932.84,Punjab,1,11,9,2,2023,7,29,3,198,136.0,147.0,143.0,164.0,149.75,16.15291511358449
2023-07-24,Multivitamin,Vitamin,400,164,246,28.31,37.74,0.18,6189.36,1547.34,Punjab,0,11,9,2,2023,7,30,3,205,173.0,136.0,147.0,143.0,155.0,16.633299933166185
2023-07-31,Multivitamin,Vitamin,193,149,224,24.17,32.22,0.01,4800.78,1200.2,Balochistan,0,11,9,0,2023,7,31,3,212,164.0,173.0,136.0,147.0,155.5,16.340134638368177
2023-08-07,Multivitamin,Vitamin,363,162,243,40.31,53.74,0.2,8705.88,2176.47,Sindh,0,11,9,3,2023,8,32,3,219,149.0,164.0,173.0,136.0,162.0,9.899494936611642
2023-08-14,Multivitamin,Vitamin,345,142,213,31.19,41.58,0.06,5904.36,1476.09,Sindh,0,11,9,3,2023,8,33,3,226,162.0,149.0,164.0,173.0,154.25,10.531698185319701
2023-08-21,Multivitamin,Vitamin,199,142,213,29.2,38.93,0.06,5528.06,1382.02,Sindh,1,11,9,3,2023,8,34,3,233,142.0,162.0,149.0,164.0,148.75,9.42956343987707
2023-08-28,Multivitamin,Vitamin,215,174,261,43.55,58.06,0.06,10102.44,2525.61,KP,1,11,9,1,2023,8,35,3,240,142.0,142.0,162.0,149.0,155.0,15.790292376436005
2023-09-04,Multivitamin,Vitamin,167,167,251,9.8,13.06,0.21,2181.02,545.26,KP,0,11,9,1,2023,9,36,3,247,174.0,142.0,142.0,162.0,156.25,16.700798384109255
2023-09-11,Multivitamin,Vitamin,474,154,231,14.31,19.08,0.17,2938.32,734.58,Punjab,1,11,9,2,2023,9,37,3,254,167.0,174.0,142.0,142.0,159.25,14.174507634012068
2023-09-18,Multivitamin,Vitamin,110,153,230,19.73,26.31,0.15,4025.43,1006.36,KP,1,11,9,1,2023,9,38,3,261,154.0,167.0,174.0,142.0,162.0,10.230672835481856
2023-09-25,Multivitamin,Vitamin,275,156,234,43.41,57.88,0.04,9029.28,2257.32,Balochistan,0,11,9,0,2023,9,39,3,268,153.0,154.0,167.0,174.0,157.5,6.454972243679005
2023-10-02,Multivitamin,Vitamin,389,151,227,36.08,48.1,0.13,7263.1,1815.78,Sindh,1,11,9,3,2023,10,40,4,275,156.0,153.0,154.0,167.0,153.5,2.081665999466069
2023-10-09,Multivitamin,Vitamin,261,140,210,39.13,52.17,0.11,7303.8,1825.95,Punjab,0,11,9,2,2023,10,41,4,282,151.0,156.0,153.0,154.0,150.0,6.976149845485433
2023-10-16,Multivitamin,Vitamin,100,165,248,25.88,34.51,0.09,5694.15,1423.54,Balochistan,1,11,9,0,2023,10,42,4,289,140.0,151.0,156.0,153.0,153.0,10.424330514074581
2023-10-23,Multivitamin,Vitamin,210,143,215,34.28,45.7,0.07,6535.1,1633.78,Punjab,0,11,9,2,2023,10,43,4,296,165.0,140.0,151.0,156.0,149.75,11.176612486199316
2023-10-30,Multivitamin,Vitamin,496,171,257,37.46,49.94,0.25,8539.74,2134.94,KP,1,11,9,1,2023,10,44,4,303,143.0,165.0,140.0,151.0,154.75,15.54295124271234
2023-11-06,Multivitamin,Vitamin,119,141,212,38.09,50.78,0.16,7159.98,1790.0,KP,0,11,9,1,2023,11,45,4,310,171.0,143.0,165.0,140.0,155.0,15.231546211727808
2023-11-13,Multivitamin,Vitamin,458,151,227,32.52,43.36,0.16,6547.36,1636.84,Punjab,1,11,9,2,2023,11,46,4,317,141.0,171.0,143.0,165.0,151.5,13.699148392023002
2023-11-20,Multivitamin,Vitamin,172,158,237,7.52,10.03,0.22,1584.74,396.19,Balochistan,1,11,9,0,2023,11,47,4,324,151.0,141.0,171.0,143.0,155.25,12.606215398233777
2023-11-27,Multivitamin,Vitamin,354,148,222,14.56,19.41,0.02,2872.68,718.17,Sindh,1,11,9,3,2023,11,48,4,331,158.0,151.0,141.0,171.0,149.5,7.0474581706219706
2023-12-04,Multivitamin,Vitamin,114,158,237,17.59,23.45,0.24,3705.1,926.28,Sindh,0,11,9,3,2023,12,49,4,338,148.0,158.0,151.0,141.0,153.75,5.057996968497806
2023-12-11,Multivitamin,Vitamin,291,172,258,8.16,10.88,0.13,1871.36,467.84,Sindh,1,11,9,3,2023,12,50,4,345,158.0,148.0,158.0,151.0,159.0,9.86576572463248
2023-12-18,Multivitamin,Vitamin,387,169,254,43.91,58.55,0.13,9894.95,2473.74,Sindh,0,11,9,3,2023,12,51,4,352,172.0,158.0,148.0,158.0,161.75,10.965856099730638
2023-12-25,Multivitamin,Vitamin,222,169,254,33.05,44.07,0.23,7447.83,1861.96,Balochistan,0,11,9,0,2023,12,52,4,359,169.0,172.0,158.0,148.0,167.0,6.164414002968945
2024-01-01,Multivitamin,Vitamin,103,146,219,7.54,10.05,0.2,1467.3,366.83,KP,1,11,9,1,2024,1,1,1,1,169.0,169.0,172.0,158.0,164.0,12.083045973594556
2024-01-08,Multivitamin,Vitamin,217,159,239,41.39,55.18,0.14,8773.62,2193.41,KP,1,11,9,1,2024,1,2,1,8,146.0,169.0,169.0,172.0,160.75,10.904891868637044
2024-01-15,Multivitamin,Vitamin,98,156,234,29.91,39.88,0.05,6221.28,1555.32,Sindh,1,11,9,3,2024,1,3,1,15,159.0,146.0,169.0,169.0,157.5,9.469248474227843
2024-01-22,Multivitamin,Vitamin,430,147,221,27.06,36.08,0.16,5303.76,1325.94,Balochistan,0,11,9,0,2024,1,4,1,22,156.0,159.0,146.0,169.0,152.0,6.48074069840783
2024-01-29,Multivitamin,Vitamin,478,152,228,39.71,52.95,0.18,8048.4,2012.1,Balochistan,0,11,9,0,2024,1,5,1,29,147.0,156.0,159.0,146.0,153.5,5.196152422706595
2024-02-05,Multivitamin,Vitamin,122,140,210,37.96,50.61,0.09,7085.4,1771.35,KP,0,11,9,1,2024,2,6,1,36,152.0,147.0,156.0,159.0,148.75,6.898067362191594
2024-02-12,Multivitamin,Vitamin,447,140,210,19.49,25.99,0.08,3638.6,909.65,KP,0,11,9,1,2024,2,7,1,43,140.0,152.0,147.0,156.0,144.75,5.852349955359778
2024-02-19,Multivitamin,Vitamin,81,123,185,18.31,24.41,0.16,3002.43,750.61,Sindh,0,11,9,3,2024,2,8,1,50,140.0,140.0,152.0,147.0,138.75,11.926860441876546
2024-02-26,Multivitamin,Vitamin,212,140,210,15.86,21.15,0.18,2961.0,740.25,Punjab,1,11,9,2,2024,2,9,1,57,123.0,140.0,140.0,152.0,135.75,8.499999999999979
2024-03-04,Multivitamin,Vitamin,208,145,218,19.8,26.4,0.1,3828.0,957.0,KP,1,11,9,1,2024,3,10,1,64,140.0,123.0,140.0,140.0,137.0,9.626352718795747
2024-03-11,Multivitamin,Vitamin,156,145,218,30.07,40.09,0.23,5813.05,1453.26,Punjab,1,11,9,2,2024,3,11,1,71,145.0,140.0,123.0,140.0,138.25,10.436314802968829
2024-03-18,Multivitamin,Vitamin,219,164,246,30.36,40.48,0.07,6638.72,1659.68,KP,1,11,9,1,2024,3,12,1,78,145.0,145.0,140.0,123.0,148.5,10.598742063723074
2024-03-25,Multivitamin,Vitamin,363,147,221,41.66,55.55,0.24,8165.85,2041.46,Sindh,1,11,9,3,2024,3,13,1,85,164.0,145.0,145.0,140.0,150.25,9.215023964519364
2024-04-01,Multivitamin,Vitamin,321,157,236,33.81,45.08,0.0,7077.56,1769.39,Punjab,1,11,9,2,2024,4,14,2,92,147.0,164.0,145.0,145.0,153.25,8.883505314157592
2024-04-08,Multivitamin,Vitamin,321,151,227,19.36,25.81,0.21,3897.31,974.33,Punjab,1,11,9,2,2024,4,15,2,99,157.0,147.0,164.0,145.0,154.75,7.410578025138537
2024-04-15,Multivitamin,Vitamin,209,132,198,11.84,15.78,0.21,2082.96,520.74,KP,1,11,9,1,2024,4,16,2,106,151.0,157.0,147.0,164.0,146.75,10.657548185832084
2024-04-22,Multivitamin,Vitamin,381,148,222,43.48,57.97,0.04,8579.56,2144.89,KP,0,11,9,1,2024,4,17,2,113,132.0,151.0,157.0,147.0,147.0,10.677078252031285
2024-04-29,Multivitamin,Vitamin,283,137,206,18.34,24.45,0.24,3349.65,837.41,KP,0,11,9,1,2024,4,18,2,120,148.0,132.0,151.0,157.0,142.0,8.981462390204952
2024-05-06,Multivitamin,Vitamin,172,153,230,33.37,44.49,0.08,6806.97,1701.74,Sindh,1,11,9,3,2024,5,19,2,127,137.0,148.0,132.0,151.0,142.5,9.678154093971953
2024-05-13,Multivitamin,Vitamin,449,128,192,13.15,17.53,0.11,2243.84,560.96,Balochistan,0,11,9,0,2024,5,20,2,134,153.0,137.0,148.0,132.0,141.5,11.210114480533464
2024-05-20,Multivitamin,Vitamin,465,138,207,35.91,47.88,0.18,6607.44,1651.86,Sindh,1,11,9,3,2024,5,21,2,141,128.0,153.0,137.0,148.0,139.0,10.36018017861334
2024-05-27,Multivitamin,Vitamin,261,158,237,39.22,52.29,0.07,8261.82,2065.46,Punjab,1,11,9,2,2024,5,22,2,148,138.0,128.0,153.0,137.0,144.25,13.768926368215237
2024-06-03,Multivitamin,Vitamin,267,144,216,36.51,48.68,0.17,7009.92,1752.48,Balochistan,1,11,9,0,2024,6,23,2,155,158.0,138.0,128.0,153.0,142.0,12.5432584814845
2024-06-10,Multivitamin,Vitamin,403,163,245,8.72,11.62,0.03,1894.06,473.52,Punjab,1,11,9,2,2024,6,24,2,162,144.0,158.0,138.0,128.0,150.75,11.701139545645384
2024-06-17,Multivitamin,Vitamin,298,163,245,25.83,34.44,0.22,5613.72,1403.43,KP,0,11,9,1,2024,6,25,2,169,163.0,144.0,158.0,138.0,157.0,8.981462390204962
2024-06-24,Multivitamin,Vitamin,466,166,249,41.72,55.63,0.21,9234.58,2308.65,Balochistan,0,11,9,0,2024,6,26,2,176,163.0,163.0,144.0,158.0,159.0,10.099504938362058
2024-07-01,Multivitamin,Vitamin,380,138,207,26.0,34.66,0.11,4783.08,1195.77,KP,0,11,9,1,2024,7,27,3,183,166.0,163.0,163.0,144.0,157.5,13.076696830622007
2024-07-08,Multivitamin,Vitamin,78,147,221,23.62,31.49,0.12,4629.03,1157.26,Punjab,0,11,9,2,2024,7,28,3,190,138.0,166.0,163.0,163.0,153.5,13.279056191361377
2024-07-15,Multivitamin,Vitamin,286,154,231,23.87,31.82,0.16,4900.28,1225.07,Punjab,0,11,9,2,2024,7,29,3,197,147.0,138.0,166.0,163.0,151.25,11.814539065631504
2024-07-22,Multivitamin,Vitamin,237,157,236,30.29,40.39,0.24,6341.23,1585.31,Sindh,0,11,9,3,2024,7,30,3,204,154.0,147.0,138.0,166.0,149.0,8.445906306213264
2024-07-29,Multivitamin,Vitamin,245,140,210,41.85,55.8,0.15,7812.0,1953.0,Punjab,0,11,9,2,2024,7,31,3,211,157.0,154.0,147.0,138.0,149.5,7.59385716659632
2024-08-05,Multivitamin,Vitamin,343,145,218,19.04,25.38,0.05,3680.1,920.03,Balochistan,0,11,9,0,2024,8,32,3,218,140.0,157.0,154.0,147.0,149.0,7.874007874011787
2024-08-12,Multivitamin,Vitamin,101,176,264,35.25,47.0,0.18,8272.0,2068.0,Balochistan,1,11,9,0,2024,8,33,3,225,145.0,140.0,157.0,154.0,154.5,16.010413278030423
2024-08-19,Multivitamin,Vitamin,417,164,246,37.24,49.65,0.12,8142.6,2035.65,Sindh,0,11,9,3,2024,8,34,3,232,176.0,145.0,140.0,157.0,156.25,16.740669042783196
2024-08-26,Multivitamin,Vitamin,138,150,225,13.63,18.17,0.12,2725.5,681.38,Punjab,0,11,9,2,2024,8,35,3,239,164.0,176.0,145.0,140.0,158.75,14.032699906527835
2024-09-02,Multivitamin,Vitamin,300,147,221,14.52,19.36,0.17,2845.92,711.48,Punjab,1,11,9,2,2024,9,36,3,246,150.0,164.0,176.0,145.0,159.25,13.400870618483447
2024-09-09,Multivitamin,Vitamin,147,158,237,35.8,47.73,0.01,7541.34,1885.34,Punjab,0,11,9,2,2024,9,37,3,253,147.0,150.0,164.0,176.0,154.75,7.71902411793958
2024-09-16,Multivitamin,Vitamin,410,143,215,24.63,32.84,0.25,4696.12,1174.03,Balochistan,1,11,9,0,2024,9,38,3,260,158.0,147.0,150.0,164.0,149.5,6.350852961085847
2024-09-23,Multivitamin,Vitamin,455,166,249,11.21,14.95,0.17,2481.7,620.43,Sindh,0,11,9,3,2024,9,39,3,267,143.0,158.0,147.0,150.0,153.5,10.472185381603314
2024-09-30,Multivitamin,Vitamin,131,138,207,11.19,14.92,0.24,2058.96,514.74,KP,0,11,9,1,2024,9,40,3,274,166.0,143.0,158.0,147.0,151.25,12.996794476587915
2024-10-07,Multivitamin,Vitamin,239,158,237,41.21,54.94,0.02,8680.52,2170.13,Punjab,0,11,9,2,2024,10,41,4,281,138.0,166.0,143.0,158.0,151.25,12.996794476587915
2024-10-14,Multivitamin,Vitamin,333,150,225,11.05,14.73,0.07,2209.5,552.38,Punjab,1,11,9,2,2024,10,42,4,288,158.0,138.0,166.0,143.0,153.0,11.944315244779256
2024-10-21,Multivitamin,Vitamin,411,130,195,22.95,30.6,0.21,3978.0,994.5,KP,1,11,9,1,2024,10,43,4,295,150.0,158.0,138.0,166.0,144.0,12.436505404118396
2024-10-28,Multivitamin,Vitamin,392,141,212,36.69,48.92,0.21,6897.72,1724.43,Punjab,1,11,9,2,2024,10,44,4,302,130.0,150.0,158.0,138.0,144.75,12.038133853162876
2024-11-04,Multivitamin,Vitamin,165,167,251,8.33,11.11,0.03,1855.37,463.84,Sindh,0,11,9,3,2024,11,45,4,309,141.0,130.0,150.0,158.0,147.0,15.641824275533402
2024-11-11,Multivitamin,Vitamin,295,153,230,36.76,49.01,0.2,7498.53,1874.63,Sindh,1,11,9,3,2024,11,46,4,316,167.0,141.0,130.0,150.0,147.75,15.903353943953649
2024-11-18,Multivitamin,Vitamin,433,150,225,9.92,13.22,0.1,1983.0,495.75,Punjab,1,11,9,2,2024,11,47,4,323,153.0,167.0,141.0,130.0,152.75,10.781929326423887
2024-11-25,Multivitamin,Vitamin,185,140,210,41.27,55.02,0.12,7702.8,1925.7,Punjab,0,11,9,2,2024,11,48,4,330,150.0,153.0,167.0,141.0,152.5,11.150485789118461
2024-12-02,Multivitamin,Vitamin,51,166,249,26.08,34.77,0.24,5771.82,1442.96,Balochistan,0,11,9,0,2024,12,49,4,337,140.0,150.0,153.0,167.0,152.25,10.719919153923975
2024-12-09,Multivitamin,Vitamin,437,149,224,34.44,45.92,0.09,6842.08,1710.52,KP,1,11,9,1,2024,12,50,4,344,166.0,140.0,150.0,153.0,151.25,10.812801055539037
2024-12-16,Multivitamin,Vitamin,62,145,218,16.39,21.85,0.18,3168.25,792.06,Punjab,0,11,9,2,2024,12,51,4,351,149.0,166.0,140.0,150.0,150.0,11.284207253207146
2024-12-23,Multivitamin,Vitamin,137,139,209,34.68,46.24,0.16,6427.36,1606.84,KP,0,11,9,1,2024,12,52,4,358,145.0,149.0,166.0,140.0,149.75,11.586630226256442
2024-12-30,Multivitamin,Vitamin,177,118,177,35.97,47.96,0.14,5659.28,1414.82,Balochistan,0,11,9,0,2024,12,1,4,365,139.0,145.0,149.0,166.0,137.75,13.793114224133705
2025-01-06,Multivitamin,Vitamin,85,151,227,11.75,15.66,0.05,2364.66,591.17,Balochistan,1,11,9,0,2025,1,2,1,6,118.0,139.0,145.0,149.0,138.25,14.361406616345056
2025-01-13,Multivitamin,Vitamin,204,159,239,28.21,37.61,0.0,5979.99,1495.0,Sindh,0,11,9,3,2025,1,3,1,13,151.0,118.0,139.0,145.0,141.75,17.83956277491126
2025-01-20,Multivitamin,Vitamin,84,155,233,34.04,45.38,0.11,7033.9,1758.48,Sindh,0,11,9,3,2025,1,4,1,20,159.0,151.0,118.0,139.0,145.75,18.786076404259255
2025-01-27,Multivitamin,Vitamin,442,145,218,29.42,39.22,0.15,5686.9,1421.73,KP,1,11,9,1,2025,1,5,1,27,155.0,159.0,151.0,118.0,152.5,5.972157622389608
2025-02-03,Multivitamin,Vitamin,411,158,237,15.44,20.58,0.16,3251.64,812.91,Sindh,0,11,9,3,2025,2,6,1,34,145.0,155.0,159.0,151.0,154.25,6.396613687465133
2025-02-10,Multivitamin,Vitamin,247,135,203,37.63,50.17,0.11,6772.95,1693.24,Balochistan,1,11,9,0,2025,2,7,1,41,158.0,145.0,155.0,159.0,148.25,10.436314802968825
2025-02-17,Multivitamin,Vitamin,475,157,236,8.99,11.99,0.04,1882.43,470.61,Punjab,0,11,9,2,2025,2,8,1,48,135.0,158.0,145.0,155.0,148.75,10.90489186863704
2025-02-24,Multivitamin,Vitamin,191,142,213,31.02,41.36,0.16,5873.12,1468.28,KP,1,11,9,1,2025,2,9,1,55,157.0,135.0,158.0,145.0,148.0,11.343133018115685
2025-03-03,Multivitamin,Vitamin,135,132,198,12.86,17.15,0.17,2263.8,565.95,Punjab,1,11,9,2,2025,3,10,1,62,142.0,157.0,135.0,158.0,141.5,11.150485789118465
2025-03-10,Multivitamin,Vitamin,431,157,236,24.77,33.03,0.17,5185.71,1296.43,Sindh,1,11,9,3,2025,3,11,1,69,132.0,142.0,157.0,135.0,147.0,12.247448713915873
2025-03-17,Multivitamin,Vitamin,270,132,198,31.29,41.72,0.03,5507.04,1376.76,KP,0,11,9,1,2025,3,12,1,76,157.0,132.0,142.0,157.0,140.75,11.8145390656315
2025-03-24,Multivitamin,Vitamin,101,158,237,31.04,41.39,0.11,6539.62,1634.91,Balochistan,1,11,9,0,2025,3,13,1,83,132.0,157.0,132.0,142.0,144.75,14.728091073410232
2025-03-31,Multivitamin,Vitamin,416,154,231,8.16,10.88,0.02,1675.52,418.88,KP,1,11,9,1,2025,3,14,1,90,158.0,132.0,157.0,132.0,150.25,12.2848144742469
2020-02-03,Pre-Workout,Performance,463,140,210,44.44,59.25,0.19,8295.0,2073.75,Balochistan,1,12,6,0,2020,2,6,1,34,158.0,152.0,141.0,157.0,147.75,8.732124598286493
2020-02-10,Pre-Workout,Performance,272,155,233,20.72,27.62,0.21,4281.1,1070.28,Sindh,1,12,6,3,2020,2,7,1,41,140.0,158.0,152.0,141.0,151.25,7.889866919029752
2020-02-17,Pre-Workout,Performance,232,131,197,32.6,43.46,0.21,5693.26,1423.32,KP,0,12,6,1,2020,2,8,1,48,155.0,140.0,158.0,152.0,146.0,12.727922061357857
2020-02-24,Pre-Workout,Performance,213,133,200,24.61,32.81,0.09,4363.73,1090.93,Sindh,0,12,6,3,2020,2,9,1,55,131.0,155.0,140.0,158.0,139.75,10.874281585465775
2020-03-02,Pre-Workout,Performance,429,136,204,35.86,47.81,0.11,6502.16,1625.54,KP,1,12,6,1,2020,3,10,1,62,133.0,131.0,155.0,140.0,138.75,11.026483271348729
2020-03-09,Pre-Workout,Performance,351,138,207,39.53,52.7,0.11,7272.6,1818.15,Balochistan,1,12,6,0,2020,3,11,1,69,136.0,133.0,131.0,155.0,134.5,3.1091263510296163
2020-03-16,Pre-Workout,Performance,494,140,210,38.35,51.13,0.2,7158.2,1789.55,KP,0,12,6,1,2020,3,12,1,76,138.0,136.0,133.0,131.0,136.75,2.986078811194835
2020-03-23,Pre-Workout,Performance,467,155,233,34.25,45.66,0.05,7077.3,1769.33,Punjab,0,12,6,2,2020,3,13,1,83,140.0,138.0,136.0,133.0,142.25,8.655441448399195
2020-03-30,Pre-Workout,Performance,141,155,233,12.53,16.71,0.24,2590.05,647.51,KP,1,12,6,1,2020,3,14,1,90,155.0,140.0,138.0,136.0,147.0,9.273618495495706
2020-04-06,Pre-Workout,Performance,89,116,174,40.01,53.34,0.07,6187.44,1546.86,Sindh,1,12,6,3,2020,4,15,2,97,155.0,155.0,140.0,138.0,141.5,18.41195263952197
2020-04-13,Pre-Workout,Performance,86,178,267,17.45,23.27,0.15,4142.06,1035.52,Punjab,0,12,6,2,2020,4,16,2,104,116.0,155.0,155.0,140.0,151.0,25.729360660537214
2020-04-20,Pre-Workout,Performance,434,176,264,32.68,43.57,0.16,7668.32,1917.08,Sindh,1,12,6,3,2020,4,17,2,111,178.0,116.0,155.0,155.0,156.25,28.77933286231632
2020-04-27,Pre-Workout,Performance,66,138,207,35.21,46.94,0.0,6477.72,1619.43,KP,0,12,6,1,2020,4,18,2,118,176.0,178.0,116.0,155.0,152.0,30.243456592570013
2020-05-04,Pre-Workout,Performance,76,145,218,42.8,57.06,0.22,8273.7,2068.43,Punjab,0,12,6,2,2020,5,19,2,125,138.0,176.0,178.0,116.0,159.25,20.710303393882633
2020-05-11,Pre-Workout,Performance,267,148,222,39.56,52.75,0.22,7807.0,1951.75,Sindh,0,12,6,3,2020,5,20,2,132,145.0,138.0,176.0,178.0,151.75,16.700798384109262
2020-05-18,Pre-Workout,Performance,316,175,263,19.67,26.23,0.07,4590.25,1147.56,Punjab,0,12,6,2,2020,5,21,2,139,148.0,145.0,138.0,176.0,151.5,16.21727474022685
2020-05-25,Pre-Workout,Performance,494,150,225,33.65,44.86,0.16,6729.0,1682.25,Punjab,0,12,6,2,2020,5,22,2,146,175.0,148.0,145.0,138.0,154.5,13.820274961085248
2020-06-01,Pre-Workout,Performance,276,162,243,29.27,39.03,0.13,6322.86,1580.72,Sindh,0,12,6,3,2020,6,23,2,153,150.0,175.0,148.0,145.0,158.75,12.473304828045102
2020-06-08,Pre-Workout,Performance,269,159,239,24.69,32.92,0.09,5234.28,1308.57,Punjab,0,12,6,2,2020,6,24,2,160,162.0,150.0,175.0,148.0,161.5,10.344080432788594
2020-06-15,Pre-Workout,Performance,259,158,237,44.63,59.51,0.08,9402.58,2350.65,KP,1,12,6,1,2020,6,25,2,167,159.0,162.0,150.0,175.0,157.25,5.1234753829797866
2020-06-22,Pre-Workout,Performance,392,151,227,13.97,18.63,0.14,2813.13,703.28,KP,1,12,6,1,2020,6,26,2,174,158.0,159.0,162.0,150.0,157.5,4.6547466812563005
2020-06-29,Pre-Workout,Performance,399,152,228,26.34,35.12,0.18,5338.24,1334.56,Punjab,0,12,6,2,2020,6,27,2,181,151.0,158.0,159.0,162.0,155.0,4.082482904638614
2020-07-06,Pre-Workout,Performance,452,143,215,29.57,39.42,0.1,5637.06,1409.27,Sindh,1,12,6,3,2020,7,28,3,188,152.0,151.0,158.0,159.0,151.0,6.164414002968964
2020-07-13,Pre-Workout,Performance,151,165,248,42.54,56.72,0.17,9358.8,2339.7,KP,0,12,6,1,2020,7,29,3,195,143.0,152.0,151.0,158.0,152.75,9.105858919765149
2020-07-20,Pre-Workout,Performance,247,158,237,32.44,43.25,0.14,6833.5,1708.38,KP,1,12,6,1,2020,7,30,3,202,165.0,143.0,152.0,151.0,154.5,9.327379053088807
2020-07-27,Pre-Workout,Performance,131,157,236,19.04,25.39,0.15,3986.23,996.56,Sindh,0,12,6,3,2020,7,31,3,209,158.0,165.0,143.0,152.0,155.75,9.21502396451938
2020-08-03,Pre-Workout,Performance,291,160,240,38.57,51.42,0.02,8227.2,2056.8,KP,0,12,6,1,2020,8,32,3,216,157.0,158.0,165.0,143.0,160.0,3.5590260840104104
2020-08-10,Pre-Workout,Performance,59,167,251,43.49,57.99,0.01,9684.33,2421.08,KP,0,12,6,1,2020,8,33,3,223,160.0,157.0,158.0,165.0,160.5,4.509249752822873
2020-08-17,Pre-Workout,Performance,268,153,230,13.55,18.07,0.12,2764.71,691.18,Sindh,1,12,6,3,2020,8,34,3,230,167.0,160.0,157.0,158.0,159.25,5.909032633745263
2020-08-24,Pre-Workout,Performance,324,158,237,40.49,53.99,0.01,8530.42,2132.61,KP,0,12,6,1,2020,8,35,3,237,153.0,167.0,160.0,157.0,159.5,5.802298395176388
2020-08-31,Pre-Workout,Performance,441,156,234,40.24,53.65,0.04,8369.4,2092.35,Sindh,1,12,6,3,2020,8,36,3,244,158.0,153.0,167.0,160.0,158.5,6.027713773341694
2020-09-07,Pre-Workout,Performance,285,147,221,26.72,35.62,0.09,5236.14,1309.04,Punjab,0,12,6,2,2020,9,37,3,251,156.0,158.0,153.0,167.0,153.5,4.795831523312697
2020-09-14,Pre-Workout,Performance,230,167,251,18.16,24.21,0.07,4043.07,1010.77,KP,1,12,6,1,2020,9,38,3,258,147.0,156.0,158.0,153.0,157.0,8.205689083394102
2020-09-21,Pre-Workout,Performance,162,133,200,42.23,56.3,0.04,7487.9,1871.98,Sindh,0,12,6,3,2020,9,39,3,265,167.0,147.0,156.0,158.0,150.75,14.384598244882142
2020-09-28,Pre-Workout,Performance,395,158,237,34.92,46.56,0.19,7356.48,1839.12,Sindh,0,12,6,3,2020,9,40,3,272,133.0,167.0,147.0,156.0,151.25,14.660036380127657
2020-10-05,Pre-Workout,Performance,102,171,257,28.23,37.64,0.19,6436.44,1609.11,KP,0,12,6,1,2020,10,41,4,279,158.0,133.0,167.0,147.0,157.25,17.056279391082526
2020-10-12,Pre-Workout,Performance,452,170,255,32.87,43.82,0.08,7449.4,1862.35,Balochistan,1,12,6,0,2020,10,42,4,286,171.0,158.0,133.0,167.0,158.0,17.682382946499786
2020-10-19,Pre-Workout,Performance,110,150,225,34.4,45.86,0.15,6879.0,1719.75,KP,0,12,6,1,2020,10,43,4,293,170.0,171.0,158.0,133.0,162.25,10.078855755160557
2020-10-26,Pre-Workout,Performance,443,124,186,10.6,14.13,0.04,1752.12,438.03,Sindh,1,12,6,3,2020,10,44,4,300,150.0,170.0,171.0,158.0,153.75,22.066188313042794
2020-11-02,Pre-Workout,Performance,443,159,239,9.35,12.46,0.1,1981.14,495.29,Balochistan,1,12,6,0,2020,11,45,4,307,124.0,150.0,170.0,171.0,150.75,19.619293225462183
2020-11-09,Pre-Workout,Performance,79,152,228,26.96,35.94,0.01,5462.88,1365.72,KP,0,12,6,1,2020,11,46,4,314,159.0,124.0,150.0,170.0,146.25,15.326991442114998
2020-11-16,Pre-Workout,Performance,223,118,177,38.49,51.32,0.18,6055.76,1513.94,Punjab,1,12,6,2,2020,11,47,4,321,152.0,159.0,124.0,150.0,138.25,20.271079563424006
2020-11-23,Pre-Workout,Performance,279,154,231,33.87,45.16,0.21,6954.64,1738.66,Balochistan,1,12,6,0,2020,11,48,4,328,118.0,152.0,159.0,124.0,145.75,18.732769861039408
2020-11-30,Pre-Workout,Performance,432,136,204,32.78,43.71,0.24,5944.56,1486.14,Sindh,0,12,6,3,2020,11,49,4,335,154.0,118.0,152.0,159.0,140.0,16.733200530681504
2020-12-07,Pre-Workout,Performance,366,145,218,44.86,59.81,0.12,8672.45,2168.11,Sindh,1,12,6,3,2020,12,50,4,342,136.0,154.0,118.0,152.0,138.25,15.370426148939389
2020-12-14,Pre-Workout,Performance,431,151,227,44.42,59.23,0.17,8943.73,2235.93,Sindh,1,12,6,3,2020,12,51,4,349,145.0,136.0,154.0,118.0,146.5,7.937253933193755
2020-12-21,Pre-Workout,Performance,336,149,224,31.81,42.41,0.04,6319.09,1579.77,Sindh,0,12,6,3,2020,12,52,4,356,151.0,145.0,136.0,154.0,145.25,6.652067347825016
2020-12-28,Pre-Workout,Performance,53,146,219,16.63,22.17,0.11,3236.82,809.21,Sindh,1,12,6,3,2020,12,53,4,363,149.0,151.0,145.0,136.0,147.75,2.753785273642998
2021-01-04,Pre-Workout,Performance,383,147,221,9.6,12.8,0.04,1881.6,470.4,Punjab,1,12,6,2,2021,1,1,1,4,146.0,149.0,151.0,145.0,148.25,2.2173557826082804
2021-01-11,Pre-Workout,Performance,231,149,224,20.15,26.87,0.0,4003.63,1000.91,Punjab,1,12,6,2,2021,1,2,1,11,147.0,146.0,149.0,151.0,147.75,1.499999999999906
2021-01-18,Pre-Workout,Performance,223,151,227,16.62,22.16,0.19,3346.16,836.54,KP,0,12,6,1,2021,1,3,1,18,149.0,147.0,146.0,149.0,148.25,2.2173557826082804
2021-01-25,Pre-Workout,Performance,212,146,219,36.08,48.1,0.13,7022.6,1755.65,Punjab,0,12,6,2,2021,1,4,1,25,151.0,149.0,147.0,146.0,148.25,2.2173557826082804
2021-02-01,Pre-Workout,Performance,191,165,248,9.47,12.62,0.2,2082.3,520.58,Punjab,1,12,6,2,2021,2,5,1,32,146.0,151.0,149.0,147.0,152.75,8.421203397773171
2021-02-08,Pre-Workout,Performance,337,159,239,11.91,15.88,0.06,2524.92,631.23,Balochistan,0,12,6,0,2021,2,6,1,39,165.0,146.0,151.0,149.0,155.25,8.421203397773171
2021-02-15,Pre-Workout,Performance,407,134,201,31.27,41.69,0.06,5586.46,1396.62,KP,1,12,6,1,2021,2,7,1,46,159.0,165.0,146.0,151.0,151.0,13.832329280830942
2021-02-22,Pre-Workout,Performance,434,164,246,44.97,59.96,0.07,9833.44,2458.36,Sindh,1,12,6,3,2021,2,8,1,53,134.0,159.0,165.0,146.0,155.5,14.57166199626292
2021-03-01,Pre-Workout,Performance,380,147,221,29.96,39.95,0.02,5872.65,1468.16,Balochistan,1,12,6,0,2021,3,9,1,60,164.0,134.0,159.0,165.0,151.0,13.39153961773377
2021-03-08,Pre-Workout,Performance,358,157,236,19.52,26.03,0.02,4086.71,1021.68,Balochistan,1,12,6,0,2021,3,10,1,67,147.0,164.0,134.0,159.0,150.5,13.025615788386606
2021-03-15,Pre-Workout,Performance,428,141,212,17.99,23.98,0.05,3381.18,845.3,Sindh,1,12,6,3,2021,3,11,1,74,157.0,147.0,164.0,134.0,152.25,10.242883708539624
2021-03-22,Pre-Workout,Performance,254,157,236,20.88,27.84,0.15,4370.88,1092.72,Balochistan,1,12,6,0,2021,3,12,1,81,141.0,157.0,147.0,164.0,150.5,7.8951461882179945
2021-03-29,Pre-Workout,Performance,396,131,197,44.69,59.58,0.19,7804.98,1951.25,Balochistan,0,12,6,0,2021,3,13,1,88,157.0,141.0,157.0,147.0,146.5,12.793227374930316
2021-04-05,Pre-Workout,Performance,162,123,185,34.52,46.02,0.11,5660.46,1415.12,KP,1,12,6,1,2021,4,14,2,95,131.0,157.0,141.0,157.0,138.0,14.651507317223933
2021-04-12,Pre-Workout,Performance,429,157,236,26.72,35.63,0.07,5593.91,1398.48,Balochistan,1,12,6,0,2021,4,15,2,102,123.0,131.0,157.0,141.0,142.0,17.62573875520304
2021-04-19,Pre-Workout,Performance,265,149,224,11.27,15.03,0.08,2239.47,559.87,Balochistan,0,12,6,0,2021,4,16,2,109,157.0,123.0,131.0,157.0,140.0,15.705625319186321
2021-04-26,Pre-Workout,Performance,236,154,231,38.89,51.85,0.25,7984.9,1996.23,Sindh,0,12,6,3,2021,4,17,2,116,149.0,157.0,123.0,131.0,145.75,15.521490478258409
2021-05-03,Pre-Workout,Performance,74,139,209,44.9,59.87,0.07,8321.93,2080.48,Punjab,1,12,6,2,2021,5,18,2,123,154.0,149.0,157.0,123.0,149.75,7.889866919029732
2021-05-10,Pre-Workout,Performance,240,154,231,11.01,14.68,0.19,2260.72,565.18,Balochistan,1,12,6,0,2021,5,19,2,130,139.0,154.0,149.0,157.0,149.0,7.071067811865456
2021-05-17,Pre-Workout,Performance,287,156,234,18.1,24.13,0.09,3764.28,941.07,Balochistan,0,12,6,0,2021,5,20,2,137,154.0,139.0,154.0,149.0,150.75,7.889866919029733
2021-05-24,Pre-Workout,Performance,416,163,245,11.94,15.92,0.0,2594.96,648.74,KP,1,12,6,1,2021,5,21,2,144,156.0,154.0,139.0,154.0,153.0,10.099504938362065
2021-05-31,Pre-Workout,Performance,431,160,240,38.32,51.09,0.19,8174.4,2043.6,Sindh,1,12,6,3,2021,5,22,2,151,163.0,156.0,154.0,139.0,158.25,4.031128874149248
2021-06-07,Pre-Workout,Performance,449,149,224,24.62,32.82,0.22,4890.18,1222.55,Sindh,1,12,6,3,2021,6,23,2,158,160.0,163.0,156.0,154.0,157.0,6.055300708194965
2021-06-14,Pre-Workout,Performance,323,162,243,14.95,19.93,0.12,3228.66,807.17,Punjab,0,12,6,2,2021,6,24,2,165,149.0,160.0,163.0,156.0,158.5,6.454972243679009
2021-06-21,Pre-Workout,Performance,268,151,227,40.25,53.67,0.1,8104.17,2026.04,Balochistan,0,12,6,0,2021,6,25,2,172,162.0,149.0,160.0,163.0,155.5,6.454972243679009
2021-06-28,Pre-Workout,Performance,112,127,191,27.02,36.03,0.19,4575.81,1143.95,Punjab,0,12,6,2,2021,6,26,2,179,151.0,162.0,149.0,160.0,147.25,14.660036380127657
2021-07-05,Pre-Workout,Performance,478,123,185,37.97,50.63,0.03,6227.49,1556.87,Balochistan,1,12,6,0,2021,7,27,3,186,127.0,151.0,162.0,149.0,140.75,18.803811670332507
2021-07-12,Pre-Workout,Performance,184,137,206,28.69,38.25,0.21,5240.25,1310.06,Sindh,1,12,6,3,2021,7,28,3,193,123.0,127.0,151.0,162.0,134.5,12.47664484814192
2021-07-19,Pre-Workout,Performance,215,157,236,41.61,55.48,0.0,8710.36,2177.59,Sindh,1,12,6,3,2021,7,29,3,200,137.0,123.0,127.0,151.0,136.0,15.187714333192678
2021-07-26,Pre-Workout,Performance,448,155,233,23.18,30.91,0.23,4791.05,1197.76,Punjab,0,12,6,2,2021,7,30,3,207,157.0,137.0,123.0,127.0,143.0,16.08311744241975
2021-08-02,Pre-Workout,Performance,113,149,224,42.3,56.4,0.21,8403.6,2100.9,KP,1,12,6,1,2021,8,31,3,214,155.0,157.0,137.0,123.0,149.5,8.999999999999984
2021-08-09,Pre-Workout,Performance,240,143,215,28.74,38.32,0.12,5479.76,1369.94,KP,0,12,6,1,2021,8,32,3,221,149.0,155.0,157.0,137.0,151.0,6.324555320336738
2021-08-16,Pre-Workout,Performance,279,155,233,41.89,55.85,0.03,8656.75,2164.19,Balochistan,1,12,6,0,2021,8,33,3,228,143.0,149.0,155.0,157.0,150.5,5.7445626465380055
2021-08-23,Pre-Workout,Performance,119,142,213,7.7,10.27,0.14,1458.34,364.59,KP,0,12,6,1,2021,8,34,3,235,155.0,143.0,149.0,155.0,147.25,6.020797289396126
2021-08-30,Pre-Workout,Performance,143,144,216,21.14,28.19,0.21,4059.36,1014.84,Sindh,0,12,6,3,2021,8,35,3,242,142.0,155.0,143.0,149.0,146.0,6.055300708194961
2021-09-06,Pre-Workout,Performance,475,174,261,40.85,54.46,0.12,9476.04,2369.01,Sindh,1,12,6,3,2021,9,36,3,249,144.0,142.0,155.0,143.0,153.75,14.660036380127657
2021-09-13,Pre-Workout,Performance,429,161,242,41.59,55.45,0.24,8927.45,2231.86,Punjab,1,12,6,2,2021,9,37,3,256,174.0,144.0,142.0,155.0,155.25,15.129992289048477
2021-09-20,Pre-Workout,Performance,361,150,225,27.69,36.92,0.14,5538.0,1384.5,Punjab,1,12,6,2,2021,9,38,3,263,161.0,174.0,144.0,142.0,157.25,13.200378782444075
2021-09-27,Pre-Workout,Performance,263,128,192,33.58,44.77,0.1,5730.56,1432.64,KP,1,12,6,1,2021,9,39,3,270,150.0,161.0,174.0,144.0,153.25,19.482898483884092
2021-10-04,Pre-Workout,Performance,331,156,234,33.14,44.18,0.0,6892.08,1723.02,Balochistan,1,12,6,0,2021,10,40,4,277,128.0,150.0,161.0,174.0,148.75,14.545904349105733
2021-10-11,Pre-Workout,Performance,250,137,206,20.55,27.4,0.12,3753.8,938.45,Sindh,0,12,6,3,2021,10,41,4,284,156.0,128.0,150.0,161.0,142.75,12.63262970775812
2021-10-18,Pre-Workout,Performance,425,146,219,21.99,29.32,0.08,4280.72,1070.18,Punjab,1,12,6,2,2021,10,42,4,291,137.0,156.0,128.0,150.0,141.75,12.010412149464301
2021-10-25,Pre-Workout,Performance,108,145,218,14.55,19.4,0.21,2813.0,703.25,KP,1,12,6,1,2021,10,43,4,298,146.0,137.0,156.0,128.0,146.0,7.788880963698592
2021-11-01,Pre-Workout,Performance,168,141,212,8.06,10.75,0.07,1515.75,378.94,KP,1,12,6,1,2021,11,44,4,305,145.0,146.0,137.0,156.0,142.25,4.112987559750974
2021-11-08,Pre-Workout,Performance,281,153,230,9.68,12.91,0.09,1975.23,493.81,Balochistan,0,12,6,0,2021,11,45,4,312,141.0,145.0,146.0,137.0,146.25,4.9916597106239395
2021-11-15,Pre-Workout,Performance,267,153,230,25.66,34.21,0.14,5234.13,1308.53,Balochistan,1,12,6,0,2021,11,46,4,319,153.0,141.0,145.0,146.0,148.0,5.999999999999965
2021-11-22,Pre-Workout,Performance,418,148,222,27.26,36.34,0.08,5378.32,1344.58,KP,1,12,6,1,2021,11,47,4,326,153.0,153.0,141.0,145.0,148.75,5.678908345800236
2021-11-29,Pre-Workout,Performance,324,161,242,39.68,52.9,0.1,8516.9,2129.23,Punjab,1,12,6,2,2021,11,48,4,333,148.0,153.0,153.0,141.0,153.75,5.377421934967183
2021-12-06,Pre-Workout,Performance,446,138,207,26.72,35.63,0.08,4916.94,1229.24,Balochistan,0,12,6,0,2021,12,49,4,340,161.0,148.0,153.0,153.0,150.0,9.626352718795744
2021-12-13,Pre-Workout,Performance,308,152,228,43.34,57.78,0.01,8782.56,2195.64,KP,1,12,6,1,2021,12,50,4,347,138.0,161.0,148.0,153.0,149.75,9.535023160258511
2021-12-20,Pre-Workout,Performance,342,161,242,16.4,21.87,0.07,3521.07,880.27,Punjab,1,12,6,2,2021,12,51,4,354,152.0,138.0,161.0,148.0,153.0,10.862780491200192
2021-12-27,Pre-Workout,Performance,325,142,213,8.9,11.86,0.01,1684.12,421.03,KP,0,12,6,1,2021,12,52,4,361,161.0,152.0,138.0,161.0,148.25,10.340051579497377
2022-01-03,Pre-Workout,Performance,388,149,224,27.37,36.49,0.08,5437.01,1359.25,KP,0,12,6,1,2022,1,1,1,3,142.0,161.0,152.0,138.0,151.0,7.874007874011784
2022-01-10,Pre-Workout,Performance,418,153,230,7.63,10.17,0.06,1556.01,389.0,Punjab,0,12,6,2,2022,1,2,1,10,149.0,142.0,161.0,152.0,151.25,7.9320026895271685
2022-01-17,Pre-Workout,Performance,147,147,221,28.42,37.89,0.16,5569.83,1392.46,Punjab,0,12,6,2,2022,1,3,1,17,153.0,149.0,142.0,161.0,147.75,4.5734742446707015
2022-01-24,Pre-Workout,Performance,232,155,233,39.55,52.73,0.12,8173.15,2043.29,KP,1,12,6,1,2022,1,4,1,24,147.0,153.0,149.0,142.0,151.0,3.6514837167010534
2022-01-31,Pre-Workout,Performance,110,159,239,38.79,51.72,0.11,8223.48,2055.87,Balochistan,1,12,6,0,2022,1,5,1,31,155.0,147.0,153.0,149.0,153.5,4.999999999999963
2022-02-07,Pre-Workout,Performance,468,150,225,43.51,58.01,0.06,8701.5,2175.38,Punjab,0,12,6,2,2022,2,6,1,38,159.0,155.0,147.0,153.0,152.75,5.315072906367289
2022-02-14,Pre-Workout,Performance,305,118,177,25.15,33.53,0.08,3956.54,989.14,Sindh,0,12,6,3,2022,2,7,1,45,150.0,159.0,155.0,147.0,145.5,18.69937610367432
2022-02-21,Pre-Workout,Performance,288,158,237,37.34,49.78,0.15,7865.24,1966.31,Balochistan,0,12,6,0,2022,2,8,1,52,118.0,150.0,159.0,155.0,146.25,19.25919693722109
2022-02-28,Pre-Workout,Performance,493,158,237,32.78,43.71,0.05,6906.18,1726.55,Balochistan,0,12,6,0,2022,2,9,1,59,158.0,118.0,150.0,159.0,146.0,19.043809142780923
2022-03-07,Pre-Workout,Performance,411,176,264,14.15,18.87,0.22,3321.12,830.28,KP,0,12,6,1,2022,3,10,1,66,158.0,158.0,118.0,150.0,152.5,24.515301344262518
2022-03-14,Pre-Workout,Performance,295,163,245,26.09,34.79,0.23,5670.77,1417.69,KP,0,12,6,1,2022,3,11,1,73,176.0,158.0,158.0,118.0,163.75,8.499999999999973
2022-03-21,Pre-Workout,Performance,256,139,209,28.89,38.52,0.19,5354.28,1338.57,Sindh,0,12,6,3,2022,3,12,1,80,163.0,176.0,158.0,158.0,159.0,15.340577998671785
2022-03-28,Pre-Workout,Performance,179,146,219,20.68,27.57,0.04,4025.22,1006.31,Balochistan,0,12,6,0,2022,3,13,1,87,139.0,163.0,176.0,158.0,156.0,16.71326818229555
2022-04-04,Pre-Workout,Performance,245,142,213,36.46,48.61,0.23,6902.62,1725.66,Balochistan,0,12,6,0,2022,4,14,2,94,146.0,139.0,163.0,176.0,147.5,10.72380529476359
2022-04-11,Pre-Workout,Performance,229,134,201,39.68,52.9,0.17,7088.6,1772.15,Punjab,0,12,6,2,2022,4,15,2,101,142.0,146.0,139.0,163.0,140.25,5.057996968497808
2022-04-18,Pre-Workout,Performance,96,155,233,44.51,59.35,0.1,9199.25,2299.81,Sindh,1,12,6,3,2022,4,16,2,108,134.0,142.0,146.0,139.0,144.25,8.732124598286475
2022-04-25,Pre-Workout,Performance,464,167,251,17.17,22.89,0.19,3822.63,955.66,Punjab,1,12,6,2,2022,4,17,2,115,155.0,134.0,142.0,146.0,149.5,14.525839046333942
2022-05-02,Pre-Workout,Performance,73,159,239,37.91,50.54,0.11,8035.86,2008.97,Balochistan,0,12,6,0,2022,5,18,2,122,167.0,155.0,134.0,142.0,153.75,14.080127840328716
2022-05-09,Pre-Workout,Performance,188,132,198,30.05,40.07,0.24,5289.24,1322.31,KP,1,12,6,1,2022,5,19,2,129,159.0,167.0,155.0,134.0,153.25,15.019431857874421
2022-05-16,Pre-Workout,Performance,134,161,242,20.08,26.77,0.02,4309.97,1077.49,Balochistan,0,12,6,0,2022,5,20,2,136,132.0,159.0,167.0,155.0,154.75,15.542951242712341
2022-05-23,Pre-Workout,Performance,82,157,236,23.24,30.98,0.05,4863.86,1215.97,KP,0,12,6,1,2022,5,21,2,143,161.0,132.0,159.0,167.0,152.25,13.598406769422159
2022-05-30,Pre-Workout,Performance,169,151,227,35.39,47.19,0.13,7125.69,1781.42,Punjab,0,12,6,2,2022,5,22,2,150,157.0,161.0,132.0,159.0,150.25,12.841988423397149
2022-06-06,Pre-Workout,Performance,96,159,239,22.25,29.67,0.02,4717.53,1179.38,KP,0,12,6,1,2022,6,23,2,157,151.0,157.0,161.0,132.0,157.0,4.320493798938537
2022-06-13,Pre-Workout,Performance,367,153,230,43.78,58.37,0.2,8930.61,2232.65,Balochistan,0,12,6,0,2022,6,24,2,164,159.0,151.0,157.0,161.0,155.0,3.651483716701061
2022-06-20,Pre-Workout,Performance,196,146,219,18.19,24.25,0.11,3540.5,885.13,Sindh,1,12,6,3,2022,6,25,2,171,153.0,159.0,151.0,157.0,152.25,5.377421934967197
2022-06-27,Pre-Workout,Performance,358,139,209,31.07,41.42,0.04,5757.38,1439.35,KP,1,12,6,1,2022,6,26,2,178,146.0,153.0,159.0,151.0,149.25,8.65544144839917
2022-07-04,Pre-Workout,Performance,434,147,221,13.01,17.34,0.14,2548.98,637.25,KP,0,12,6,1,2022,7,27,3,185,139.0,146.0,153.0,159.0,146.25,5.737304826019472
2022-07-11,Pre-Workout,Performance,339,167,251,8.96,11.95,0.21,1995.65,498.91,Balochistan,1,12,6,0,2022,7,28,3,192,147.0,139.0,146.0,153.0,149.75,12.038133853162886
2022-07-18,Pre-Workout,Performance,359,131,197,20.4,27.2,0.23,3563.2,890.8,Sindh,0,12,6,3,2022,7,29,3,199,167.0,147.0,139.0,146.0,146.0,15.448840301675279
2022-07-25,Pre-Workout,Performance,457,163,245,38.98,51.97,0.24,8471.11,2117.78,Punjab,1,12,6,2,2022,7,30,3,206,131.0,167.0,147.0,139.0,152.0,16.451950239004077
2022-08-01,Pre-Workout,Performance,240,170,255,27.66,36.88,0.15,6269.6,1567.4,KP,1,12,6,1,2022,8,31,3,213,163.0,131.0,167.0,147.0,157.75,18.062391868188435
2022-08-08,Pre-Workout,Performance,151,158,237,20.1,26.8,0.04,4234.4,1058.6,Sindh,1,12,6,3,2022,8,32,3,220,170.0,163.0,131.0,167.0,155.5,17.058722109231972
2022-08-15,Pre-Workout,Performance,468,156,234,26.0,34.67,0.07,5408.52,1352.13,Balochistan,1,12,6,0,2022,8,33,3,227,158.0,170.0,163.0,131.0,161.75,6.238322424070944
2022-08-22,Pre-Workout,Performance,383,137,206,12.06,16.08,0.05,2202.96,550.74,Punjab,1,12,6,2,2022,8,34,3,234,156.0,158.0,170.0,163.0,155.25,13.647344063956172
2022-08-29,Pre-Workout,Performance,91,141,212,34.21,45.61,0.09,6431.01,1607.75,Sindh,0,12,6,3,2022,8,35,3,241,137.0,156.0,158.0,170.0,148.0,10.551461194229603
2022-09-05,Pre-Workout,Performance,62,151,227,19.3,25.73,0.12,3885.23,971.31,Balochistan,0,12,6,0,2022,9,36,3,248,141.0,137.0,156.0,158.0,146.25,8.770214744615236
2022-09-12,Pre-Workout,Performance,101,145,218,15.07,20.09,0.02,2913.05,728.26,Sindh,0,12,6,3,2022,9,37,3,255,151.0,141.0,137.0,156.0,143.5,5.972157622389624
2022-09-19,Pre-Workout,Performance,52,131,197,44.73,59.64,0.17,7812.84,1953.21,KP,0,12,6,1,2022,9,38,3,262,145.0,151.0,141.0,137.0,142.0,8.406346808612316
2022-09-26,Pre-Workout,Performance,273,146,219,33.29,44.38,0.25,6479.48,1619.87,KP,1,12,6,1,2022,9,39,3,269,131.0,145.0,151.0,141.0,143.25,8.578072821638502
2022-10-03,Pre-Workout,Performance,128,164,246,29.26,39.01,0.22,6397.64,1599.41,Balochistan,0,12,6,0,2022,10,40,4,276,146.0,131.0,145.0,151.0,146.5,13.527749258468678
2022-10-10,Pre-Workout,Performance,177,128,192,31.95,42.6,0.12,5452.8,1363.2,Punjab,1,12,6,2,2022,10,41,4,283,164.0,146.0,131.0,145.0,142.25,16.499999999999996
2022-10-17,Pre-Workout,Performance,367,180,270,23.26,31.01,0.24,5581.8,1395.45,Punjab,1,12,6,2,2022,10,42,4,290,128.0,164.0,146.0,131.0,154.5,22.472205054244228
2022-10-24,Pre-Workout,Performance,470,156,234,42.46,56.61,0.22,8831.16,2207.79,Balochistan,1,12,6,0,2022,10,43,4,297,180.0,128.0,164.0,146.0,157.0,21.75622516277429
2022-10-31,Pre-Workout,Performance,246,149,224,34.86,46.48,0.05,6925.52,1731.38,Balochistan,1,12,6,0,2022,10,44,4,304,156.0,180.0,128.0,164.0,153.25,21.437894797142118
2022-11-07,Pre-Workout,Performance,260,134,201,17.69,23.58,0.09,3159.72,789.93,Sindh,1,12,6,3,2022,11,45,4,311,149.0,156.0,180.0,128.0,154.75,19.172462891692685
2022-11-14,Pre-Workout,Performance,75,143,215,12.96,17.28,0.21,2471.04,617.76,Sindh,1,12,6,3,2022,11,46,4,318,134.0,149.0,156.0,180.0,145.5,9.327379053088803
2022-11-21,Pre-Workout,Performance,115,146,219,38.49,51.32,0.11,7492.72,1873.18,Sindh,1,12,6,3,2022,11,47,4,325,143.0,134.0,149.0,156.0,143.0,6.480740698407843
2022-11-28,Pre-Workout,Performance,236,146,219,32.9,43.86,0.17,6403.56,1600.89,Punjab,0,12,6,2,2022,11,48,4,332,146.0,143.0,134.0,149.0,142.25,5.678908345800253
2022-12-05,Pre-Workout,Performance,279,163,245,37.77,50.36,0.16,8208.68,2052.17,Punjab,0,12,6,2,2022,12,49,4,339,146.0,146.0,143.0,134.0,149.5,9.110433579144287
2022-12-12,Pre-Workout,Performance,52,141,212,25.49,33.99,0.21,4792.59,1198.15,KP,0,12,6,1,2022,12,50,4,346,163.0,146.0,146.0,143.0,149.0,9.626352718795756
2022-12-19,Pre-Workout,Performance,383,142,213,12.12,16.16,0.17,2294.72,573.68,Balochistan,1,12,6,0,2022,12,51,4,353,141.0,163.0,146.0,146.0,148.0,10.23067283548186
2022-12-26,Pre-Workout,Performance,154,122,183,24.45,32.6,0.08,3977.2,994.3,Punjab,0,12,6,2,2022,12,52,4,360,142.0,141.0,163.0,146.0,142.0,16.753109164172074
2023-01-02,Pre-Workout,Performance,243,149,224,31.7,42.27,0.24,6298.23,1574.56,KP,1,12,6,1,2023,1,1,1,2,122.0,142.0,141.0,163.0,138.5,11.561430130683071
2023-01-09,Pre-Workout,Performance,457,160,240,41.38,55.17,0.0,8827.2,2206.8,Sindh,1,12,6,3,2023,1,2,1,9,149.0,122.0,142.0,141.0,143.25,15.986973864159943
2023-01-16,Pre-Workout,Performance,296,138,207,31.38,41.84,0.13,5773.92,1443.48,Balochistan,0,12,6,0,2023,1,3,1,16,160.0,149.0,122.0,142.0,142.25,16.214705259938164
2023-01-23,Pre-Workout,Performance,405,171,257,27.62,36.82,0.19,6296.22,1574.06,Balochistan,1,12,6,0,2023,1,4,1,23,138.0,160.0,149.0,122.0,154.5,14.200938936093852
2023-01-30,Pre-Workout,Performance,471,164,246,39.81,53.08,0.11,8705.12,2176.28,Punjab,0,12,6,2,2023,1,5,1,30,171.0,138.0,160.0,149.0,158.25,14.244882121894387
2023-02-06,Pre-Workout,Performance,414,148,222,28.73,38.31,0.06,5669.88,1417.47,Balochistan,0,12,6,0,2023,2,6,1,37,164.0,171.0,138.0,160.0,155.25,14.997221964972923
2023-02-13,Pre-Workout,Performance,196,170,255,17.39,23.18,0.23,3940.6,985.15,KP,1,12,6,1,2023,2,7,1,44,148.0,164.0,171.0,138.0,163.25,10.626225419530035
2023-02-20,Pre-Workout,Performance,85,147,221,37.71,50.28,0.18,7391.16,1847.79,Punjab,0,12,6,2,2023,2,8,1,51,170.0,148.0,164.0,171.0,157.25,11.52894907034749
2023-02-27,Pre-Workout,Performance,283,139,209,23.2,30.93,0.01,4299.27,1074.82,Balochistan,1,12,6,0,2023,2,9,1,58,147.0,170.0,148.0,164.0,151.0,13.291601358251242
2023-03-06,Pre-Workout,Performance,473,162,243,14.99,19.99,0.2,3238.38,809.6,Sindh,0,12,6,3,2023,3,10,1,65,139.0,147.0,170.0,148.0,154.5,14.059397805975413
2023-03-13,Pre-Workout,Performance,220,155,233,24.73,32.97,0.23,5110.35,1277.59,KP,0,12,6,1,2023,3,11,1,72,162.0,139.0,147.0,170.0,150.75,9.945685831890442
2023-03-20,Pre-Workout,Performance,65,160,240,27.67,36.89,0.01,5902.4,1475.6,Sindh,0,12,6,3,2023,3,12,1,79,155.0,162.0,139.0,147.0,154.0,10.424330514074574
2023-03-27,Pre-Workout,Performance,367,171,257,28.76,38.35,0.19,6557.85,1639.46,KP,1,12,6,1,2023,3,13,1,86,160.0,155.0,162.0,139.0,162.0,6.683312551921112
2023-04-03,Pre-Workout,Performance,492,176,264,24.44,32.59,0.05,5735.84,1433.96,Sindh,1,12,6,3,2023,4,14,2,93,171.0,160.0,155.0,162.0,165.5,9.678154093971964
2023-04-10,Pre-Workout,Performance,259,148,222,26.29,35.05,0.15,5187.4,1296.85,Punjab,0,12,6,2,2023,4,15,2,100,176.0,171.0,160.0,155.0,163.75,12.44655240083238
2023-04-17,Pre-Workout,Performance,304,169,254,14.91,19.88,0.0,3359.72,839.93,Sindh,0,12,6,3,2023,4,16,2,107,148.0,176.0,171.0,160.0,166.0,12.355835328567077
2023-04-24,Pre-Workout,Performance,84,143,215,34.06,45.41,0.19,6493.63,1623.41,Balochistan,0,12,6,0,2023,4,17,2,114,169.0,148.0,176.0,171.0,159.0,15.97915308560917
2023-05-01,Pre-Workout,Performance,424,131,197,20.18,26.91,0.03,3525.21,881.3,Balochistan,0,12,6,0,2023,5,18,2,121,143.0,169.0,148.0,176.0,147.75,15.861378670636835
2023-05-08,Pre-Workout,Performance,414,136,204,9.13,12.17,0.09,1655.12,413.78,Sindh,1,12,6,3,2023,5,19,2,128,131.0,143.0,169.0,148.0,144.75,16.89921102694836
2023-05-15,Pre-Workout,Performance,479,173,260,10.65,14.2,0.22,2456.6,614.15,KP,1,12,6,1,2023,5,20,2,135,136.0,131.0,143.0,169.0,145.75,18.821530224718707
2023-05-22,Pre-Workout,Performance,323,151,227,35.99,47.98,0.14,7244.98,1811.25,Balochistan,1,12,6,0,2023,5,21,2,142,173.0,136.0,131.0,143.0,147.75,18.856917386819433
2023-05-29,Pre-Workout,Performance,243,163,245,24.23,32.3,0.08,5264.9,1316.23,Balochistan,0,12,6,0,2023,5,22,2,149,151.0,173.0,136.0,131.0,155.75,15.945218719101964
2023-06-05,Pre-Workout,Performance,420,158,237,21.2,28.26,0.12,4465.08,1116.27,Punjab,0,12,6,2,2023,6,23,2,156,163.0,151.0,173.0,136.0,161.25,9.25112605758526
2023-06-12,Pre-Workout,Performance,195,149,224,37.1,49.47,0.08,7371.03,1842.76,Balochistan,0,12,6,0,2023,6,24,2,163,158.0,163.0,151.0,173.0,155.25,6.448514040717679
2023-06-19,Pre-Workout,Performance,307,158,237,34.9,46.53,0.21,7351.74,1837.94,Balochistan,1,12,6,0,2023,6,25,2,170,149.0,158.0,163.0,151.0,157.0,5.830951894845278
2023-06-26,Pre-Workout,Performance,251,138,207,20.72,27.62,0.11,3811.56,952.89,Punjab,0,12,6,2,2023,6,26,2,177,158.0,149.0,158.0,163.0,150.75,9.499999999999986
2023-07-03,Pre-Workout,Performance,151,140,210,26.84,35.79,0.19,5010.6,1252.65,Balochistan,1,12,6,0,2023,7,27,3,184,138.0,158.0,149.0,158.0,146.25,9.178779875342897
2023-07-10,Pre-Workout,Performance,115,162,243,28.7,38.27,0.06,6199.74,1549.94,KP,0,12,6,1,2023,7,28,3,191,140.0,138.0,158.0,149.0,149.5,12.26104943849967
2023-07-17,Pre-Workout,Performance,444,140,210,12.74,16.98,0.13,2377.2,594.3,Punjab,0,12,6,2,2023,7,29,3,198,162.0,140.0,138.0,158.0,145.0,11.372481406154641
2023-07-24,Pre-Workout,Performance,163,167,251,31.62,42.16,0.1,7040.72,1760.18,Sindh,0,12,6,3,2023,7,30,3,205,140.0,162.0,140.0,138.0,152.25,14.29160592795644
2023-07-31,Pre-Workout,Performance,406,160,240,34.32,45.76,0.09,7321.6,1830.4,KP,0,12,6,1,2023,7,31,3,212,167.0,140.0,162.0,140.0,157.25,11.870832602082562
2023-08-07,Pre-Workout,Performance,153,146,219,23.15,30.87,0.24,4507.02,1126.76,Balochistan,1,12,6,0,2023,8,32,3,219,160.0,167.0,140.0,162.0,153.25,12.419742348374202
2023-08-14,Pre-Workout,Performance,85,168,252,22.21,29.61,0.18,4974.48,1243.62,Punjab,1,12,6,2,2023,8,33,3,226,146.0,160.0,167.0,140.0,160.25,10.14478519568878
2023-08-21,Pre-Workout,Performance,173,150,225,18.42,24.56,0.2,3684.0,921.0,Balochistan,1,12,6,0,2023,8,34,3,233,168.0,146.0,160.0,167.0,156.0,9.933109617167538
2023-08-28,Pre-Workout,Performance,457,148,222,27.71,36.95,0.2,5468.6,1367.15,KP,1,12,6,1,2023,8,35,3,240,150.0,168.0,146.0,160.0,153.0,10.13245610238042
2023-09-04,Pre-Workout,Performance,182,164,246,8.66,11.54,0.23,1892.56,473.14,KP,1,12,6,1,2023,9,36,3,247,148.0,150.0,168.0,146.0,157.5,9.983319421247934
2023-09-11,Pre-Workout,Performance,289,149,224,26.06,34.75,0.11,5177.75,1294.44,KP,0,12,6,1,2023,9,37,3,254,164.0,148.0,150.0,168.0,152.75,7.544313531837484
2023-09-18,Pre-Workout,Performance,255,131,197,21.3,28.4,0.17,3720.4,930.1,Punjab,1,12,6,2,2023,9,38,3,261,149.0,164.0,148.0,150.0,148.0,13.490737563232022
2023-09-25,Pre-Workout,Performance,264,155,233,13.91,18.54,0.22,2873.7,718.43,Balochistan,0,12,6,0,2023,9,39,3,268,131.0,149.0,164.0,148.0,149.75,13.937359864766334
2023-10-02,Pre-Workout,Performance,420,159,239,13.7,18.26,0.24,2903.34,725.84,Punjab,1,12,6,2,2023,10,40,4,275,155.0,131.0,149.0,164.0,148.5,12.36931687685296
2023-10-09,Pre-Workout,Performance,69,169,254,28.73,38.31,0.07,6474.39,1618.6,Sindh,1,12,6,3,2023,10,41,4,282,159.0,155.0,131.0,149.0,153.5,16.114175953695742
2023-10-16,Pre-Workout,Performance,265,132,198,33.06,44.08,0.23,5818.56,1454.64,Sindh,1,12,6,3,2023,10,42,4,289,169.0,159.0,155.0,131.0,153.75,15.649813630413178
2023-10-23,Pre-Workout,Performance,482,154,231,38.52,51.36,0.21,7909.44,1977.36,Balochistan,1,12,6,0,2023,10,43,4,296,132.0,169.0,159.0,155.0,153.5,15.631165450257788
2023-10-30,Pre-Workout,Performance,105,112,168,15.71,20.94,0.13,2345.28,586.32,Balochistan,1,12,6,0,2023,10,44,4,303,154.0,132.0,169.0,159.0,141.75,24.98499549729796
2023-11-06,Pre-Workout,Performance,94,141,212,25.97,34.62,0.02,4881.42,1220.36,KP,1,12,6,1,2023,11,45,4,310,112.0,154.0,132.0,169.0,134.75,17.651723239767062
2023-11-13,Pre-Workout,Performance,205,133,200,20.86,27.81,0.12,3698.73,924.68,Sindh,1,12,6,3,2023,11,46,4,317,141.0,112.0,154.0,132.0,135.0,17.606816861658988
2023-11-20,Pre-Workout,Performance,293,133,200,32.3,43.07,0.16,5728.31,1432.08,KP,0,12,6,1,2023,11,47,4,324,133.0,141.0,112.0,154.0,129.75,12.41974234837419
2023-11-27,Pre-Workout,Performance,460,147,221,13.76,18.34,0.11,2695.98,674.0,Balochistan,0,12,6,0,2023,11,48,4,331,133.0,133.0,141.0,112.0,138.5,6.806859285553994
2023-12-04,Pre-Workout,Performance,98,142,213,12.34,16.45,0.06,2335.9,583.98,Sindh,0,12,6,3,2023,12,49,4,338,147.0,133.0,133.0,141.0,138.75,6.946221994724851
2023-12-11,Pre-Workout,Performance,484,165,248,43.25,57.66,0.15,9513.9,2378.48,Punjab,0,12,6,2,2023,12,50,4,345,142.0,147.0,133.0,133.0,146.75,13.475286020464749
2023-12-18,Pre-Workout,Performance,323,153,230,39.23,52.3,0.16,8001.9,2000.48,Sindh,1,12,6,3,2023,12,51,4,352,165.0,142.0,147.0,133.0,151.75,9.91211380079947
2023-12-25,Pre-Workout,Performance,62,166,249,26.02,34.69,0.11,5758.54,1439.64,KP,1,12,6,1,2023,12,52,4,359,153.0,165.0,142.0,147.0,156.5,11.328430311977586
2024-01-01,Pre-Workout,Performance,492,152,228,44.97,59.96,0.15,9113.92,2278.48,Balochistan,1,12,6,0,2024,1,1,1,1,166.0,153.0,165.0,142.0,159.0,7.527726527090759
2024-01-08,Pre-Workout,Performance,93,159,239,13.66,18.21,0.02,2895.39,723.85,Punjab,0,12,6,2,2024,1,2,1,8,152.0,166.0,153.0,165.0,157.5,6.454972243678968
2024-01-15,Pre-Workout,Performance,298,157,236,8.2,10.93,0.24,1716.01,429.0,Balochistan,0,12,6,0,2024,1,3,1,15,159.0,152.0,166.0,153.0,158.5,5.802298395176337
2024-01-22,Pre-Workout,Performance,392,168,252,19.76,26.34,0.09,4425.12,1106.28,KP,0,12,6,1,2024,1,4,1,22,157.0,159.0,152.0,166.0,159.0,6.683312551921083
2024-01-29,Pre-Workout,Performance,300,136,204,7.87,10.49,0.08,1426.64,356.66,Balochistan,0,12,6,0,2024,1,5,1,29,168.0,157.0,159.0,152.0,155.0,13.540064007726572
2024-02-05,Pre-Workout,Performance,129,130,195,44.18,58.9,0.21,7657.0,1914.25,KP,1,12,6,1,2024,2,6,1,36,136.0,168.0,157.0,159.0,147.75,17.783419243778717
2024-02-12,Pre-Workout,Performance,201,151,227,13.09,17.45,0.01,2634.95,658.74,KP,1,12,6,1,2024,2,7,1,43,130.0,136.0,168.0,157.0,146.25,16.97792684634962
2024-02-19,Pre-Workout,Performance,71,167,251,31.95,42.6,0.11,7114.2,1778.55,Punjab,1,12,6,2,2024,2,8,1,50,151.0,130.0,136.0,168.0,146.0,16.552945357246823
2024-02-26,Pre-Workout,Performance,281,123,185,31.58,42.1,0.17,5178.3,1294.58,Sindh,0,12,6,3,2024,2,9,1,57,167.0,151.0,130.0,136.0,142.75,20.07278422807025
2024-03-04,Pre-Workout,Performance,365,161,242,17.42,23.22,0.08,3738.42,934.61,Balochistan,1,12,6,0,2024,3,10,1,64,123.0,167.0,151.0,130.0,150.5,19.485036994233955
2024-03-11,Pre-Workout,Performance,219,149,224,23.37,31.16,0.06,4642.84,1160.71,Punjab,1,12,6,2,2024,3,11,1,71,161.0,123.0,167.0,151.0,150.0,19.493588689617905
2024-03-18,Pre-Workout,Performance,434,136,204,14.69,19.58,0.07,2662.88,665.72,Punjab,1,12,6,2,2024,3,12,1,78,149.0,161.0,123.0,167.0,142.25,16.398678808570704
2024-03-25,Pre-Workout,Performance,227,142,213,12.47,16.62,0.19,2360.04,590.01,Sindh,1,12,6,3,2024,3,13,1,85,136.0,149.0,161.0,123.0,147.0,10.739335795724642
2024-04-01,Pre-Workout,Performance,291,163,245,21.16,28.21,0.13,4598.23,1149.56,Balochistan,0,12,6,0,2024,4,14,2,92,142.0,136.0,149.0,161.0,147.5,11.61895003862222
2024-04-08,Pre-Workout,Performance,410,144,216,39.2,52.26,0.25,7525.44,1881.36,Punjab,0,12,6,2,2024,4,15,2,99,163.0,142.0,136.0,149.0,146.25,11.672617529928722
2024-04-15,Pre-Workout,Performance,415,145,218,34.19,45.58,0.23,6609.1,1652.28,KP,0,12,6,1,2024,4,16,2,106,144.0,163.0,142.0,136.0,148.5,9.746794344808928
2024-04-22,Pre-Workout,Performance,277,166,249,32.24,42.99,0.14,7136.34,1784.09,KP,1,12,6,1,2024,4,17,2,113,145.0,144.0,163.0,142.0,154.5,11.618950038622222
2024-04-29,Pre-Workout,Performance,453,161,242,27.0,36.0,0.24,5796.0,1449.0,Sindh,0,12,6,3,2024,4,18,2,120,166.0,145.0,144.0,163.0,154.0,11.165422816296122
2024-05-06,Pre-Workout,Performance,363,139,209,17.57,23.43,0.05,3256.77,814.19,KP,0,12,6,1,2024,5,19,2,127,161.0,166.0,145.0,144.0,152.75,12.816005617976272
2024-05-13,Pre-Workout,Performance,488,142,213,22.92,30.56,0.06,4339.52,1084.88,Punjab,0,12,6,2,2024,5,20,2,134,139.0,161.0,166.0,145.0,152.0,13.490737563232019
2024-05-20,Pre-Workout,Performance,280,165,248,15.5,20.66,0.02,3408.9,852.23,Punjab,0,12,6,2,2024,5,21,2,141,142.0,139.0,161.0,166.0,151.75,13.149778198382894
2024-05-27,Pre-Workout,Performance,396,159,239,11.07,14.76,0.06,2346.84,586.71,Punjab,1,12,6,2,2024,5,22,2,148,165.0,142.0,139.0,161.0,151.25,12.711543310445538
2024-06-03,Pre-Workout,Performance,250,151,227,10.06,13.41,0.02,2024.91,506.23,KP,0,12,6,1,2024,6,23,2,155,159.0,165.0,142.0,139.0,154.25,9.979144919948437
2024-06-10,Pre-Workout,Performance,93,156,234,34.51,46.01,0.16,7177.56,1794.39,Balochistan,0,12,6,0,2024,6,24,2,162,151.0,159.0,165.0,142.0,157.75,5.852349955359754
2024-06-17,Pre-Workout,Performance,169,170,255,34.06,45.41,0.2,7719.7,1929.93,Punjab,0,12,6,2,2024,6,25,2,169,156.0,151.0,159.0,165.0,159.0,8.041558721209837
2024-06-24,Pre-Workout,Performance,414,159,239,17.66,23.54,0.02,3742.86,935.72,Sindh,1,12,6,3,2024,6,26,2,176,170.0,156.0,151.0,159.0,159.0,8.041558721209837
2024-07-01,Pre-Workout,Performance,53,152,228,14.07,18.76,0.19,2851.52,712.88,Balochistan,0,12,6,0,2024,7,27,3,183,159.0,170.0,156.0,151.0,159.25,7.719024117939562
2024-07-08,Pre-Workout,Performance,51,136,204,7.61,10.14,0.08,1379.04,344.76,Sindh,1,12,6,3,2024,7,28,3,190,152.0,159.0,170.0,156.0,154.25,14.244882121894376
2024-07-15,Pre-Workout,Performance,419,165,248,43.19,57.58,0.01,9500.7,2375.18,Sindh,1,12,6,3,2024,7,29,3,197,136.0,152.0,159.0,170.0,153.0,12.5166555703457
2024-07-22,Pre-Workout,Performance,407,155,233,15.02,20.02,0.06,3103.1,775.78,KP,1,12,6,1,2024,7,30,3,204,165.0,136.0,152.0,159.0,152.0,12.027745701779118
2024-07-29,Pre-Workout,Performance,305,142,213,23.52,31.36,0.15,4453.12,1113.28,Sindh,0,12,6,3,2024,7,31,3,211,155.0,165.0,136.0,152.0,149.5,13.025615788386592
2024-08-05,Pre-Workout,Performance,371,155,233,26.58,35.44,0.07,5493.2,1373.3,KP,1,12,6,1,2024,8,32,3,218,142.0,155.0,165.0,136.0,154.25,9.429563439877056
2024-08-12,Pre-Workout,Performance,123,141,212,9.55,12.73,0.16,1794.93,448.73,Balochistan,1,12,6,0,2024,8,33,3,225,155.0,142.0,155.0,165.0,148.25,7.8049129826453525
2024-08-19,Pre-Workout,Performance,468,146,219,39.05,52.07,0.01,7602.22,1900.56,KP,1,12,6,1,2024,8,34,3,232,141.0,155.0,142.0,155.0,146.0,6.377042156569609
2024-08-26,Pre-Workout,Performance,142,168,252,44.11,58.81,0.16,9880.08,2470.02,KP,0,12,6,1,2024,8,35,3,239,146.0,141.0,155.0,142.0,152.5,11.846237095944542
2024-09-02,Pre-Workout,Performance,452,161,242,32.55,43.4,0.16,6987.4,1746.85,KP,0,12,6,1,2024,9,36,3,246,168.0,146.0,141.0,155.0,154.0,12.622730819174295
2024-09-09,Pre-Workout,Performance,323,129,194,16.33,21.77,0.25,2808.33,702.08,KP,1,12,6,1,2024,9,37,3,253,161.0,168.0,146.0,141.0,151.0,17.301252363147952
2024-09-16,Pre-Workout,Performance,344,159,239,39.38,52.5,0.05,8347.5,2086.88,Sindh,1,12,6,3,2024,9,38,3,260,129.0,161.0,168.0,146.0,154.25,17.26991603917052
2024-09-23,Pre-Workout,Performance,138,149,224,40.76,54.35,0.06,8098.15,2024.54,Balochistan,0,12,6,0,2024,9,39,3,267,159.0,129.0,161.0,168.0,149.5,14.640127503998473
2024-09-30,Pre-Workout,Performance,390,154,231,40.79,54.38,0.06,8374.52,2093.63,Sindh,1,12,6,3,2024,9,40,3,274,149.0,159.0,129.0,161.0,147.75,13.149778198382888
2024-10-07,Pre-Workout,Performance,293,143,215,13.85,18.46,0.12,2639.78,659.95,KP,1,12,6,1,2024,10,41,4,281,154.0,149.0,159.0,129.0,151.25,6.849574196011451
2024-10-14,Pre-Workout,Performance,287,147,221,44.68,59.57,0.13,8756.79,2189.2,Punjab,1,12,6,2,2024,10,42,4,288,143.0,154.0,149.0,159.0,148.25,4.573474244670662
2024-10-21,Pre-Workout,Performance,185,159,239,24.92,33.22,0.23,5281.98,1320.5,KP,0,12,6,1,2024,10,43,4,295,147.0,143.0,154.0,149.0,150.75,7.13559154286916
2024-10-28,Pre-Workout,Performance,429,157,236,35.21,46.95,0.12,7371.15,1842.79,KP,1,12,6,1,2024,10,44,4,302,159.0,147.0,143.0,154.0,151.5,7.724420150837595
2024-11-04,Pre-Workout,Performance,399,149,224,35.44,47.25,0.03,7040.25,1760.06,Punjab,1,12,6,2,2024,11,45,4,309,157.0,159.0,147.0,143.0,153.0,5.887840577551831
2024-11-11,Pre-Workout,Performance,197,145,218,19.35,25.8,0.14,3741.0,935.25,KP,0,12,6,1,2024,11,46,4,316,149.0,157.0,159.0,147.0,152.5,6.608075867199609
2024-11-18,Pre-Workout,Performance,365,134,201,9.92,13.23,0.16,1772.82,443.21,Sindh,1,12,6,3,2024,11,47,4,323,145.0,149.0,157.0,159.0,146.25,9.569918146637022
2024-11-25,Pre-Workout,Performance,143,172,258,11.09,14.79,0.12,2543.88,635.97,Balochistan,0,12,6,0,2024,11,48,4,330,134.0,145.0,149.0,157.0,150.0,15.979153085609155
2024-12-02,Pre-Workout,Performance,309,158,237,8.25,11.0,0.16,1738.0,434.5,KP,0,12,6,1,2024,12,49,4,337,172.0,134.0,145.0,149.0,152.25,16.418993066973766
2024-12-09,Pre-Workout,Performance,452,157,236,36.64,48.85,0.18,7669.45,1917.36,Sindh,1,12,6,3,2024,12,50,4,344,158.0,172.0,134.0,145.0,155.25,15.734781006843807
2024-12-16,Pre-Workout,Performance,494,148,222,33.23,44.31,0.06,6557.88,1639.47,KP,0,12,6,1,2024,12,51,4,351,157.0,158.0,172.0,134.0,158.75,9.912113800799467
2024-12-23,Pre-Workout,Performance,184,161,242,12.56,16.75,0.11,2696.75,674.19,Punjab,1,12,6,2,2024,12,52,4,358,148.0,157.0,158.0,172.0,156.0,5.597618541248825
2024-12-30,Pre-Workout,Performance,393,157,236,40.72,54.29,0.2,8523.53,2130.88,KP,1,12,6,1,2024,12,1,4,365,161.0,148.0,157.0,158.0,155.75,5.499999999999935
2025-01-06,Pre-Workout,Performance,331,180,270,12.95,17.26,0.11,3106.8,776.7,Sindh,0,12,6,3,2025,1,2,1,6,157.0,161.0,148.0,157.0,161.5,13.478377746103792
2025-01-13,Pre-Workout,Performance,351,159,239,24.92,33.23,0.24,5283.57,1320.89,Punjab,0,12,6,2,2025,1,3,1,13,180.0,157.0,161.0,148.0,164.25,10.626225419530018
2025-01-20,Pre-Workout,Performance,162,183,275,32.45,43.27,0.13,7918.41,1979.6,KP,0,12,6,1,2025,1,4,1,20,159.0,180.0,157.0,161.0,169.75,13.647344063956151
2025-01-27,Pre-Workout,Performance,311,146,219,20.02,26.69,0.14,3896.74,974.19,Sindh,0,12,6,3,2025,1,5,1,27,183.0,159.0,180.0,157.0,167.0,17.606816861658984
2025-02-03,Pre-Workout,Performance,305,127,191,8.42,11.22,0.14,1424.94,356.24,KP,1,12,6,1,2025,2,6,1,34,146.0,183.0,159.0,180.0,153.75,23.514180118955153
2025-02-10,Pre-Workout,Performance,242,131,197,37.43,49.9,0.09,6536.9,1634.23,Balochistan,0,12,6,0,2025,2,7,1,41,127.0,146.0,183.0,159.0,146.75,25.51306854666184
2025-02-17,Pre-Workout,Performance,281,149,224,24.94,33.25,0.17,4954.25,1238.56,Sindh,0,12,6,3,2025,2,8,1,48,131.0,127.0,146.0,183.0,138.25,10.874281585465724
2025-02-24,Pre-Workout,Performance,219,137,206,20.17,26.89,0.11,3683.93,920.98,Balochistan,1,12,6,0,2025,2,9,1,55,149.0,131.0,127.0,146.0,136.0,9.591663046625381
2025-03-03,Pre-Workout,Performance,163,162,243,36.88,49.17,0.25,7965.54,1991.39,Balochistan,1,12,6,0,2025,3,10,1,62,137.0,149.0,131.0,127.0,144.75,13.720422734012203
2025-03-10,Pre-Workout,Performance,138,155,233,32.47,43.29,0.05,6709.95,1677.49,KP,1,12,6,1,2025,3,11,1,69,162.0,137.0,149.0,131.0,150.75,10.59481005020849
2025-03-17,Pre-Workout,Performance,278,153,230,16.31,21.74,0.07,3326.22,831.56,KP,0,12,6,1,2025,3,12,1,76,155.0,162.0,137.0,149.0,151.75,10.563301251660494
2025-03-24,Pre-Workout,Performance,200,146,219,16.06,21.41,0.06,3125.86,781.47,Balochistan,0,12,6,0,2025,3,13,1,83,153.0,155.0,162.0,137.0,154.0,6.5828058860437455
2025-03-31,Pre-Workout,Performance,246,124,186,20.13,26.84,0.16,3328.16,832.04,KP,0,12,6,1,2025,3,14,1,90,146.0,153.0,155.0,162.0,144.5,14.200938936093825
2020-02-03,Vitamin C,Vitamin,93,152,228,26.72,35.63,0.2,5415.76,1353.94,Balochistan,0,13,9,0,2020,2,6,1,34,163.0,149.0,128.0,139.0,148.0,14.628738838327797
2020-02-10,Vitamin C,Vitamin,341,163,245,20.92,27.89,0.12,4546.07,1136.52,Sindh,1,13,9,3,2020,2,7,1,41,152.0,163.0,149.0,128.0,156.75,7.320063751999263
2020-02-17,Vitamin C,Vitamin,468,165,248,29.75,39.66,0.22,6543.9,1635.98,KP,1,13,9,1,2020,2,8,1,48,163.0,152.0,163.0,149.0,160.75,5.9090326337452925
2020-02-24,Vitamin C,Vitamin,365,146,219,22.91,30.55,0.23,4460.3,1115.08,Sindh,1,13,9,3,2020,2,9,1,55,165.0,163.0,152.0,163.0,156.5,9.036961141150648
2020-03-02,Vitamin C,Vitamin,332,143,215,30.22,40.29,0.09,5761.47,1440.37,Balochistan,1,13,9,0,2020,3,10,1,62,146.0,165.0,163.0,152.0,154.25,11.35414755350074
2020-03-09,Vitamin C,Vitamin,233,145,218,15.12,20.16,0.19,2923.2,730.8,Sindh,0,13,9,3,2020,3,11,1,69,143.0,146.0,165.0,163.0,149.75,10.242883708539644
2020-03-16,Vitamin C,Vitamin,71,169,254,25.37,33.82,0.06,5715.58,1428.9,Punjab,1,13,9,2,2020,3,12,1,76,145.0,143.0,146.0,165.0,150.75,12.230426539304895
2020-03-23,Vitamin C,Vitamin,219,147,221,39.39,52.52,0.05,7720.44,1930.11,KP,0,13,9,1,2020,3,13,1,83,169.0,145.0,143.0,146.0,151.0,12.110601416389974
2020-03-30,Vitamin C,Vitamin,254,135,203,31.35,41.8,0.1,5643.0,1410.75,Balochistan,1,13,9,0,2020,3,14,1,90,147.0,169.0,145.0,143.0,149.0,14.329456840136457
2020-04-06,Vitamin C,Vitamin,308,178,267,20.9,27.86,0.2,4959.08,1239.77,Balochistan,0,13,9,0,2020,4,15,2,97,135.0,147.0,169.0,145.0,157.25,19.73786547054502
2020-04-13,Vitamin C,Vitamin,193,137,206,41.33,55.1,0.2,7548.7,1887.18,KP,0,13,9,1,2020,4,16,2,104,178.0,135.0,147.0,169.0,149.25,19.87251032624381
2020-04-20,Vitamin C,Vitamin,78,142,213,20.74,27.65,0.16,3926.3,981.58,KP,1,13,9,1,2020,4,17,2,111,137.0,178.0,135.0,147.0,148.0,20.215505600075076
2020-04-27,Vitamin C,Vitamin,171,131,197,23.76,31.68,0.02,4150.08,1037.52,KP,0,13,9,1,2020,4,18,2,118,142.0,137.0,178.0,135.0,147.0,21.15025610562041
2020-05-04,Vitamin C,Vitamin,229,157,236,18.35,24.46,0.08,3840.22,960.06,KP,1,13,9,1,2020,5,19,2,125,131.0,142.0,137.0,178.0,141.75,11.116804097101532
2020-05-11,Vitamin C,Vitamin,253,127,191,28.52,38.03,0.16,4829.81,1207.45,Balochistan,1,13,9,0,2020,5,20,2,132,157.0,131.0,142.0,137.0,139.25,13.425721582097557
2020-05-18,Vitamin C,Vitamin,175,140,210,23.43,31.24,0.23,4373.6,1093.4,Punjab,0,13,9,2,2020,5,21,2,139,127.0,157.0,131.0,142.0,138.75,13.326039671760455
2020-05-25,Vitamin C,Vitamin,441,153,230,42.35,56.46,0.09,8638.38,2159.6,Punjab,1,13,9,2,2020,5,22,2,146,140.0,127.0,157.0,131.0,144.25,13.598406769422173
2020-06-01,Vitamin C,Vitamin,308,134,201,20.83,27.77,0.17,3721.18,930.3,KP,1,13,9,1,2020,6,23,2,153,153.0,140.0,127.0,157.0,138.5,11.03026140518287
2020-06-08,Vitamin C,Vitamin,179,130,195,39.2,52.26,0.2,6793.8,1698.45,Sindh,1,13,9,3,2020,6,24,2,160,134.0,153.0,140.0,127.0,139.25,10.045728777279765
2020-06-15,Vitamin C,Vitamin,283,156,234,17.45,23.27,0.15,3630.12,907.53,Balochistan,1,13,9,0,2020,6,25,2,167,130.0,134.0,153.0,140.0,143.25,13.14977819838292
2020-06-22,Vitamin C,Vitamin,219,152,228,41.19,54.92,0.1,8347.84,2086.96,KP,0,13,9,1,2020,6,26,2,174,156.0,130.0,134.0,153.0,143.0,12.90994448735806
2020-06-29,Vitamin C,Vitamin,480,141,212,20.81,27.74,0.1,3911.34,977.84,KP,0,13,9,1,2020,6,27,2,181,152.0,156.0,130.0,134.0,144.75,11.701139545645406
2020-07-06,Vitamin C,Vitamin,56,154,231,16.27,21.69,0.01,3340.26,835.07,Balochistan,0,13,9,0,2020,7,28,3,188,141.0,152.0,156.0,130.0,150.75,6.701989754294379
2020-07-13,Vitamin C,Vitamin,452,141,212,44.72,59.63,0.04,8407.83,2101.96,Punjab,1,13,9,2,2020,7,29,3,195,154.0,141.0,152.0,156.0,147.0,6.976149845485462
2020-07-20,Vitamin C,Vitamin,476,158,237,27.2,36.27,0.17,5730.66,1432.67,Sindh,0,13,9,3,2020,7,30,3,202,141.0,154.0,141.0,152.0,148.5,8.812869377601531
2020-07-27,Vitamin C,Vitamin,112,183,275,25.44,33.92,0.15,6207.36,1551.84,Balochistan,0,13,9,0,2020,7,31,3,209,158.0,141.0,154.0,141.0,159.0,17.56891193747259
2020-08-03,Vitamin C,Vitamin,53,153,230,29.14,38.85,0.09,5944.05,1486.01,KP,1,13,9,1,2020,8,32,3,216,183.0,158.0,141.0,154.0,158.75,17.670597047072295
2020-08-10,Vitamin C,Vitamin,119,137,206,22.01,29.34,0.01,4019.58,1004.9,KP,0,13,9,1,2020,8,33,3,223,153.0,183.0,158.0,141.0,157.75,19.06786126793809
2020-08-17,Vitamin C,Vitamin,243,135,203,28.07,37.43,0.1,5053.05,1263.26,Punjab,0,13,9,2,2020,8,34,3,230,137.0,153.0,183.0,158.0,152.0,22.18107301281884
2020-08-24,Vitamin C,Vitamin,461,162,243,31.85,42.47,0.17,6880.14,1720.04,Punjab,0,13,9,2,2020,8,35,3,237,135.0,137.0,153.0,183.0,146.75,12.97112177107285
2020-08-31,Vitamin C,Vitamin,348,150,225,19.2,25.6,0.2,3840.0,960.0,Balochistan,0,13,9,0,2020,8,36,3,244,162.0,135.0,137.0,153.0,146.0,12.569805089976539
2020-09-07,Vitamin C,Vitamin,454,143,215,44.84,59.79,0.11,8549.97,2137.49,Balochistan,0,13,9,0,2020,9,37,3,251,150.0,162.0,135.0,137.0,147.5,11.445523142259601
2020-09-14,Vitamin C,Vitamin,236,138,207,27.92,37.23,0.02,5137.74,1284.44,KP,0,13,9,1,2020,9,38,3,258,143.0,150.0,162.0,135.0,148.25,10.40432602334241
2020-09-21,Vitamin C,Vitamin,437,137,206,40.64,54.18,0.09,7422.66,1855.67,Balochistan,0,13,9,0,2020,9,39,3,265,138.0,143.0,150.0,162.0,142.0,5.944184833375671
2020-09-28,Vitamin C,Vitamin,466,147,221,41.18,54.9,0.13,8070.3,2017.58,KP,0,13,9,1,2020,9,40,3,272,137.0,138.0,143.0,150.0,141.25,4.645786621588788
2020-10-05,Vitamin C,Vitamin,229,130,195,32.19,42.92,0.11,5579.6,1394.9,Sindh,0,13,9,3,2020,10,41,4,279,147.0,137.0,138.0,143.0,138.0,6.97614984548545
2020-10-12,Vitamin C,Vitamin,218,129,194,42.47,56.63,0.14,7305.27,1826.32,Sindh,0,13,9,3,2020,10,42,4,286,130.0,147.0,137.0,138.0,135.75,8.301606270274847
2020-10-19,Vitamin C,Vitamin,91,124,186,40.67,54.22,0.04,6723.28,1680.82,Punjab,0,13,9,2,2020,10,43,4,293,129.0,130.0,147.0,137.0,132.5,10.016652800877814
2020-10-26,Vitamin C,Vitamin,303,168,252,30.56,40.75,0.23,6846.0,1711.5,Punjab,0,13,9,2,2020,10,44,4,300,124.0,129.0,130.0,147.0,137.75,20.336748347101445
2020-11-02,Vitamin C,Vitamin,334,145,218,24.68,32.9,0.1,4770.5,1192.63,Balochistan,1,13,9,0,2020,11,45,4,307,168.0,124.0,129.0,130.0,141.5,19.807406022327438
2020-11-09,Vitamin C,Vitamin,144,158,237,44.53,59.37,0.06,9380.46,2345.12,KP,0,13,9,1,2020,11,46,4,314,145.0,168.0,124.0,129.0,148.75,18.997806890972093
2020-11-16,Vitamin C,Vitamin,372,142,213,8.42,11.23,0.17,1594.66,398.67,KP,0,13,9,1,2020,11,47,4,321,158.0,145.0,168.0,124.0,153.25,12.0381338531629
2020-11-23,Vitamin C,Vitamin,298,159,239,29.28,39.04,0.19,6207.36,1551.84,Balochistan,0,13,9,0,2020,11,48,4,328,142.0,158.0,145.0,168.0,151.0,8.755950357709132
2020-11-30,Vitamin C,Vitamin,370,172,258,20.78,27.7,0.16,4764.4,1191.1,Punjab,0,13,9,2,2020,11,49,4,335,159.0,142.0,158.0,145.0,157.75,12.284814474246922
2020-12-07,Vitamin C,Vitamin,240,142,213,9.62,12.83,0.03,1821.86,455.47,KP,0,13,9,1,2020,12,50,4,342,172.0,159.0,142.0,158.0,153.75,14.568802284333465
2020-12-14,Vitamin C,Vitamin,175,151,227,27.86,37.15,0.03,5609.65,1402.41,KP,1,13,9,1,2020,12,51,4,349,142.0,172.0,159.0,142.0,156.0,12.727922061357855
2020-12-21,Vitamin C,Vitamin,303,120,180,8.03,10.7,0.14,1284.0,321.0,Sindh,1,13,9,3,2020,12,52,4,356,151.0,142.0,172.0,159.0,146.25,21.54646142641524
2020-12-28,Vitamin C,Vitamin,83,161,242,20.03,26.7,0.03,4298.7,1074.68,Punjab,0,13,9,2,2020,12,53,4,363,120.0,151.0,142.0,172.0,143.5,17.483325389257807
2021-01-04,Vitamin C,Vitamin,211,151,227,9.86,13.15,0.05,1985.65,496.41,Sindh,1,13,9,3,2021,1,1,1,4,161.0,120.0,151.0,142.0,145.75,17.802153427792568
2021-01-11,Vitamin C,Vitamin,226,137,206,39.12,52.16,0.16,7145.92,1786.48,Balochistan,0,13,9,0,2021,1,2,1,11,151.0,161.0,120.0,151.0,142.25,17.802153427792568
2021-01-18,Vitamin C,Vitamin,333,153,230,8.6,11.46,0.15,1753.38,438.35,Balochistan,0,13,9,0,2021,1,3,1,18,137.0,151.0,161.0,120.0,150.5,9.983319421247959
2021-01-25,Vitamin C,Vitamin,312,167,251,40.25,53.67,0.01,8962.89,2240.72,Punjab,0,13,9,2,2021,1,4,1,25,153.0,137.0,151.0,161.0,152.0,12.274635093014648
2021-02-01,Vitamin C,Vitamin,113,143,215,15.66,20.88,0.24,2985.84,746.46,Punjab,0,13,9,2,2021,2,5,1,32,167.0,153.0,137.0,151.0,150.0,13.114877048604002
2021-02-08,Vitamin C,Vitamin,464,152,228,42.83,57.1,0.18,8679.2,2169.8,Balochistan,1,13,9,0,2021,2,6,1,39,143.0,167.0,153.0,137.0,153.75,9.912113800799505
2021-02-15,Vitamin C,Vitamin,333,142,213,24.07,32.09,0.09,4556.78,1139.2,Sindh,1,13,9,3,2021,2,7,1,46,152.0,143.0,167.0,153.0,151.0,11.575836902790225
2021-02-22,Vitamin C,Vitamin,216,174,261,11.75,15.66,0.14,2724.84,681.21,Balochistan,1,13,9,0,2021,2,8,1,53,142.0,152.0,143.0,167.0,152.75,14.863265679744362
2021-03-01,Vitamin C,Vitamin,206,147,221,10.84,14.45,0.13,2124.15,531.04,KP,0,13,9,1,2021,3,9,1,60,174.0,142.0,152.0,143.0,153.75,14.103781998693352
2021-03-08,Vitamin C,Vitamin,93,139,209,13.98,18.64,0.09,2590.96,647.74,KP,0,13,9,1,2021,3,10,1,67,147.0,174.0,142.0,152.0,150.5,16.010413278030438
2021-03-15,Vitamin C,Vitamin,418,153,230,41.69,55.58,0.09,8503.74,2125.94,KP,0,13,9,1,2021,3,11,1,74,139.0,147.0,174.0,142.0,153.25,14.974979131871937
2021-03-22,Vitamin C,Vitamin,405,137,206,31.4,41.87,0.14,5736.19,1434.05,Sindh,0,13,9,3,2021,3,12,1,81,153.0,139.0,147.0,174.0,144.0,7.3936910042729505
2021-03-29,Vitamin C,Vitamin,302,153,230,22.91,30.55,0.16,4674.15,1168.54,KP,0,13,9,1,2021,3,13,1,88,137.0,153.0,139.0,147.0,145.5,8.698658900466597
2021-04-05,Vitamin C,Vitamin,264,169,254,27.45,36.6,0.07,6185.4,1546.35,KP,1,13,9,1,2021,4,14,2,95,153.0,137.0,153.0,139.0,153.0,13.063945294843622
2021-04-12,Vitamin C,Vitamin,287,159,239,29.0,38.67,0.05,6148.53,1537.13,Balochistan,0,13,9,0,2021,4,15,2,102,169.0,153.0,137.0,153.0,154.5,13.403979508588739
2021-04-19,Vitamin C,Vitamin,143,153,230,24.25,32.33,0.06,4946.49,1236.62,KP,0,13,9,1,2021,4,16,2,109,159.0,169.0,153.0,137.0,158.5,7.549834435270757
2021-04-26,Vitamin C,Vitamin,415,152,228,10.44,13.92,0.02,2115.84,528.96,KP,0,13,9,1,2021,4,17,2,116,153.0,159.0,169.0,153.0,158.25,7.804912982645405
2021-05-03,Vitamin C,Vitamin,200,146,219,12.01,16.01,0.13,2337.46,584.37,Punjab,1,13,9,2,2021,5,18,2,123,152.0,153.0,159.0,169.0,152.5,5.322906474223777
2021-05-10,Vitamin C,Vitamin,278,157,236,20.34,27.12,0.19,4257.84,1064.46,Sindh,1,13,9,3,2021,5,19,2,130,146.0,152.0,153.0,159.0,152.0,4.546060565661961
2021-05-17,Vitamin C,Vitamin,82,156,234,33.31,44.41,0.03,6927.96,1731.99,Balochistan,0,13,9,0,2021,5,20,2,137,157.0,146.0,152.0,153.0,152.75,4.9916597106239875
2021-05-24,Vitamin C,Vitamin,85,147,221,40.37,53.83,0.04,7913.01,1978.25,Punjab,1,13,9,2,2021,5,21,2,144,156.0,157.0,146.0,152.0,151.5,5.80229839517641
2021-05-31,Vitamin C,Vitamin,373,122,183,16.68,22.24,0.17,2713.28,678.32,KP,0,13,9,1,2021,5,22,2,151,147.0,156.0,157.0,146.0,145.5,16.29928423786354
2021-06-07,Vitamin C,Vitamin,147,157,236,42.1,56.13,0.14,8812.41,2203.1,Punjab,0,13,9,2,2021,6,23,2,158,122.0,147.0,156.0,157.0,145.5,16.29928423786354
2021-06-14,Vitamin C,Vitamin,246,159,239,40.66,54.21,0.22,8619.39,2154.85,Punjab,0,13,9,2,2021,6,24,2,165,157.0,122.0,147.0,156.0,146.25,16.997548842896933
2021-06-21,Vitamin C,Vitamin,117,162,243,18.69,24.92,0.16,4037.04,1009.26,Sindh,0,13,9,3,2021,6,25,2,172,159.0,157.0,122.0,147.0,150.0,18.779421361337704
2021-06-28,Vitamin C,Vitamin,263,154,231,39.74,52.99,0.06,8160.46,2040.12,KP,1,13,9,1,2021,6,26,2,179,162.0,159.0,157.0,122.0,158.0,3.36650164612071
2021-07-05,Vitamin C,Vitamin,325,152,228,25.04,33.39,0.24,5075.28,1268.82,KP,1,13,9,1,2021,7,27,3,186,154.0,162.0,159.0,157.0,156.75,4.573474244670762
2021-07-12,Vitamin C,Vitamin,235,134,201,29.54,39.39,0.02,5278.26,1319.57,Sindh,1,13,9,3,2021,7,28,3,193,152.0,154.0,162.0,159.0,150.5,11.818065267490564
2021-07-19,Vitamin C,Vitamin,303,157,236,16.96,22.61,0.24,3549.77,887.44,Sindh,1,13,9,3,2021,7,29,3,200,134.0,152.0,154.0,162.0,149.25,10.372238588334412
2021-07-26,Vitamin C,Vitamin,411,169,254,27.86,37.14,0.13,6276.66,1569.17,Punjab,0,13,9,2,2021,7,30,3,207,157.0,134.0,152.0,154.0,153.0,14.537308324904355
2021-08-02,Vitamin C,Vitamin,198,162,243,30.23,40.31,0.08,6530.22,1632.56,Sindh,0,13,9,3,2021,8,31,3,214,169.0,157.0,134.0,152.0,155.5,15.15475722889241
2021-08-09,Vitamin C,Vitamin,68,134,201,13.88,18.51,0.06,2480.34,620.09,KP,1,13,9,1,2021,8,32,3,221,162.0,169.0,157.0,134.0,155.5,15.15475722889241
2021-08-16,Vitamin C,Vitamin,325,149,224,33.37,44.49,0.12,6629.01,1657.25,Punjab,1,13,9,2,2021,8,33,3,228,134.0,162.0,169.0,157.0,153.5,15.416441439796241
2021-08-23,Vitamin C,Vitamin,311,155,233,41.01,54.68,0.1,8475.4,2118.85,Punjab,0,13,9,2,2021,8,34,3,235,149.0,134.0,162.0,169.0,150.0,11.916375287812992
2021-08-30,Vitamin C,Vitamin,393,128,192,37.99,50.65,0.01,6483.2,1620.8,KP,0,13,9,1,2021,8,35,3,242,155.0,149.0,134.0,162.0,141.5,12.609520212918497
2021-09-06,Vitamin C,Vitamin,148,146,219,37.2,49.6,0.08,7241.6,1810.4,Balochistan,1,13,9,0,2021,9,36,3,249,128.0,155.0,149.0,134.0,144.5,11.618950038622257
2021-09-13,Vitamin C,Vitamin,75,162,243,11.0,14.66,0.18,2374.92,593.73,Punjab,0,13,9,2,2021,9,37,3,256,146.0,128.0,155.0,149.0,147.75,14.705441169852747
2021-09-20,Vitamin C,Vitamin,273,146,219,20.11,26.81,0.07,3914.26,978.57,Balochistan,1,13,9,0,2021,9,38,3,263,162.0,146.0,128.0,155.0,145.5,13.892443989449811
2021-09-27,Vitamin C,Vitamin,234,136,204,33.26,44.34,0.13,6030.24,1507.56,Punjab,0,13,9,2,2021,9,39,3,270,146.0,162.0,146.0,128.0,147.5,10.75484386993446
2021-10-04,Vitamin C,Vitamin,286,132,198,21.75,29.0,0.12,3828.0,957.0,Punjab,0,13,9,2,2021,10,40,4,277,136.0,146.0,162.0,146.0,144.0,13.366625103842287
2021-10-11,Vitamin C,Vitamin,423,149,224,11.04,14.72,0.25,2193.28,548.32,KP,1,13,9,1,2021,10,41,4,284,132.0,136.0,146.0,162.0,140.75,8.057087976847889
2021-10-18,Vitamin C,Vitamin,105,150,225,35.15,46.86,0.17,7029.0,1757.25,Balochistan,1,13,9,0,2021,10,42,4,291,149.0,132.0,136.0,146.0,141.75,9.105858919765165
2021-10-25,Vitamin C,Vitamin,300,164,246,28.2,37.6,0.06,6166.4,1541.6,Sindh,1,13,9,3,2021,10,43,4,298,150.0,149.0,132.0,136.0,148.75,13.098982148752382
2021-11-01,Vitamin C,Vitamin,364,149,224,44.82,59.76,0.1,8904.24,2226.06,Punjab,0,13,9,2,2021,11,44,4,305,164.0,150.0,149.0,132.0,153.0,7.348469228349547
2021-11-08,Vitamin C,Vitamin,206,152,228,13.31,17.75,0.21,2698.0,674.5,Sindh,0,13,9,3,2021,11,45,4,312,149.0,164.0,150.0,149.0,153.75,6.946221994724915
2021-11-15,Vitamin C,Vitamin,423,141,212,17.62,23.49,0.13,3312.09,828.02,Sindh,1,13,9,3,2021,11,46,4,319,152.0,149.0,164.0,150.0,151.5,9.539392014169467
2021-11-22,Vitamin C,Vitamin,121,135,203,28.43,37.91,0.19,5117.85,1279.46,Punjab,0,13,9,2,2021,11,47,4,326,141.0,152.0,149.0,164.0,144.25,7.719024117939624
2021-11-29,Vitamin C,Vitamin,104,140,210,24.77,33.02,0.01,4622.8,1155.7,Sindh,0,13,9,3,2021,11,48,4,333,135.0,141.0,152.0,149.0,142.0,7.164728420068243
2021-12-06,Vitamin C,Vitamin,399,144,216,28.89,38.52,0.23,5546.88,1386.72,Punjab,1,13,9,2,2021,12,49,4,340,140.0,135.0,141.0,152.0,140.0,3.741657386773972
2021-12-13,Vitamin C,Vitamin,308,163,245,44.93,59.9,0.06,9763.7,2440.93,Sindh,1,13,9,3,2021,12,50,4,347,144.0,140.0,135.0,141.0,145.5,12.233832869001724
2021-12-20,Vitamin C,Vitamin,221,159,239,31.79,42.39,0.13,6740.01,1685.0,KP,1,13,9,1,2021,12,51,4,354,163.0,144.0,140.0,135.0,151.5,11.210114480533504
2021-12-27,Vitamin C,Vitamin,408,145,218,33.55,44.73,0.19,6485.85,1621.46,Punjab,1,13,9,2,2021,12,52,4,361,159.0,163.0,144.0,140.0,152.75,9.673847907287648
2022-01-03,Vitamin C,Vitamin,252,148,222,29.63,39.51,0.16,5847.48,1461.87,Balochistan,0,13,9,0,2022,1,1,1,3,145.0,159.0,163.0,144.0,153.75,8.616843969807059
2022-01-10,Vitamin C,Vitamin,473,156,234,38.51,51.35,0.21,8010.6,2002.65,Balochistan,1,13,9,0,2022,1,2,1,10,148.0,145.0,159.0,163.0,152.0,6.582805886043853
2022-01-17,Vitamin C,Vitamin,183,139,209,25.74,34.32,0.06,4770.48,1192.62,Punjab,1,13,9,2,2022,1,3,1,17,156.0,148.0,145.0,159.0,147.0,7.07106781186549
2022-01-24,Vitamin C,Vitamin,70,134,201,26.48,35.31,0.01,4731.54,1182.89,Punjab,1,13,9,2,2022,1,4,1,24,139.0,156.0,148.0,145.0,144.25,9.742518497116999
2022-01-31,Vitamin C,Vitamin,206,147,221,23.05,30.73,0.21,4517.31,1129.33,KP,1,13,9,1,2022,1,5,1,31,134.0,139.0,156.0,148.0,144.0,9.626352718795777
2022-02-07,Vitamin C,Vitamin,351,145,218,33.7,44.93,0.06,6514.85,1628.71,Sindh,1,13,9,3,2022,2,6,1,38,147.0,134.0,139.0,156.0,141.25,5.909032633745295
2022-02-14,Vitamin C,Vitamin,215,142,213,38.22,50.96,0.25,7236.32,1809.08,Balochistan,0,13,9,0,2022,2,7,1,45,145.0,147.0,134.0,139.0,142.0,5.715476066494099
2022-02-21,Vitamin C,Vitamin,362,144,216,36.07,48.09,0.08,6924.96,1731.24,Balochistan,1,13,9,0,2022,2,8,1,52,142.0,145.0,147.0,134.0,144.5,2.0816659994661837
2022-02-28,Vitamin C,Vitamin,51,165,248,34.42,45.89,0.22,7571.85,1892.96,Balochistan,0,13,9,0,2022,2,9,1,59,144.0,142.0,145.0,147.0,149.0,10.739335795724687
2022-03-07,Vitamin C,Vitamin,246,135,203,34.87,46.49,0.04,6276.15,1569.04,KP,1,13,9,1,2022,3,10,1,66,165.0,144.0,142.0,145.0,146.5,12.922847983320096
2022-03-14,Vitamin C,Vitamin,476,145,218,27.38,36.51,0.18,5293.95,1323.49,Punjab,1,13,9,2,2022,3,11,1,73,135.0,165.0,144.0,142.0,147.25,12.658988901172174
2022-03-21,Vitamin C,Vitamin,429,136,204,20.07,26.76,0.01,3639.36,909.84,Sindh,0,13,9,3,2022,3,12,1,80,145.0,135.0,165.0,144.0,145.25,13.913422775626909
2022-03-28,Vitamin C,Vitamin,293,156,234,41.24,54.99,0.08,8578.44,2144.61,Balochistan,1,13,9,0,2022,3,13,1,87,136.0,145.0,135.0,165.0,143.0,9.763879010584555
2022-04-04,Vitamin C,Vitamin,200,169,254,15.74,20.99,0.08,3547.31,886.83,Punjab,0,13,9,2,2022,4,14,2,94,156.0,136.0,145.0,135.0,151.5,14.24780684877502
2022-04-11,Vitamin C,Vitamin,394,150,225,11.69,15.59,0.14,2338.5,584.63,Punjab,0,13,9,2,2022,4,15,2,101,169.0,156.0,136.0,145.0,152.75,13.696106502701186
2022-04-18,Vitamin C,Vitamin,184,160,240,12.0,16.0,0.13,2560.0,640.0,KP,0,13,9,1,2022,4,16,2,108,150.0,169.0,156.0,136.0,158.75,7.973915809270477
2022-04-25,Vitamin C,Vitamin,248,163,245,17.72,23.62,0.14,3850.06,962.52,KP,0,13,9,1,2022,4,17,2,115,160.0,150.0,169.0,156.0,160.5,7.9372539331937935
2022-05-02,Vitamin C,Vitamin,67,138,207,20.92,27.89,0.21,3848.82,962.21,Punjab,1,13,9,2,2022,5,18,2,122,163.0,160.0,150.0,169.0,152.75,11.295279249904961
2022-05-09,Vitamin C,Vitamin,162,148,222,44.03,58.7,0.08,8687.6,2171.9,Sindh,0,13,9,3,2022,5,19,2,129,138.0,163.0,160.0,150.0,152.25,11.50000000000001
2022-05-16,Vitamin C,Vitamin,315,153,230,16.22,21.63,0.15,3309.39,827.35,Balochistan,1,13,9,0,2022,5,20,2,136,148.0,138.0,163.0,160.0,150.5,10.408329997330677
2022-05-23,Vitamin C,Vitamin,261,146,219,29.61,39.48,0.09,5764.08,1441.02,Punjab,1,13,9,2,2022,5,21,2,143,153.0,148.0,138.0,163.0,146.25,6.238322424070992
2022-05-30,Vitamin C,Vitamin,148,150,225,15.21,20.28,0.19,3042.0,760.5,Sindh,0,13,9,3,2022,5,22,2,150,146.0,153.0,148.0,138.0,149.25,2.9860788111948717
2022-06-06,Vitamin C,Vitamin,201,154,231,33.01,44.01,0.07,6777.54,1694.39,KP,0,13,9,1,2022,6,23,2,157,150.0,146.0,153.0,148.0,150.75,3.5939764421413494
2022-06-13,Vitamin C,Vitamin,393,156,234,27.41,36.55,0.17,5701.8,1425.45,Balochistan,0,13,9,0,2022,6,24,2,164,154.0,150.0,146.0,153.0,151.5,4.434711565216727
2022-06-20,Vitamin C,Vitamin,391,139,209,37.9,50.53,0.1,7023.67,1755.92,Punjab,0,13,9,2,2022,6,25,2,171,156.0,154.0,150.0,146.0,149.75,7.588368291888163
2022-06-27,Vitamin C,Vitamin,466,133,200,35.39,47.19,0.18,6276.27,1569.07,Balochistan,0,13,9,0,2022,6,26,2,178,139.0,156.0,154.0,150.0,145.5,11.269427669584658
2022-07-04,Vitamin C,Vitamin,75,148,222,9.68,12.9,0.17,1909.2,477.3,Punjab,0,13,9,2,2022,7,27,3,185,133.0,139.0,156.0,154.0,144.0,10.099504938362092
2022-07-11,Vitamin C,Vitamin,201,129,194,19.16,25.54,0.24,3294.66,823.67,Punjab,0,13,9,2,2022,7,28,3,192,148.0,133.0,139.0,156.0,137.25,8.26135582092917
2022-07-18,Vitamin C,Vitamin,311,159,239,16.41,21.88,0.13,3478.92,869.73,Sindh,1,13,9,3,2022,7,29,3,199,129.0,148.0,133.0,139.0,142.25,13.84136313132972
2022-07-25,Vitamin C,Vitamin,175,142,213,44.03,58.7,0.09,8335.4,2083.85,KP,0,13,9,1,2022,7,30,3,206,159.0,129.0,148.0,133.0,144.5,12.50333288900738
2022-08-01,Vitamin C,Vitamin,117,130,195,34.76,46.34,0.24,6024.2,1506.05,Punjab,0,13,9,2,2022,8,31,3,213,142.0,159.0,129.0,148.0,140.0,13.976170195491099
2022-08-08,Vitamin C,Vitamin,195,141,212,23.72,31.62,0.21,4458.42,1114.61,KP,1,13,9,1,2022,8,32,3,220,130.0,142.0,159.0,129.0,143.0,11.972189997378663
2022-08-15,Vitamin C,Vitamin,144,150,225,24.74,32.98,0.05,4947.0,1236.75,KP,1,13,9,1,2022,8,33,3,227,141.0,130.0,142.0,159.0,140.75,8.220908303425706
2022-08-22,Vitamin C,Vitamin,455,167,251,14.12,18.83,0.14,3144.61,786.15,KP,0,13,9,1,2022,8,34,3,234,150.0,141.0,130.0,142.0,147.0,15.641824275533432
2022-08-29,Vitamin C,Vitamin,320,157,236,39.93,53.24,0.17,8358.68,2089.67,Balochistan,0,13,9,0,2022,8,35,3,241,167.0,150.0,141.0,130.0,153.75,10.996211468804473
2022-09-05,Vitamin C,Vitamin,168,150,225,20.87,27.82,0.15,4173.0,1043.25,Punjab,0,13,9,2,2022,9,36,3,248,157.0,167.0,150.0,141.0,156.0,8.041558721209903
2022-09-12,Vitamin C,Vitamin,223,149,224,28.4,37.87,0.16,5642.63,1410.66,KP,1,13,9,1,2022,9,37,3,255,150.0,157.0,167.0,150.0,155.75,8.30160627027487
2022-09-19,Vitamin C,Vitamin,411,162,243,15.45,20.6,0.09,3337.2,834.3,KP,1,13,9,1,2022,9,38,3,262,149.0,150.0,157.0,167.0,154.5,6.137317546507354
2022-09-26,Vitamin C,Vitamin,481,137,206,17.03,22.71,0.06,3111.27,777.82,KP,1,13,9,1,2022,9,39,3,269,162.0,149.0,150.0,157.0,149.5,10.214368964029724
2022-10-03,Vitamin C,Vitamin,414,157,236,12.11,16.14,0.24,2533.98,633.5,KP,1,13,9,1,2022,10,40,4,276,137.0,162.0,149.0,150.0,151.25,10.904891868637074
2022-10-10,Vitamin C,Vitamin,249,146,219,18.14,24.19,0.03,3531.74,882.94,Sindh,0,13,9,3,2022,10,41,4,283,157.0,137.0,162.0,149.0,150.5,11.210114480533505
2022-10-17,Vitamin C,Vitamin,458,173,260,31.22,41.62,0.15,7200.26,1800.07,KP,1,13,9,1,2022,10,42,4,290,146.0,157.0,137.0,162.0,153.25,15.50000000000001
2022-10-24,Vitamin C,Vitamin,443,154,231,8.08,10.77,0.03,1658.58,414.65,Sindh,0,13,9,3,2022,10,43,4,297,173.0,146.0,157.0,137.0,157.5,11.328430311977634
2022-10-31,Vitamin C,Vitamin,468,160,240,44.84,59.78,0.02,9564.8,2391.2,Punjab,0,13,9,2,2022,10,44,4,304,154.0,173.0,146.0,157.0,158.25,11.383467544352806
2022-11-07,Vitamin C,Vitamin,375,134,201,16.52,22.03,0.08,2952.02,738.01,Sindh,0,13,9,3,2022,11,45,4,311,160.0,154.0,173.0,146.0,155.25,16.235249715767655
2022-11-14,Vitamin C,Vitamin,217,131,197,36.35,48.47,0.18,6349.57,1587.39,Balochistan,1,13,9,0,2022,11,46,4,318,134.0,160.0,154.0,173.0,144.75,14.407752542757452
2022-11-21,Vitamin C,Vitamin,397,160,240,16.17,21.56,0.1,3449.6,862.4,KP,1,13,9,1,2022,11,47,4,325,131.0,134.0,160.0,154.0,146.25,15.924300089276572
2022-11-28,Vitamin C,Vitamin,206,152,228,38.81,51.75,0.23,7866.0,1966.5,Sindh,0,13,9,3,2022,11,48,4,332,160.0,131.0,134.0,160.0,144.25,14.008925726121916
2022-12-05,Vitamin C,Vitamin,367,117,176,36.19,48.25,0.1,5645.25,1411.31,Punjab,0,13,9,2,2022,12,49,4,339,152.0,160.0,131.0,134.0,140.0,19.61292091114088
2022-12-12,Vitamin C,Vitamin,290,154,231,8.44,11.25,0.14,1732.5,433.13,Balochistan,0,13,9,0,2022,12,50,4,346,117.0,152.0,160.0,131.0,145.75,19.46578194336583
2022-12-19,Vitamin C,Vitamin,269,161,242,44.58,59.44,0.15,9569.84,2392.46,Punjab,0,13,9,2,2022,12,51,4,353,154.0,117.0,152.0,160.0,146.0,19.71463077682834
2022-12-26,Vitamin C,Vitamin,426,148,222,26.35,35.13,0.14,5199.24,1299.81,Sindh,1,13,9,3,2022,12,52,4,360,161.0,154.0,117.0,152.0,145.0,19.407902170679527
2023-01-02,Vitamin C,Vitamin,249,149,224,39.33,52.44,0.13,7813.56,1953.39,Sindh,0,13,9,3,2023,1,1,1,2,148.0,161.0,154.0,117.0,153.0,5.944184833375704
2023-01-09,Vitamin C,Vitamin,62,150,225,28.46,37.95,0.17,5692.5,1423.13,Sindh,0,13,9,3,2023,1,2,1,9,149.0,148.0,161.0,154.0,152.0,6.055300708195017
2023-01-16,Vitamin C,Vitamin,246,129,194,14.09,18.79,0.19,2423.91,605.98,Punjab,0,13,9,2,2023,1,3,1,16,150.0,149.0,148.0,161.0,144.0,10.033277962194962
2023-01-23,Vitamin C,Vitamin,102,154,231,10.5,14.0,0.0,2156.0,539.0,KP,1,13,9,1,2023,1,4,1,23,129.0,150.0,149.0,148.0,145.5,11.21011448053351
2023-01-30,Vitamin C,Vitamin,427,154,231,25.82,34.43,0.16,5302.22,1325.56,KP,1,13,9,1,2023,1,5,1,30,154.0,129.0,150.0,149.0,146.75,11.982626312012478
2023-02-06,Vitamin C,Vitamin,257,158,237,9.77,13.02,0.2,2057.16,514.29,Balochistan,1,13,9,0,2023,2,6,1,37,154.0,154.0,129.0,150.0,148.75,13.301002468485866
2023-02-13,Vitamin C,Vitamin,94,145,218,30.35,40.46,0.0,5866.7,1466.68,Punjab,0,13,9,2,2023,2,7,1,44,158.0,154.0,154.0,129.0,152.75,5.500000000000039
2023-02-20,Vitamin C,Vitamin,149,162,243,15.38,20.5,0.2,3321.0,830.25,Punjab,0,13,9,2,2023,2,8,1,51,145.0,158.0,154.0,154.0,154.75,7.27438428093176
2023-02-27,Vitamin C,Vitamin,69,169,254,33.08,44.11,0.13,7454.59,1863.65,Sindh,0,13,9,3,2023,2,9,1,58,162.0,145.0,158.0,154.0,158.5,10.082988974836136
2023-03-06,Vitamin C,Vitamin,366,155,233,31.61,42.14,0.01,6531.7,1632.93,Balochistan,1,13,9,0,2023,3,10,1,65,169.0,162.0,145.0,158.0,157.75,10.242883708539656
2023-03-13,Vitamin C,Vitamin,438,142,213,24.69,32.92,0.01,4674.64,1168.66,Balochistan,1,13,9,0,2023,3,11,1,72,155.0,169.0,162.0,145.0,157.0,11.51810169544735
2023-03-20,Vitamin C,Vitamin,125,141,212,12.83,17.11,0.06,2412.51,603.13,Balochistan,1,13,9,0,2023,3,12,1,79,142.0,155.0,169.0,162.0,151.75,13.149778198382934
2023-03-27,Vitamin C,Vitamin,312,139,209,23.17,30.89,0.19,4293.71,1073.43,KP,0,13,9,1,2023,3,13,1,86,141.0,142.0,155.0,169.0,144.25,7.274384280931763
2023-04-03,Vitamin C,Vitamin,383,156,234,21.64,28.85,0.13,4500.6,1125.15,Balochistan,1,13,9,0,2023,4,14,2,93,139.0,141.0,142.0,155.0,144.5,7.767453465154058
2023-04-10,Vitamin C,Vitamin,183,162,243,20.99,27.98,0.08,4532.76,1133.19,Punjab,0,13,9,2,2023,4,15,2,100,156.0,139.0,141.0,142.0,149.5,11.269427669584662
2023-04-17,Vitamin C,Vitamin,482,135,203,23.07,30.76,0.16,4152.6,1038.15,Punjab,0,13,9,2,2023,4,16,2,107,162.0,156.0,139.0,141.0,148.0,13.038404810405314
2023-04-24,Vitamin C,Vitamin,340,137,206,25.59,34.12,0.11,4674.44,1168.61,Balochistan,0,13,9,0,2023,4,17,2,114,135.0,162.0,156.0,139.0,147.5,13.527749258468699
2023-05-01,Vitamin C,Vitamin,200,144,216,27.85,37.13,0.09,5346.72,1336.68,Sindh,0,13,9,3,2023,5,18,2,121,137.0,135.0,162.0,156.0,144.5,12.288205727444522
2023-05-08,Vitamin C,Vitamin,361,143,215,14.36,19.14,0.22,2737.02,684.26,Sindh,0,13,9,3,2023,5,19,2,128,144.0,137.0,135.0,162.0,139.75,4.425306015783956
2023-05-15,Vitamin C,Vitamin,388,135,203,31.63,42.17,0.06,5692.95,1423.24,Sindh,1,13,9,3,2023,5,20,2,135,143.0,144.0,137.0,135.0,139.75,4.425306015783956
2023-05-22,Vitamin C,Vitamin,338,154,231,25.25,33.67,0.17,5185.18,1296.3,KP,1,13,9,1,2023,5,21,2,142,135.0,143.0,144.0,137.0,144.0,7.78888096369864
2023-05-29,Vitamin C,Vitamin,487,165,248,35.44,47.25,0.16,7796.25,1949.06,Sindh,1,13,9,3,2023,5,22,2,149,154.0,135.0,143.0,144.0,149.25,13.07351011269227
2023-06-05,Vitamin C,Vitamin,446,172,258,17.53,23.37,0.02,4019.64,1004.91,KP,0,13,9,1,2023,6,23,2,156,165.0,154.0,135.0,143.0,156.5,16.134848413707942
2023-06-12,Vitamin C,Vitamin,497,146,219,34.32,45.76,0.23,6680.96,1670.24,Punjab,1,13,9,2,2023,6,24,2,163,172.0,165.0,154.0,135.0,159.25,11.528949070347522
2023-06-19,Vitamin C,Vitamin,271,182,273,33.11,44.15,0.24,8035.3,2008.83,KP,0,13,9,1,2023,6,25,2,170,146.0,172.0,165.0,154.0,166.25,15.195942440884243
2023-06-26,Vitamin C,Vitamin,142,138,207,34.49,45.99,0.11,6346.62,1586.66,KP,1,13,9,1,2023,6,26,2,177,182.0,146.0,172.0,165.0,159.5,20.8726296059377
2023-07-03,Vitamin C,Vitamin,83,159,239,22.09,29.45,0.19,4682.55,1170.64,Balochistan,1,13,9,0,2023,7,27,3,184,138.0,182.0,146.0,172.0,156.25,19.224550276491087
2023-07-10,Vitamin C,Vitamin,193,141,212,32.22,42.96,0.11,6057.36,1514.34,Punjab,0,13,9,2,2023,7,28,3,191,159.0,138.0,182.0,146.0,155.0,20.248456731316594
2023-07-17,Vitamin C,Vitamin,437,142,213,44.84,59.79,0.15,8490.18,2122.55,KP,1,13,9,1,2023,7,29,3,198,141.0,159.0,138.0,182.0,145.0,9.48683298050515
2023-07-24,Vitamin C,Vitamin,238,152,228,42.8,57.06,0.18,8673.12,2168.28,KP,1,13,9,1,2023,7,30,3,205,142.0,141.0,159.0,138.0,148.5,8.582928793055833
2023-07-31,Vitamin C,Vitamin,273,133,200,36.62,48.83,0.08,6494.39,1623.6,Punjab,1,13,9,2,2023,7,31,3,212,152.0,142.0,141.0,159.0,142.0,7.788880963698627
2023-08-07,Vitamin C,Vitamin,90,165,248,36.53,48.7,0.07,8035.5,2008.88,Punjab,1,13,9,2,2023,8,32,3,219,133.0,152.0,142.0,141.0,148.0,13.735598518691013
2023-08-14,Vitamin C,Vitamin,130,158,237,8.0,10.66,0.09,1684.28,421.07,KP,0,13,9,1,2023,8,33,3,226,165.0,133.0,152.0,142.0,152.0,13.735598518691013
2023-08-21,Vitamin C,Vitamin,438,135,203,9.83,13.1,0.02,1768.5,442.13,Punjab,1,13,9,2,2023,8,34,3,233,158.0,165.0,133.0,152.0,147.75,16.15291511358451
2023-08-28,Vitamin C,Vitamin,112,153,230,17.39,23.18,0.19,3546.54,886.64,Balochistan,1,13,9,0,2023,8,35,3,240,135.0,158.0,165.0,133.0,152.75,12.816005617976302
2023-09-04,Vitamin C,Vitamin,204,158,237,30.97,41.29,0.18,6523.82,1630.96,KP,1,13,9,1,2023,9,36,3,247,153.0,135.0,158.0,165.0,151.0,10.92397973878263
2023-09-11,Vitamin C,Vitamin,246,151,227,11.08,14.77,0.11,2230.27,557.57,Punjab,1,13,9,2,2023,9,37,3,254,158.0,153.0,135.0,158.0,149.25,9.945685831890467
2023-09-18,Vitamin C,Vitamin,125,163,245,19.52,26.03,0.14,4242.89,1060.72,Sindh,1,13,9,3,2023,9,38,3,261,151.0,158.0,153.0,135.0,156.25,5.377421934967237
2023-09-25,Vitamin C,Vitamin,496,152,228,44.03,58.71,0.21,8923.92,2230.98,KP,1,13,9,1,2023,9,39,3,268,163.0,151.0,158.0,153.0,156.0,5.597618541248899
2023-10-02,Vitamin C,Vitamin,215,164,246,34.13,45.51,0.16,7463.64,1865.91,Punjab,0,13,9,2,2023,10,40,4,275,152.0,163.0,151.0,158.0,157.5,6.9522178715380765
2023-10-09,Vitamin C,Vitamin,86,150,225,37.72,50.29,0.15,7543.5,1885.88,Sindh,1,13,9,3,2023,10,41,4,282,164.0,152.0,163.0,151.0,157.25,7.274384280931739
2023-10-16,Vitamin C,Vitamin,197,159,239,43.62,58.16,0.12,9247.44,2311.86,Balochistan,0,13,9,0,2023,10,42,4,289,150.0,164.0,152.0,163.0,156.25,6.448514040717709
2023-10-23,Vitamin C,Vitamin,281,154,231,25.75,34.33,0.24,5286.82,1321.71,Sindh,1,13,9,3,2023,10,43,4,296,159.0,150.0,164.0,152.0,156.75,6.075908711186071
2023-10-30,Vitamin C,Vitamin,148,149,224,33.74,44.98,0.24,6702.02,1675.51,Sindh,1,13,9,3,2023,10,44,4,303,154.0,159.0,150.0,164.0,153.0,4.546060565661969
2023-11-06,Vitamin C,Vitamin,174,153,230,40.88,54.5,0.22,8338.5,2084.63,KP,0,13,9,1,2023,11,45,4,310,149.0,154.0,159.0,150.0,153.75,4.112987559751041
2023-11-13,Vitamin C,Vitamin,471,144,216,34.37,45.83,0.09,6599.52,1649.88,Punjab,0,13,9,2,2023,11,46,4,317,153.0,149.0,154.0,159.0,150.0,4.546060565661969
2023-11-20,Vitamin C,Vitamin,239,139,209,25.56,34.08,0.13,4737.12,1184.28,Sindh,0,13,9,3,2023,11,47,4,324,144.0,153.0,149.0,154.0,146.25,6.075908711186071
2023-11-27,Vitamin C,Vitamin,241,147,221,19.41,25.88,0.04,3804.36,951.09,KP,1,13,9,1,2023,11,48,4,331,139.0,144.0,153.0,149.0,145.75,5.852349955359823
2023-12-04,Vitamin C,Vitamin,453,158,237,28.46,37.95,0.03,5996.1,1499.03,Sindh,0,13,9,3,2023,12,49,4,338,147.0,139.0,144.0,153.0,147.0,8.041558721209885
2023-12-11,Vitamin C,Vitamin,96,159,239,14.49,19.32,0.08,3071.88,767.97,Balochistan,1,13,9,0,2023,12,50,4,345,158.0,147.0,139.0,144.0,150.75,9.535023160258541
2023-12-18,Vitamin C,Vitamin,157,184,276,8.48,11.31,0.06,2081.04,520.26,KP,1,13,9,1,2023,12,51,4,352,159.0,158.0,147.0,139.0,162.0,15.641824275533429
2023-12-25,Vitamin C,Vitamin,341,142,213,20.33,27.11,0.14,3849.62,962.41,KP,0,13,9,1,2023,12,52,4,359,184.0,159.0,158.0,147.0,160.75,17.34694977990848
2024-01-01,Vitamin C,Vitamin,487,143,215,16.59,22.12,0.22,3163.16,790.79,Punjab,1,13,9,2,2024,1,1,1,1,142.0,184.0,159.0,158.0,157.0,19.61292091114087
2024-01-08,Vitamin C,Vitamin,296,138,207,10.3,13.73,0.09,1894.74,473.69,Sindh,1,13,9,3,2024,1,2,1,8,143.0,142.0,184.0,159.0,151.75,21.60825459556294
2024-01-15,Vitamin C,Vitamin,63,128,192,21.77,29.03,0.15,3715.84,928.96,Punjab,1,13,9,2,2024,1,3,1,15,138.0,143.0,142.0,184.0,137.75,6.849574196011522
2024-01-22,Vitamin C,Vitamin,379,148,222,33.62,44.82,0.22,6633.36,1658.34,KP,0,13,9,1,2024,1,4,1,22,128.0,138.0,143.0,142.0,139.25,8.539125638299678
2024-01-29,Vitamin C,Vitamin,224,156,234,17.67,23.56,0.14,3675.36,918.84,Punjab,0,13,9,2,2024,1,5,1,29,148.0,128.0,138.0,143.0,142.5,12.151817422372131
2024-02-05,Vitamin C,Vitamin,65,153,230,17.33,23.1,0.23,3534.3,883.58,Balochistan,0,13,9,0,2024,2,6,1,36,156.0,148.0,128.0,138.0,146.25,12.606215398233797
2024-02-12,Vitamin C,Vitamin,174,133,200,16.14,21.52,0.1,2862.16,715.54,Balochistan,0,13,9,0,2024,2,7,1,43,153.0,156.0,148.0,128.0,147.5,10.214368964029719
2024-02-19,Vitamin C,Vitamin,399,159,239,22.86,30.48,0.16,4846.32,1211.58,Sindh,1,13,9,3,2024,2,8,1,50,133.0,153.0,156.0,148.0,150.25,11.757976016304855
2024-02-26,Vitamin C,Vitamin,142,135,203,12.41,16.55,0.22,2234.25,558.56,Balochistan,1,13,9,0,2024,2,9,1,57,159.0,133.0,153.0,156.0,145.0,12.96148139681573
2024-03-04,Vitamin C,Vitamin,133,177,266,26.54,35.39,0.21,6264.03,1566.01,Punjab,1,13,9,2,2024,3,10,1,64,135.0,159.0,133.0,153.0,151.0,20.976176963403034
2024-03-11,Vitamin C,Vitamin,263,142,213,9.86,13.15,0.22,1867.3,466.83,Balochistan,0,13,9,0,2024,3,11,1,71,177.0,135.0,159.0,133.0,153.25,18.768324379123463
2024-03-18,Vitamin C,Vitamin,102,152,228,27.6,36.8,0.13,5593.6,1398.4,Sindh,0,13,9,3,2024,3,12,1,78,142.0,177.0,135.0,159.0,151.5,18.375708603116966
2024-03-25,Vitamin C,Vitamin,248,158,237,14.45,19.26,0.05,3043.08,760.77,Punjab,1,13,9,2,2024,3,13,1,85,152.0,142.0,177.0,135.0,157.25,14.728091073410255
2024-04-01,Vitamin C,Vitamin,54,150,225,39.78,53.04,0.12,7956.0,1989.0,KP,0,13,9,1,2024,4,14,2,92,158.0,152.0,142.0,177.0,150.5,6.6080758671996795
2024-04-08,Vitamin C,Vitamin,268,135,203,12.19,16.25,0.1,2193.75,548.44,Balochistan,1,13,9,0,2024,4,15,2,99,150.0,158.0,152.0,142.0,148.75,9.776672917374984
2024-04-15,Vitamin C,Vitamin,278,130,195,35.7,47.6,0.09,6188.0,1547.0,Punjab,1,13,9,2,2024,4,16,2,106,135.0,150.0,158.0,152.0,143.25,12.99679447658794
2024-04-22,Vitamin C,Vitamin,432,154,231,43.85,58.47,0.23,9004.38,2251.1,Sindh,1,13,9,3,2024,4,17,2,113,130.0,135.0,150.0,158.0,142.25,11.557825631723878
2024-04-29,Vitamin C,Vitamin,252,132,198,13.31,17.74,0.02,2341.68,585.42,Balochistan,1,13,9,0,2024,4,18,2,120,154.0,130.0,135.0,150.0,137.75,11.02648327134873
2024-05-06,Vitamin C,Vitamin,259,157,236,42.89,57.19,0.09,8978.83,2244.71,Punjab,1,13,9,2,2024,5,19,2,127,132.0,154.0,130.0,135.0,143.25,14.221462653327896
2024-05-13,Vitamin C,Vitamin,66,153,230,12.56,16.75,0.17,2562.75,640.69,KP,1,13,9,1,2024,5,20,2,134,157.0,132.0,154.0,130.0,149.0,11.460075625114065
2024-05-20,Vitamin C,Vitamin,186,136,204,7.94,10.59,0.08,1440.24,360.06,KP,0,13,9,1,2024,5,21,2,141,153.0,157.0,132.0,154.0,144.5,12.342339054382421
2024-05-27,Vitamin C,Vitamin,229,138,207,29.64,39.52,0.16,5453.76,1363.44,KP,1,13,9,1,2024,5,22,2,148,136.0,153.0,157.0,132.0,146.0,10.55146119422962
2024-06-03,Vitamin C,Vitamin,460,135,203,22.75,30.33,0.02,4094.55,1023.64,Sindh,1,13,9,3,2024,6,23,2,155,138.0,136.0,153.0,157.0,140.5,8.426149773176375
2024-06-10,Vitamin C,Vitamin,473,151,227,18.77,25.02,0.23,3778.02,944.51,KP,0,13,9,1,2024,6,24,2,162,135.0,138.0,136.0,153.0,140.0,7.438637868140486
2024-06-17,Vitamin C,Vitamin,452,165,248,37.49,49.99,0.1,8248.35,2062.09,Balochistan,0,13,9,0,2024,6,25,2,169,151.0,135.0,138.0,136.0,147.25,13.720422734012251
2024-06-24,Vitamin C,Vitamin,164,121,182,25.39,33.85,0.02,4095.85,1023.96,Sindh,1,13,9,3,2024,6,26,2,176,165.0,151.0,135.0,138.0,143.0,19.113694915775273
2024-07-01,Vitamin C,Vitamin,452,145,218,35.71,47.61,0.23,6903.45,1725.86,KP,1,13,9,1,2024,7,27,3,183,121.0,165.0,151.0,135.0,145.5,18.357559750685827
2024-07-08,Vitamin C,Vitamin,252,147,221,12.06,16.08,0.07,2363.76,590.94,Punjab,0,13,9,2,2024,7,28,3,190,145.0,121.0,165.0,151.0,144.5,18.064698539785645
2024-07-15,Vitamin C,Vitamin,139,131,197,10.55,14.07,0.17,1843.17,460.79,KP,1,13,9,1,2024,7,29,3,197,147.0,145.0,121.0,165.0,136.0,12.274635093014654
2024-07-22,Vitamin C,Vitamin,195,169,254,13.92,18.56,0.23,3136.64,784.16,Balochistan,1,13,9,0,2024,7,30,3,204,131.0,147.0,145.0,121.0,148.0,15.705625319186336
2024-07-29,Vitamin C,Vitamin,209,155,233,23.6,31.46,0.18,4876.3,1219.08,KP,0,13,9,1,2024,7,31,3,211,169.0,131.0,147.0,145.0,150.5,15.864005379054397
2024-08-05,Vitamin C,Vitamin,282,161,242,10.56,14.08,0.06,2266.88,566.72,Punjab,0,13,9,2,2024,8,32,3,218,155.0,169.0,131.0,147.0,154.0,16.370705543744908
2024-08-12,Vitamin C,Vitamin,334,126,189,17.95,23.93,0.14,3015.18,753.8,Sindh,0,13,9,3,2024,8,33,3,225,161.0,155.0,169.0,131.0,152.75,18.73276986103942
2024-08-19,Vitamin C,Vitamin,117,146,219,39.09,52.12,0.12,7609.52,1902.38,KP,0,13,9,1,2024,8,34,3,232,126.0,161.0,155.0,169.0,147.0,15.29705854077836
2024-08-26,Vitamin C,Vitamin,235,168,252,24.0,32.0,0.04,5376.0,1344.0,Sindh,0,13,9,3,2024,8,35,3,239,146.0,126.0,161.0,155.0,150.25,18.589871794429715
2024-09-02,Vitamin C,Vitamin,181,185,278,31.81,42.41,0.14,7845.85,1961.46,Sindh,0,13,9,3,2024,9,36,3,246,168.0,146.0,126.0,161.0,156.25,25.72126228110381
2024-09-09,Vitamin C,Vitamin,462,148,222,26.3,35.07,0.2,5190.36,1297.59,Punjab,0,13,9,2,2024,9,37,3,253,185.0,168.0,146.0,126.0,161.75,18.409689477736087
2024-09-16,Vitamin C,Vitamin,391,139,209,23.81,31.74,0.01,4411.86,1102.97,KP,0,13,9,1,2024,9,38,3,260,148.0,185.0,168.0,146.0,160.0,20.607442021431645
2024-09-23,Vitamin C,Vitamin,287,134,201,13.35,17.8,0.12,2385.2,596.3,Punjab,0,13,9,2,2024,9,39,3,267,139.0,148.0,185.0,168.0,151.5,23.07234997422962
2024-09-30,Vitamin C,Vitamin,273,164,246,35.23,46.97,0.2,7703.08,1925.77,KP,1,13,9,1,2024,9,40,3,274,134.0,139.0,148.0,185.0,146.25,13.175102782647793
2024-10-07,Vitamin C,Vitamin,270,128,192,20.15,26.87,0.2,3439.36,859.84,Sindh,0,13,9,3,2024,10,41,4,281,164.0,134.0,139.0,148.0,141.25,15.819292019556382
2024-10-14,Vitamin C,Vitamin,457,132,198,10.64,14.18,0.21,1871.76,467.94,Sindh,0,13,9,3,2024,10,42,4,288,128.0,164.0,134.0,139.0,139.5,16.52271164185831
2024-10-21,Vitamin C,Vitamin,387,158,237,29.74,39.65,0.19,6264.7,1566.18,Sindh,0,13,9,3,2024,10,43,4,295,132.0,128.0,164.0,134.0,145.5,18.13835714721706
2024-10-28,Vitamin C,Vitamin,213,143,215,34.33,45.77,0.2,6545.11,1636.28,Sindh,0,13,9,3,2024,10,44,4,302,158.0,132.0,128.0,164.0,140.25,13.425721582097559
2024-11-04,Vitamin C,Vitamin,344,169,254,25.62,34.16,0.23,5773.04,1443.26,Punjab,1,13,9,2,2024,11,45,4,309,143.0,158.0,132.0,128.0,150.5,16.29928423786354
2024-11-11,Vitamin C,Vitamin,357,157,236,26.63,35.51,0.24,5575.07,1393.77,KP,1,13,9,1,2024,11,46,4,316,169.0,143.0,158.0,132.0,156.75,10.657548185832118
2024-11-18,Vitamin C,Vitamin,361,152,228,10.2,13.6,0.11,2067.2,516.8,Punjab,1,13,9,2,2024,11,47,4,323,157.0,169.0,143.0,158.0,155.25,10.843584893075422
2024-11-25,Vitamin C,Vitamin,77,157,236,21.26,28.35,0.01,4450.95,1112.74,Sindh,0,13,9,3,2024,11,48,4,330,152.0,157.0,169.0,143.0,158.75,7.228416147400488
2024-12-02,Vitamin C,Vitamin,277,126,189,30.06,40.08,0.0,5050.08,1262.52,Punjab,0,13,9,2,2024,12,49,4,337,157.0,152.0,157.0,169.0,148.0,14.854853303438134
2024-12-09,Vitamin C,Vitamin,383,147,221,25.38,33.84,0.22,4974.48,1243.62,KP,1,13,9,1,2024,12,50,4,344,126.0,157.0,152.0,157.0,145.5,13.625955623979804
2024-12-16,Vitamin C,Vitamin,84,140,210,33.26,44.34,0.21,6207.6,1551.9,KP,0,13,9,1,2024,12,51,4,351,147.0,126.0,157.0,152.0,142.5,13.025615788386624
2024-12-23,Vitamin C,Vitamin,469,143,215,37.93,50.57,0.21,7231.51,1807.88,KP,1,13,9,1,2024,12,52,4,358,140.0,147.0,126.0,157.0,139.0,9.128709291752779
2024-12-30,Vitamin C,Vitamin,466,161,242,19.07,25.42,0.14,4092.62,1023.16,Punjab,1,13,9,2,2024,12,1,4,365,143.0,140.0,147.0,126.0,147.75,9.287087810503362
2025-01-06,Vitamin C,Vitamin,243,139,209,36.46,48.61,0.06,6756.79,1689.2,Sindh,0,13,9,3,2025,1,2,1,6,161.0,143.0,140.0,147.0,145.75,10.307764064044157
2025-01-13,Vitamin C,Vitamin,379,160,240,42.32,56.42,0.07,9027.2,2256.8,Balochistan,1,13,9,0,2025,1,3,1,13,139.0,161.0,143.0,140.0,150.75,11.383467544352797
2025-01-20,Vitamin C,Vitamin,331,151,227,31.49,41.98,0.11,6338.98,1584.75,Balochistan,0,13,9,0,2025,1,4,1,20,160.0,139.0,161.0,143.0,152.75,10.210288928331076
2025-01-27,Vitamin C,Vitamin,186,138,207,9.39,12.52,0.12,1727.76,431.94,KP,0,13,9,1,2025,1,5,1,27,151.0,160.0,139.0,161.0,147.0,10.488088481701523
2025-02-03,Vitamin C,Vitamin,453,126,189,13.4,17.87,0.05,2251.62,562.91,Balochistan,1,13,9,0,2025,2,6,1,34,138.0,151.0,160.0,139.0,143.75,14.885675440951058
2025-02-10,Vitamin C,Vitamin,225,151,227,11.11,14.81,0.12,2236.31,559.08,Sindh,0,13,9,3,2025,2,7,1,41,126.0,138.0,151.0,160.0,141.5,12.013880860626738
2025-02-17,Vitamin C,Vitamin,252,139,209,43.37,57.83,0.21,8038.37,2009.59,Sindh,0,13,9,3,2025,2,8,1,48,151.0,126.0,138.0,151.0,138.5,10.214368964029715
2025-02-24,Vitamin C,Vitamin,325,150,225,40.46,53.95,0.22,8092.5,2023.13,KP,1,13,9,1,2025,2,9,1,55,139.0,151.0,126.0,138.0,141.5,11.676186592091337
2025-03-03,Vitamin C,Vitamin,305,141,212,19.28,25.7,0.11,3623.7,905.93,Sindh,1,13,9,3,2025,3,10,1,62,150.0,139.0,151.0,126.0,145.25,6.130524719249858
2025-03-10,Vitamin C,Vitamin,339,166,249,33.24,44.32,0.09,7357.12,1839.28,Sindh,1,13,9,3,2025,3,11,1,69,141.0,150.0,139.0,151.0,149.0,12.301761391497298
2025-03-17,Vitamin C,Vitamin,269,109,164,18.05,24.06,0.23,2622.54,655.64,Sindh,1,13,9,3,2025,3,12,1,76,166.0,141.0,150.0,139.0,141.5,24.006943440041123
2025-03-24,Vitamin C,Vitamin,270,136,204,43.91,58.55,0.09,7962.8,1990.7,Sindh,0,13,9,3,2025,3,13,1,83,109.0,166.0,141.0,150.0,138.0,23.36664289109585
2025-03-31,Vitamin C,Vitamin,445,157,236,42.81,57.08,0.2,8961.56,2240.39,Balochistan,1,13,9,0,2025,3,14,1,90,136.0,109.0,166.0,141.0,142.0,25.337718918639858
2020-02-03,Whey Protein,Protein,238,165,248,24.83,33.11,0.1,5463.15,1365.79,Balochistan,1,14,7,0,2020,2,6,1,34,137.0,157.0,150.0,143.0,152.25,11.87083260208258
2020-02-10,Whey Protein,Protein,273,163,245,34.13,45.51,0.08,7418.13,1854.53,Balochistan,0,14,7,0,2020,2,7,1,41,165.0,137.0,157.0,150.0,155.5,12.793227374930325
2020-02-17,Whey Protein,Protein,141,143,215,18.65,24.86,0.07,3554.98,888.75,Sindh,1,14,7,3,2020,2,8,1,48,163.0,165.0,137.0,157.0,152.0,14.094916341243982
2020-02-24,Whey Protein,Protein,51,150,225,44.73,59.64,0.03,8946.0,2236.5,Sindh,1,14,7,3,2020,2,9,1,55,143.0,163.0,165.0,137.0,155.25,10.53169818531972
2020-03-02,Whey Protein,Protein,222,155,233,20.27,27.03,0.02,4189.65,1047.41,Balochistan,0,14,7,0,2020,3,10,1,62,150.0,143.0,163.0,165.0,152.75,8.421203397773187
2020-03-09,Whey Protein,Protein,455,149,224,25.63,34.17,0.22,5091.33,1272.83,Punjab,0,14,7,2,2020,3,11,1,69,155.0,150.0,143.0,163.0,149.25,4.924428900898056
2020-03-16,Whey Protein,Protein,54,140,210,37.63,50.17,0.23,7023.8,1755.95,Punjab,0,14,7,2,2020,3,12,1,76,149.0,155.0,150.0,143.0,148.5,6.244997998398402
2020-03-23,Whey Protein,Protein,496,148,222,15.33,20.44,0.09,3025.12,756.28,Balochistan,0,14,7,0,2020,3,13,1,83,140.0,149.0,155.0,150.0,148.0,6.1644140029689805
2020-03-30,Whey Protein,Protein,89,138,207,30.84,41.12,0.2,5674.56,1418.64,KP,0,14,7,1,2020,3,14,1,90,148.0,140.0,149.0,155.0,143.75,5.560275772537427
2020-04-06,Whey Protein,Protein,172,160,240,22.22,29.62,0.19,4739.2,1184.8,Sindh,0,14,7,3,2020,4,15,2,97,138.0,148.0,140.0,149.0,146.5,9.983319421247959
2020-04-13,Whey Protein,Protein,312,147,221,19.7,26.26,0.18,3860.22,965.06,Punjab,1,14,7,2,2020,4,16,2,104,160.0,138.0,148.0,140.0,148.25,9.03234926989282
2020-04-20,Whey Protein,Protein,308,169,254,32.78,43.7,0.01,7385.3,1846.33,Sindh,1,14,7,3,2020,4,17,2,111,147.0,160.0,138.0,148.0,153.5,13.7234592334926
2020-04-27,Whey Protein,Protein,63,148,222,22.46,29.95,0.21,4432.6,1108.15,Balochistan,0,14,7,0,2020,4,18,2,118,169.0,147.0,160.0,138.0,156.0,10.488088481701515
2020-05-04,Whey Protein,Protein,384,127,191,32.41,43.21,0.22,5487.67,1371.92,KP,1,14,7,1,2020,5,19,2,125,148.0,169.0,147.0,160.0,147.75,17.153716798408443
2020-05-11,Whey Protein,Protein,295,146,219,15.17,20.22,0.13,2952.12,738.03,Punjab,0,14,7,2,2020,5,20,2,132,127.0,148.0,169.0,147.0,147.5,17.175564037317667
2020-05-18,Whey Protein,Protein,176,149,224,17.66,23.55,0.05,3508.95,877.24,Sindh,0,14,7,3,2020,5,21,2,139,146.0,127.0,148.0,169.0,142.5,10.408329997330663
2020-05-25,Whey Protein,Protein,443,160,240,34.03,45.37,0.1,7259.2,1814.8,Punjab,1,14,7,2,2020,5,22,2,146,149.0,146.0,127.0,148.0,145.5,13.723459233492601
2020-06-01,Whey Protein,Protein,358,142,213,19.73,26.31,0.07,3736.02,934.01,Punjab,1,14,7,2,2020,6,23,2,153,160.0,149.0,146.0,127.0,149.25,7.71902411793961
2020-06-08,Whey Protein,Protein,371,152,228,21.55,28.73,0.2,4366.96,1091.74,Sindh,1,14,7,3,2020,6,24,2,160,142.0,160.0,149.0,146.0,150.75,7.455423082115015
2020-06-15,Whey Protein,Protein,82,163,245,36.57,48.76,0.06,7947.88,1986.97,Balochistan,1,14,7,0,2020,6,25,2,167,152.0,142.0,160.0,149.0,154.25,9.394147114027968
2020-06-22,Whey Protein,Protein,76,144,216,32.2,42.93,0.23,6181.92,1545.48,Punjab,1,14,7,2,2020,6,26,2,174,163.0,152.0,142.0,160.0,150.25,9.535023160258538
2020-06-29,Whey Protein,Protein,161,146,219,38.05,50.73,0.15,7406.58,1851.65,KP,1,14,7,1,2020,6,27,2,181,144.0,163.0,152.0,142.0,151.25,8.539125638299668
2020-07-06,Whey Protein,Protein,53,129,194,11.26,15.01,0.0,1936.29,484.07,KP,0,14,7,1,2020,7,28,3,188,146.0,144.0,163.0,152.0,145.5,13.91641716343207
2020-07-13,Whey Protein,Protein,403,146,219,35.18,46.9,0.09,6847.4,1711.85,KP,1,14,7,1,2020,7,29,3,195,129.0,146.0,144.0,163.0,141.25,8.220908303425682
2020-07-20,Whey Protein,Protein,264,154,231,41.9,55.86,0.1,8602.44,2150.61,Punjab,1,14,7,2,2020,7,30,3,202,146.0,129.0,146.0,144.0,143.75,10.531698185319717
2020-07-27,Whey Protein,Protein,434,148,222,39.38,52.5,0.05,7770.0,1942.5,Punjab,1,14,7,2,2020,7,31,3,209,154.0,146.0,129.0,146.0,144.25,10.719919153924
2020-08-03,Whey Protein,Protein,267,136,204,15.33,20.44,0.01,2779.84,694.96,KP,0,14,7,1,2020,8,32,3,216,148.0,154.0,146.0,129.0,146.0,7.483314773547879
2020-08-10,Whey Protein,Protein,302,139,209,10.51,14.01,0.11,1947.39,486.85,Punjab,0,14,7,2,2020,8,33,3,223,136.0,148.0,154.0,146.0,144.25,8.26135582092915
2020-08-17,Whey Protein,Protein,234,163,245,39.99,53.32,0.01,8691.16,2172.79,KP,0,14,7,1,2020,8,34,3,230,139.0,136.0,148.0,154.0,146.5,12.124355652982139
2020-08-24,Whey Protein,Protein,346,137,206,15.53,20.7,0.07,2835.9,708.98,Balochistan,1,14,7,0,2020,8,35,3,237,163.0,139.0,136.0,148.0,143.75,12.893796958227625
2020-08-31,Whey Protein,Protein,416,176,264,19.94,26.58,0.13,4678.08,1169.52,KP,1,14,7,1,2020,8,36,3,244,137.0,163.0,139.0,136.0,153.75,18.962682651284688
2020-09-07,Whey Protein,Protein,205,147,221,17.12,22.83,0.19,3356.01,839.0,KP,0,14,7,1,2020,9,37,3,251,176.0,137.0,163.0,139.0,155.75,17.231270024773753
2020-09-14,Whey Protein,Protein,499,133,200,12.14,16.19,0.02,2153.27,538.32,Sindh,1,14,7,3,2020,9,38,3,258,147.0,176.0,137.0,163.0,148.25,19.414341777836984
2020-09-21,Whey Protein,Protein,188,145,218,15.15,20.2,0.12,2929.0,732.25,Punjab,1,14,7,2,2020,9,39,3,265,133.0,147.0,176.0,137.0,150.25,18.246004128758344
2020-09-28,Whey Protein,Protein,93,142,213,25.6,34.13,0.05,4846.46,1211.62,Punjab,0,14,7,2,2020,9,40,3,272,145.0,133.0,147.0,176.0,141.75,6.184658438426478
2020-10-05,Whey Protein,Protein,145,144,216,14.91,19.88,0.2,2862.72,715.68,Sindh,0,14,7,3,2020,10,41,4,279,142.0,145.0,133.0,147.0,141.0,5.477225575051647
2020-10-12,Whey Protein,Protein,403,131,197,43.64,58.18,0.09,7621.58,1905.4,Balochistan,1,14,7,0,2020,10,42,4,286,144.0,142.0,145.0,133.0,140.5,6.454972243679015
2020-10-19,Whey Protein,Protein,65,143,215,13.8,18.4,0.09,2631.2,657.8,KP,1,14,7,1,2020,10,43,4,293,131.0,144.0,142.0,145.0,140.0,6.055300708194969
2020-10-26,Whey Protein,Protein,499,148,222,25.39,33.85,0.1,5009.8,1252.45,Sindh,0,14,7,3,2020,10,44,4,300,143.0,131.0,144.0,142.0,141.5,7.325753658611958
2020-11-02,Whey Protein,Protein,298,135,203,40.05,53.4,0.15,7209.0,1802.25,KP,1,14,7,1,2020,11,45,4,307,148.0,143.0,131.0,144.0,139.25,7.675719293112957
2020-11-09,Whey Protein,Protein,291,160,240,37.94,50.58,0.07,8092.8,2023.2,Balochistan,1,14,7,0,2020,11,46,4,314,135.0,148.0,143.0,131.0,146.5,10.47218538160333
2020-11-16,Whey Protein,Protein,151,142,213,20.29,27.05,0.25,3841.1,960.28,Punjab,1,14,7,2,2020,11,47,4,321,160.0,135.0,148.0,143.0,146.25,10.594810050208537
2020-11-23,Whey Protein,Protein,486,144,216,29.87,39.82,0.07,5734.08,1433.52,Sindh,0,14,7,3,2020,11,48,4,328,142.0,160.0,135.0,148.0,145.25,10.56330125166054
2020-11-30,Whey Protein,Protein,131,134,201,14.9,19.86,0.02,2661.24,665.31,Punjab,1,14,7,2,2020,11,49,4,335,144.0,142.0,160.0,135.0,145.0,10.893423092245452
2020-12-07,Whey Protein,Protein,439,155,233,13.75,18.33,0.25,2841.15,710.29,KP,1,14,7,1,2020,12,50,4,342,134.0,144.0,142.0,160.0,143.75,8.655441448399177
2020-12-14,Whey Protein,Protein,59,149,224,41.81,55.74,0.08,8305.26,2076.32,Sindh,1,14,7,3,2020,12,51,4,349,155.0,134.0,144.0,142.0,145.5,8.888194417315576
2020-12-21,Whey Protein,Protein,204,122,183,27.66,36.88,0.14,4499.36,1124.84,Sindh,1,14,7,3,2020,12,52,4,356,149.0,155.0,134.0,144.0,140.0,14.899664425751332
2020-12-28,Whey Protein,Protein,335,146,219,25.95,34.6,0.14,5051.6,1262.9,Punjab,1,14,7,2,2020,12,53,4,363,122.0,149.0,155.0,134.0,143.0,14.491376746189431
2021-01-04,Whey Protein,Protein,192,150,225,30.94,41.25,0.24,6187.5,1546.88,Balochistan,1,14,7,0,2021,1,1,1,4,146.0,122.0,149.0,155.0,141.75,13.275918047351745
2021-01-11,Whey Protein,Protein,357,161,242,29.2,38.93,0.23,6267.73,1566.93,KP,0,14,7,1,2021,1,2,1,11,150.0,146.0,122.0,149.0,144.75,16.43928222277359
2021-01-18,Whey Protein,Protein,310,156,234,17.91,23.88,0.23,3725.28,931.32,Balochistan,1,14,7,0,2021,1,3,1,18,161.0,150.0,146.0,122.0,153.25,6.601767440112762
2021-01-25,Whey Protein,Protein,202,150,225,24.02,32.03,0.21,4804.5,1201.13,Punjab,0,14,7,2,2021,1,4,1,25,156.0,161.0,150.0,146.0,154.25,5.315072906367296
2021-02-01,Whey Protein,Protein,333,178,267,23.42,31.22,0.18,5557.16,1389.29,Balochistan,0,14,7,0,2021,2,5,1,32,150.0,156.0,161.0,150.0,161.25,12.038133853162892
2021-02-08,Whey Protein,Protein,466,129,194,42.0,56.0,0.07,7224.0,1806.0,KP,1,14,7,1,2021,2,6,1,39,178.0,150.0,156.0,161.0,153.25,20.15564437074637
2021-02-15,Whey Protein,Protein,338,140,210,16.92,22.56,0.08,3158.4,789.6,Punjab,0,14,7,2,2021,2,7,1,46,129.0,178.0,150.0,156.0,149.25,20.998015779274635
2021-02-22,Whey Protein,Protein,219,136,204,42.89,57.19,0.0,7777.84,1944.46,KP,0,14,7,1,2021,2,8,1,53,140.0,129.0,178.0,150.0,145.75,21.9753649950727
2021-03-01,Whey Protein,Protein,493,139,209,14.9,19.86,0.05,2760.54,690.14,Balochistan,0,14,7,0,2021,3,9,1,60,136.0,140.0,129.0,178.0,136.0,4.966554808583772
2021-03-08,Whey Protein,Protein,114,165,248,23.1,30.8,0.24,5082.0,1270.5,KP,1,14,7,1,2021,3,10,1,67,139.0,136.0,140.0,129.0,145.0,13.441230102437295
2021-03-15,Whey Protein,Protein,219,177,266,16.5,22.0,0.02,3894.0,973.5,Punjab,0,14,7,2,2021,3,11,1,74,165.0,139.0,136.0,140.0,154.25,19.98958061924595
2021-03-22,Whey Protein,Protein,228,145,218,30.87,41.16,0.02,5968.2,1492.05,Punjab,0,14,7,2,2021,3,12,1,81,177.0,165.0,139.0,136.0,156.5,17.61628034896508
2021-03-29,Whey Protein,Protein,245,141,212,26.94,35.92,0.12,5064.72,1266.18,Sindh,0,14,7,3,2021,3,13,1,88,145.0,177.0,165.0,139.0,157.0,16.97056274847714
2021-04-05,Whey Protein,Protein,435,154,231,32.33,43.1,0.11,6637.4,1659.35,KP,0,14,7,1,2021,4,14,2,95,141.0,145.0,177.0,165.0,154.25,16.11159003119597
2021-04-12,Whey Protein,Protein,181,149,224,10.05,13.4,0.05,1996.6,499.15,KP,0,14,7,1,2021,4,15,2,102,154.0,141.0,145.0,177.0,147.25,5.5602757725374214
2021-04-19,Whey Protein,Protein,330,145,218,32.61,43.48,0.24,6304.6,1576.15,Balochistan,0,14,7,0,2021,4,16,2,109,149.0,154.0,141.0,145.0,147.25,5.5602757725374214
2021-04-26,Whey Protein,Protein,378,153,230,11.6,15.47,0.1,2366.91,591.73,Punjab,1,14,7,2,2021,4,17,2,116,145.0,149.0,154.0,141.0,150.25,4.112987559751013
2021-05-03,Whey Protein,Protein,293,153,230,41.87,55.83,0.18,8541.99,2135.5,Balochistan,1,14,7,0,2021,5,18,2,123,153.0,145.0,149.0,154.0,150.0,3.8297084310253426
2021-05-10,Whey Protein,Protein,411,161,242,20.91,27.88,0.07,4488.68,1122.17,Punjab,0,14,7,2,2021,5,19,2,130,153.0,153.0,145.0,149.0,153.0,6.5319726474218
2021-05-17,Whey Protein,Protein,400,149,224,13.92,18.56,0.19,2765.44,691.36,Balochistan,1,14,7,0,2021,5,20,2,137,161.0,153.0,153.0,145.0,154.0,5.033222956847157
2021-05-24,Whey Protein,Protein,368,176,264,28.52,38.03,0.02,6693.28,1673.32,KP,0,14,7,1,2021,5,21,2,144,149.0,161.0,153.0,153.0,159.75,11.926860441876556
2021-05-31,Whey Protein,Protein,268,146,219,40.52,54.03,0.1,7888.38,1972.1,Balochistan,1,14,7,0,2021,5,22,2,151,176.0,149.0,161.0,153.0,158.0,13.63818169698585
2021-06-07,Whey Protein,Protein,474,139,209,41.57,55.42,0.03,7703.38,1925.85,Balochistan,1,14,7,0,2021,6,23,2,158,146.0,176.0,149.0,161.0,152.5,16.21727474022685
2021-06-14,Whey Protein,Protein,341,139,209,33.11,44.15,0.17,6136.85,1534.21,Sindh,1,14,7,3,2021,6,24,2,165,139.0,146.0,176.0,149.0,150.0,17.644640357154724
2021-06-21,Whey Protein,Protein,443,123,185,23.86,31.81,0.05,3912.63,978.16,KP,1,14,7,1,2021,6,25,2,172,139.0,139.0,146.0,176.0,136.75,9.742518497116988
2021-06-28,Whey Protein,Protein,278,170,255,42.05,56.07,0.24,9531.9,2382.98,Balochistan,1,14,7,0,2021,6,26,2,179,123.0,139.0,139.0,146.0,142.75,19.670197423174653
2021-07-05,Whey Protein,Protein,129,175,263,24.85,33.13,0.2,5797.75,1449.44,Balochistan,1,14,7,0,2021,7,27,3,186,170.0,123.0,139.0,139.0,151.75,24.918199506919972
2021-07-12,Whey Protein,Protein,403,140,210,12.39,16.52,0.08,2312.8,578.2,Punjab,0,14,7,2,2021,7,28,3,193,175.0,170.0,123.0,139.0,152.0,24.7521042876493
2021-07-19,Whey Protein,Protein,487,170,255,14.46,19.28,0.16,3277.6,819.4,Balochistan,0,14,7,0,2021,7,29,3,200,140.0,175.0,170.0,123.0,163.75,16.00781059358213
2021-07-26,Whey Protein,Protein,379,150,225,39.28,52.37,0.0,7855.5,1963.88,Sindh,1,14,7,3,2021,7,30,3,207,170.0,140.0,175.0,170.0,158.75,16.52018966799918
2021-08-02,Whey Protein,Protein,230,135,203,27.52,36.69,0.04,4953.15,1238.29,KP,0,14,7,1,2021,8,31,3,214,150.0,170.0,140.0,175.0,148.75,15.478479684172266
2021-08-09,Whey Protein,Protein,59,151,227,13.67,18.22,0.2,2751.22,687.81,Balochistan,1,14,7,0,2021,8,32,3,221,135.0,150.0,170.0,140.0,151.5,14.341083176199312
2021-08-16,Whey Protein,Protein,271,173,260,23.96,31.95,0.01,5527.35,1381.84,Sindh,1,14,7,3,2021,8,33,3,228,151.0,135.0,150.0,170.0,152.25,15.649813630413204
2021-08-23,Whey Protein,Protein,114,146,219,13.93,18.57,0.17,2711.22,677.81,KP,0,14,7,1,2021,8,34,3,235,173.0,151.0,135.0,150.0,151.25,15.966109941581479
2021-08-30,Whey Protein,Protein,425,142,213,10.64,14.19,0.01,2014.98,503.75,KP,1,14,7,1,2021,8,35,3,242,146.0,173.0,151.0,135.0,153.0,13.832329280830962
2021-09-06,Whey Protein,Protein,58,150,225,18.34,24.45,0.02,3667.5,916.88,Sindh,0,14,7,3,2021,9,36,3,249,142.0,146.0,173.0,151.0,152.75,13.889444433333786
2021-09-13,Whey Protein,Protein,120,133,200,33.83,45.1,0.18,5998.3,1499.58,Punjab,1,14,7,2,2021,9,37,3,256,150.0,142.0,146.0,173.0,142.75,7.274384280931747
2021-09-20,Whey Protein,Protein,136,135,203,19.12,25.49,0.13,3441.15,860.29,Punjab,0,14,7,2,2021,9,38,3,263,133.0,150.0,142.0,146.0,140.0,7.702813338860908
2021-09-27,Whey Protein,Protein,124,166,249,10.43,13.91,0.2,2309.06,577.27,Balochistan,1,14,7,0,2021,9,39,3,270,135.0,133.0,150.0,142.0,146.0,15.340577998671806
2021-10-04,Whey Protein,Protein,417,158,237,7.54,10.05,0.18,1587.9,396.98,Balochistan,0,14,7,0,2021,10,40,4,277,166.0,135.0,133.0,150.0,148.0,16.512621435334452
2021-10-11,Whey Protein,Protein,362,143,215,42.72,56.96,0.17,8145.28,2036.32,Sindh,0,14,7,3,2021,10,41,4,284,158.0,166.0,135.0,133.0,150.5,14.059397805975433
2021-10-18,Whey Protein,Protein,149,137,206,32.01,42.68,0.19,5847.16,1461.79,Sindh,0,14,7,3,2021,10,42,4,291,143.0,158.0,166.0,135.0,151.0,13.34166406412634
2021-10-25,Whey Protein,Protein,308,146,219,43.77,58.36,0.11,8520.56,2130.14,Punjab,0,14,7,2,2021,10,43,4,298,137.0,143.0,158.0,166.0,146.0,8.831760866327855
2021-11-01,Whey Protein,Protein,61,160,240,14.09,18.78,0.11,3004.8,751.2,Punjab,1,14,7,2,2021,11,44,4,305,146.0,137.0,143.0,158.0,146.5,9.746794344808972
2021-11-08,Whey Protein,Protein,404,124,186,39.86,53.15,0.12,6590.6,1647.65,KP,1,14,7,1,2021,11,45,4,312,160.0,146.0,137.0,143.0,141.75,15.152007567755945
2021-11-15,Whey Protein,Protein,392,174,261,7.96,10.61,0.17,1846.14,461.54,Punjab,0,14,7,2,2021,11,46,4,319,124.0,160.0,146.0,137.0,151.0,21.322914122292634
2021-11-22,Whey Protein,Protein,312,156,234,41.01,54.68,0.07,8530.08,2132.52,Sindh,1,14,7,3,2021,11,47,4,326,174.0,124.0,160.0,146.0,153.5,21.1266025033211
2021-11-29,Whey Protein,Protein,118,128,192,25.99,34.65,0.21,4435.2,1108.8,Balochistan,0,14,7,0,2021,11,48,4,333,156.0,174.0,124.0,160.0,145.5,23.741665204165162
2021-12-06,Whey Protein,Protein,203,161,242,8.57,11.42,0.16,1838.62,459.66,KP,1,14,7,1,2021,12,49,4,340,128.0,156.0,174.0,124.0,154.75,19.379972480200625
2021-12-13,Whey Protein,Protein,165,149,224,40.28,53.71,0.09,8002.79,2000.7,Punjab,1,14,7,2,2021,12,50,4,347,161.0,128.0,156.0,174.0,148.5,14.525839046333958
2021-12-20,Whey Protein,Protein,274,167,251,31.74,42.32,0.14,7067.44,1766.86,Sindh,0,14,7,3,2021,12,51,4,354,149.0,161.0,128.0,156.0,151.25,17.211914478058514
2021-12-27,Whey Protein,Protein,296,158,237,18.55,24.73,0.01,3907.34,976.84,Balochistan,1,14,7,0,2021,12,52,4,361,167.0,149.0,161.0,128.0,158.75,7.500000000000015
2022-01-03,Whey Protein,Protein,386,130,195,9.25,12.33,0.18,1602.9,400.73,KP,1,14,7,1,2022,1,1,1,3,158.0,167.0,149.0,161.0,151.0,15.811388300841903
2022-01-10,Whey Protein,Protein,443,149,224,15.54,20.72,0.02,3087.28,771.82,Punjab,1,14,7,2,2022,1,2,1,10,130.0,158.0,167.0,149.0,151.0,15.811388300841903
2022-01-17,Whey Protein,Protein,203,145,218,35.87,47.83,0.15,6935.35,1733.84,Sindh,1,14,7,3,2022,1,3,1,17,149.0,130.0,158.0,167.0,145.5,11.676186592091337
2022-01-24,Whey Protein,Protein,162,168,252,15.06,20.08,0.11,3373.44,843.36,Sindh,0,14,7,3,2022,1,4,1,24,145.0,149.0,130.0,158.0,148.0,15.641824275533427
2022-01-31,Whey Protein,Protein,225,150,225,37.12,49.49,0.16,7423.5,1855.88,KP,0,14,7,1,2022,1,5,1,31,168.0,145.0,149.0,130.0,153.0,10.230672835481878
2022-02-07,Whey Protein,Protein,240,156,234,39.35,52.46,0.12,8183.76,2045.94,KP,1,14,7,1,2022,2,6,1,38,150.0,168.0,145.0,149.0,154.75,9.912113800799512
2022-02-14,Whey Protein,Protein,500,145,218,18.76,25.01,0.13,3626.45,906.61,Balochistan,1,14,7,0,2022,2,7,1,45,156.0,150.0,168.0,145.0,154.75,9.912113800799512
2022-02-21,Whey Protein,Protein,289,175,263,32.36,43.14,0.17,7549.5,1887.38,Punjab,1,14,7,2,2022,2,8,1,52,145.0,156.0,150.0,168.0,156.5,13.127579111676816
2022-02-28,Whey Protein,Protein,242,137,206,25.29,33.72,0.09,4619.64,1154.91,KP,0,14,7,1,2022,2,9,1,59,175.0,145.0,156.0,150.0,153.25,16.459546368799682
2022-03-07,Whey Protein,Protein,302,148,222,38.89,51.85,0.01,7673.8,1918.45,Sindh,0,14,7,3,2022,3,10,1,66,137.0,175.0,145.0,156.0,151.25,16.500000000000004
2022-03-14,Whey Protein,Protein,76,128,192,23.1,30.8,0.08,3942.4,985.6,Punjab,0,14,7,2,2022,3,11,1,73,148.0,137.0,175.0,145.0,147.0,20.379728490177033
2022-03-21,Whey Protein,Protein,422,143,215,32.86,43.81,0.09,6264.83,1566.21,KP,1,14,7,1,2022,3,12,1,80,128.0,148.0,137.0,175.0,139.0,8.602325267042634
2022-03-28,Whey Protein,Protein,364,168,252,31.49,41.98,0.17,7052.64,1763.16,Sindh,0,14,7,3,2022,3,13,1,87,143.0,128.0,148.0,137.0,146.75,16.52018966799918
2022-04-04,Whey Protein,Protein,424,157,236,20.13,26.84,0.04,4213.88,1053.47,Balochistan,0,14,7,0,2022,4,14,2,94,168.0,143.0,128.0,148.0,149.0,17.339742404853276
2022-04-11,Whey Protein,Protein,100,146,219,37.88,50.51,0.21,7374.46,1843.62,KP,0,14,7,1,2022,4,15,2,101,157.0,168.0,143.0,128.0,153.5,11.38712723502582
2022-04-18,Whey Protein,Protein,283,169,254,19.28,25.71,0.24,4344.99,1086.25,Punjab,1,14,7,2,2022,4,16,2,108,146.0,157.0,168.0,143.0,160.0,10.801234497346439
2022-04-25,Whey Protein,Protein,180,130,195,16.49,21.98,0.21,2857.4,714.35,KP,0,14,7,1,2022,4,17,2,115,169.0,146.0,157.0,168.0,150.5,16.583123951777004
2022-05-02,Whey Protein,Protein,121,166,249,16.43,21.91,0.21,3637.06,909.27,KP,1,14,7,1,2022,5,18,2,122,130.0,169.0,146.0,157.0,152.75,18.282505298782226
2022-05-09,Whey Protein,Protein,396,149,224,37.09,49.45,0.19,7368.05,1842.01,KP,1,14,7,1,2022,5,19,2,129,166.0,130.0,169.0,146.0,153.5,17.972200755611432
2022-05-16,Whey Protein,Protein,326,143,215,12.39,16.52,0.19,2362.36,590.59,KP,0,14,7,1,2022,5,20,2,136,149.0,166.0,130.0,169.0,147.0,14.944341180973268
2022-05-23,Whey Protein,Protein,445,141,212,25.91,34.55,0.15,4871.55,1217.89,Balochistan,1,14,7,0,2022,5,21,2,143,143.0,149.0,166.0,130.0,149.75,11.354147553500741
2022-05-30,Whey Protein,Protein,282,151,227,19.24,25.65,0.14,3873.15,968.29,Balochistan,1,14,7,0,2022,5,22,2,150,141.0,143.0,149.0,166.0,146.0,4.76095228569526
2022-06-06,Whey Protein,Protein,109,142,213,15.66,20.88,0.03,2964.96,741.24,Balochistan,1,14,7,0,2022,6,23,2,157,151.0,141.0,143.0,149.0,144.25,4.573474244670776
2022-06-13,Whey Protein,Protein,328,155,233,25.74,34.32,0.03,5319.6,1329.9,Punjab,0,14,7,2,2022,6,24,2,164,142.0,151.0,141.0,143.0,147.25,6.849574196011527
2022-06-20,Whey Protein,Protein,474,150,225,9.91,13.21,0.13,1981.5,495.38,KP,0,14,7,1,2022,6,25,2,171,155.0,142.0,151.0,141.0,149.5,5.446711546122755
2022-06-27,Whey Protein,Protein,316,136,204,32.32,43.09,0.14,5860.24,1465.06,Sindh,1,14,7,3,2022,6,26,2,178,150.0,155.0,142.0,151.0,145.75,8.421203397773203
2022-07-04,Whey Protein,Protein,285,147,221,38.39,51.19,0.12,7524.93,1881.23,Balochistan,0,14,7,0,2022,7,27,3,185,136.0,150.0,155.0,142.0,147.0,8.041558721209896
2022-07-11,Whey Protein,Protein,97,160,240,28.24,37.65,0.12,6024.0,1506.0,Punjab,1,14,7,2,2022,7,28,3,192,147.0,136.0,150.0,155.0,148.25,9.87842767515831
2022-07-18,Whey Protein,Protein,83,163,245,9.78,13.04,0.06,2125.52,531.38,Balochistan,1,14,7,0,2022,7,29,3,199,160.0,147.0,136.0,150.0,151.5,12.449899597988743
2022-07-25,Whey Protein,Protein,250,142,213,38.28,51.04,0.07,7247.68,1811.92,KP,1,14,7,1,2022,7,30,3,206,163.0,160.0,147.0,136.0,153.0,10.099504938362093
2022-08-01,Whey Protein,Protein,365,167,251,43.24,57.65,0.07,9627.55,2406.89,KP,1,14,7,1,2022,8,31,3,213,142.0,163.0,160.0,147.0,158.0,11.045361017187274
2022-08-08,Whey Protein,Protein,130,148,222,22.94,30.59,0.18,4527.32,1131.83,Sindh,1,14,7,3,2022,8,32,3,220,167.0,142.0,163.0,160.0,155.0,11.916375287812999
2022-08-15,Whey Protein,Protein,230,154,231,27.79,37.05,0.23,5705.7,1426.43,Punjab,0,14,7,2,2022,8,33,3,227,148.0,167.0,142.0,163.0,152.75,10.688779163215992
2022-08-22,Whey Protein,Protein,207,154,231,9.89,13.19,0.08,2031.26,507.82,Balochistan,1,14,7,0,2022,8,34,3,234,154.0,148.0,167.0,142.0,155.75,8.015609770940719
2022-08-29,Whey Protein,Protein,387,141,212,25.17,33.56,0.01,4731.96,1182.99,Sindh,1,14,7,3,2022,8,35,3,241,154.0,154.0,148.0,167.0,149.25,6.184658438426518
2022-09-05,Whey Protein,Protein,148,162,243,14.59,19.45,0.19,3150.9,787.73,Balochistan,0,14,7,0,2022,9,36,3,248,141.0,154.0,154.0,148.0,152.75,8.693867570496671
2022-09-12,Whey Protein,Protein,495,159,239,30.48,40.64,0.17,6461.76,1615.44,Balochistan,1,14,7,0,2022,9,37,3,255,162.0,141.0,154.0,154.0,154.0,9.273618495495723
2022-09-19,Whey Protein,Protein,418,149,224,15.81,21.08,0.05,3140.92,785.23,Sindh,1,14,7,3,2022,9,38,3,262,159.0,162.0,141.0,154.0,152.75,9.604686356149292
2022-09-26,Whey Protein,Protein,183,142,213,37.72,50.29,0.0,7141.18,1785.3,Sindh,0,14,7,3,2022,9,39,3,269,149.0,159.0,162.0,141.0,153.0,9.201449161228194
2022-10-03,Whey Protein,Protein,443,160,240,18.46,24.61,0.23,3937.6,984.4,KP,0,14,7,1,2022,10,40,4,276,142.0,149.0,159.0,162.0,152.5,8.582928793055842
2022-10-10,Whey Protein,Protein,276,133,200,17.2,22.93,0.07,3049.69,762.42,Punjab,0,14,7,2,2022,10,41,4,283,160.0,142.0,149.0,159.0,146.0,11.401754250991399
2022-10-17,Whey Protein,Protein,271,162,243,27.96,37.28,0.04,6039.36,1509.84,KP,0,14,7,1,2022,10,42,4,290,133.0,160.0,142.0,149.0,149.25,14.080127840328739
2022-10-24,Whey Protein,Protein,353,147,221,35.87,47.83,0.21,7031.01,1757.75,Balochistan,1,14,7,0,2022,10,43,4,297,162.0,133.0,160.0,142.0,150.5,13.428824718989139
2022-10-31,Whey Protein,Protein,109,165,248,35.95,47.93,0.02,7908.45,1977.11,KP,0,14,7,1,2022,10,44,4,304,147.0,162.0,133.0,160.0,151.75,14.77328670269417
2022-11-07,Whey Protein,Protein,237,147,221,18.63,24.84,0.04,3651.48,912.87,Sindh,1,14,7,3,2022,11,45,4,311,165.0,147.0,162.0,133.0,155.25,9.604686356149292
2022-11-14,Whey Protein,Protein,451,187,281,43.16,57.55,0.13,10761.85,2690.46,Balochistan,0,14,7,0,2022,11,46,4,318,147.0,165.0,147.0,162.0,161.5,19.00000000000001
2022-11-21,Whey Protein,Protein,366,167,251,42.47,56.62,0.16,9455.54,2363.89,Sindh,1,14,7,3,2022,11,47,4,325,187.0,147.0,165.0,147.0,166.5,16.36052158907738
2022-11-28,Whey Protein,Protein,383,153,230,35.02,46.69,0.25,7143.57,1785.89,Balochistan,0,14,7,0,2022,11,48,4,332,167.0,187.0,147.0,165.0,163.5,17.767010628315248
2022-12-05,Whey Protein,Protein,349,150,225,11.57,15.43,0.2,2314.5,578.63,Punjab,0,14,7,2,2022,12,49,4,339,153.0,167.0,187.0,147.0,164.25,16.879474715365614
2022-12-12,Whey Protein,Protein,465,151,227,23.99,31.99,0.19,4830.49,1207.62,Balochistan,0,14,7,0,2022,12,50,4,346,150.0,153.0,167.0,187.0,155.25,7.932002689527211
2022-12-19,Whey Protein,Protein,107,139,209,16.14,21.52,0.14,2991.28,747.82,KP,0,14,7,1,2022,12,51,4,353,151.0,150.0,153.0,167.0,148.25,6.291528696058982
2022-12-26,Whey Protein,Protein,380,150,225,42.59,56.79,0.11,8518.5,2129.63,Sindh,0,14,7,3,2022,12,52,4,360,139.0,151.0,150.0,153.0,147.5,5.686240703077353
2023-01-02,Whey Protein,Protein,206,150,225,10.04,13.38,0.04,2007.0,501.75,Balochistan,0,14,7,0,2023,1,1,1,2,150.0,139.0,151.0,150.0,147.5,5.686240703077353
2023-01-09,Whey Protein,Protein,119,139,209,24.64,32.85,0.1,4566.15,1141.54,Sindh,0,14,7,3,2023,1,2,1,9,150.0,150.0,139.0,151.0,144.5,6.350852961085909
2023-01-16,Whey Protein,Protein,323,178,267,19.76,26.34,0.07,4688.52,1172.13,Punjab,0,14,7,2,2023,1,3,1,16,139.0,150.0,150.0,139.0,154.25,16.66083231214256
2023-01-23,Whey Protein,Protein,312,153,230,31.37,41.83,0.07,6399.99,1600.0,Balochistan,0,14,7,0,2023,1,4,1,23,178.0,139.0,150.0,150.0,155.0,16.47219880080779
2023-01-30,Whey Protein,Protein,251,158,237,22.31,29.75,0.14,4700.5,1175.13,Punjab,1,14,7,2,2023,1,5,1,30,153.0,178.0,139.0,150.0,157.0,16.145174717749786
2023-02-06,Whey Protein,Protein,211,154,231,39.92,53.22,0.07,8195.88,2048.97,Sindh,0,14,7,3,2023,2,6,1,37,158.0,153.0,178.0,139.0,160.75,11.701139545645413
2023-02-13,Whey Protein,Protein,81,168,252,24.95,33.26,0.02,5587.68,1396.92,Punjab,0,14,7,2,2023,2,7,1,44,154.0,158.0,153.0,178.0,158.25,6.849574196011526
2023-02-20,Whey Protein,Protein,226,134,201,35.51,47.35,0.05,6344.9,1586.23,Balochistan,0,14,7,0,2023,2,8,1,51,168.0,154.0,158.0,153.0,153.5,14.27118308573844
2023-02-27,Whey Protein,Protein,275,160,240,42.38,56.5,0.03,9040.0,2260.0,KP,0,14,7,1,2023,2,9,1,58,134.0,168.0,154.0,158.0,154.0,14.51436070471817
2023-03-06,Whey Protein,Protein,230,145,218,15.99,21.32,0.22,3091.4,772.85,Sindh,0,14,7,3,2023,3,10,1,65,160.0,134.0,168.0,154.0,151.75,15.195942440884242
2023-03-13,Whey Protein,Protein,369,137,206,13.43,17.9,0.23,2452.3,613.08,Balochistan,0,14,7,0,2023,3,11,1,72,145.0,160.0,134.0,168.0,144.0,11.633285577743447
2023-03-20,Whey Protein,Protein,169,145,218,16.96,22.61,0.22,3278.45,819.61,Punjab,1,14,7,2,2023,3,12,1,79,137.0,145.0,160.0,134.0,146.75,9.60468635614929
2023-03-27,Whey Protein,Protein,265,157,236,17.0,22.67,0.22,3559.19,889.8,Balochistan,1,14,7,0,2023,3,13,1,86,145.0,137.0,145.0,160.0,146.0,8.24621125123534
2023-04-03,Whey Protein,Protein,358,174,261,18.64,24.85,0.06,4323.9,1080.98,Balochistan,1,14,7,0,2023,4,14,2,93,157.0,145.0,137.0,145.0,153.25,16.090887690449737
2023-04-10,Whey Protein,Protein,277,150,225,19.73,26.3,0.16,3945.0,986.25,Sindh,1,14,7,3,2023,4,15,2,100,174.0,157.0,145.0,137.0,156.5,12.662279942148398
2023-04-17,Whey Protein,Protein,277,146,219,31.29,41.72,0.15,6091.12,1522.78,Sindh,1,14,7,3,2023,4,16,2,107,150.0,174.0,157.0,145.0,156.75,12.365947867699708
2023-04-24,Whey Protein,Protein,73,144,216,16.93,22.57,0.08,3250.08,812.52,Sindh,0,14,7,3,2023,4,17,2,114,146.0,150.0,174.0,157.0,153.5,13.892443989449813
2023-05-01,Whey Protein,Protein,347,142,213,38.09,50.78,0.04,7210.76,1802.69,Sindh,0,14,7,3,2023,5,18,2,121,144.0,146.0,150.0,174.0,145.5,3.4156502553198957
2023-05-08,Whey Protein,Protein,344,159,239,41.36,55.15,0.23,8768.85,2192.21,KP,0,14,7,1,2023,5,19,2,128,142.0,144.0,146.0,150.0,147.75,7.675719293112984
2023-05-15,Whey Protein,Protein,114,146,219,40.18,53.57,0.13,7821.22,1955.31,Balochistan,1,14,7,0,2023,5,20,2,135,159.0,142.0,144.0,146.0,147.75,7.675719293112984
2023-05-22,Whey Protein,Protein,432,164,246,37.3,49.73,0.05,8155.72,2038.93,KP,0,14,7,1,2023,5,21,2,142,146.0,159.0,142.0,144.0,152.75,10.436314802968855
2023-05-29,Whey Protein,Protein,393,158,237,29.72,39.62,0.17,6259.96,1564.99,Sindh,1,14,7,3,2023,5,22,2,149,164.0,146.0,159.0,142.0,156.75,7.632168761236885
2023-06-05,Whey Protein,Protein,417,156,234,35.04,46.72,0.18,7288.32,1822.08,KP,0,14,7,1,2023,6,23,2,156,158.0,164.0,146.0,159.0,156.0,7.483314773547894
2023-06-12,Whey Protein,Protein,389,167,251,41.02,54.69,0.22,9133.23,2283.31,Sindh,0,14,7,3,2023,6,24,2,163,156.0,158.0,164.0,146.0,161.25,5.123475382979811
2023-06-19,Whey Protein,Protein,295,152,228,37.29,49.72,0.06,7557.44,1889.36,Sindh,0,14,7,3,2023,6,25,2,170,167.0,156.0,158.0,164.0,158.25,6.344288770224772
2023-06-26,Whey Protein,Protein,161,163,245,23.53,31.37,0.06,5113.31,1278.33,KP,1,14,7,1,2023,6,26,2,177,152.0,167.0,156.0,158.0,159.5,6.757711644237774
2023-07-03,Whey Protein,Protein,485,147,221,28.71,38.28,0.2,5627.16,1406.79,Balochistan,1,14,7,0,2023,7,27,3,184,163.0,152.0,167.0,156.0,157.25,9.322910847298004
2023-07-10,Whey Protein,Protein,264,138,207,34.97,46.62,0.17,6433.56,1608.39,KP,0,14,7,1,2023,7,28,3,191,147.0,163.0,152.0,167.0,150.0,10.4243305140746
2023-07-17,Whey Protein,Protein,222,171,257,18.59,24.78,0.24,4237.38,1059.35,Sindh,1,14,7,3,2023,7,29,3,198,138.0,147.0,163.0,152.0,154.75,14.97497913187194
2023-07-24,Whey Protein,Protein,313,137,206,12.75,17.0,0.1,2329.0,582.25,Balochistan,1,14,7,0,2023,7,30,3,205,171.0,138.0,147.0,163.0,148.25,15.819292019556377
2023-07-31,Whey Protein,Protein,74,140,210,36.84,49.12,0.18,6876.8,1719.2,KP,0,14,7,1,2023,7,31,3,212,137.0,171.0,138.0,147.0,146.5,16.380883167074153
2023-08-07,Whey Protein,Protein,51,158,237,29.67,39.56,0.24,6250.48,1562.62,Sindh,1,14,7,3,2023,8,32,3,219,140.0,137.0,171.0,138.0,151.5,15.968719422671311
2023-08-14,Whey Protein,Protein,283,146,219,34.07,45.42,0.21,6631.32,1657.83,Punjab,1,14,7,2,2023,8,33,3,226,158.0,140.0,137.0,171.0,145.25,9.287087810503355
2023-08-21,Whey Protein,Protein,306,147,221,42.85,57.13,0.04,8398.11,2099.53,Balochistan,0,14,7,0,2023,8,34,3,233,146.0,158.0,140.0,137.0,147.75,7.5
2023-08-28,Whey Protein,Protein,495,154,231,22.28,29.71,0.08,4575.34,1143.84,Punjab,1,14,7,2,2023,8,35,3,240,147.0,146.0,158.0,140.0,151.25,5.737304826019499
2023-09-04,Whey Protein,Protein,489,157,236,24.49,32.65,0.19,5126.05,1281.51,KP,0,14,7,1,2023,9,36,3,247,154.0,147.0,146.0,158.0,151.0,5.354126134736334
2023-09-11,Whey Protein,Protein,265,147,221,26.48,35.3,0.02,5189.1,1297.28,Punjab,1,14,7,2,2023,9,37,3,254,157.0,154.0,147.0,146.0,151.25,5.057996968497837
2023-09-18,Whey Protein,Protein,494,160,240,32.65,43.53,0.11,6964.8,1741.2,Punjab,0,14,7,2,2023,9,38,3,261,147.0,157.0,154.0,147.0,154.5,5.5677643628300215
2023-09-25,Whey Protein,Protein,191,178,267,10.79,14.38,0.12,2559.64,639.91,Balochistan,1,14,7,0,2023,9,39,3,268,160.0,147.0,157.0,154.0,160.5,12.922847983320088
2023-10-02,Whey Protein,Protein,394,143,215,42.81,57.08,0.08,8162.44,2040.61,Balochistan,1,14,7,0,2023,10,40,4,275,178.0,160.0,147.0,157.0,157.0,15.769168230019828
2023-10-09,Whey Protein,Protein,367,166,249,15.95,21.27,0.17,3530.82,882.7,Sindh,1,14,7,3,2023,10,41,4,282,143.0,178.0,160.0,147.0,161.75,14.568802284333463
2023-10-16,Whey Protein,Protein,494,158,237,13.52,18.02,0.22,2847.16,711.79,Punjab,0,14,7,2,2023,10,42,4,289,166.0,143.0,178.0,160.0,161.25,14.682756326158017
2023-10-23,Whey Protein,Protein,388,150,225,21.65,28.86,0.05,4329.0,1082.25,Punjab,1,14,7,2,2023,10,43,4,296,158.0,166.0,143.0,178.0,154.25,9.945685831890454
2023-10-30,Whey Protein,Protein,80,144,216,9.2,12.26,0.1,1765.44,441.36,Punjab,1,14,7,2,2023,10,44,4,303,150.0,158.0,166.0,143.0,154.5,9.574271077563374
2023-11-06,Whey Protein,Protein,144,153,230,35.12,46.82,0.24,7163.46,1790.87,Punjab,0,14,7,2,2023,11,45,4,310,144.0,150.0,158.0,166.0,151.25,5.852349955359799
2023-11-13,Whey Protein,Protein,75,142,213,7.69,10.25,0.1,1455.5,363.88,KP,0,14,7,1,2023,11,46,4,317,153.0,144.0,150.0,158.0,147.25,5.123475382979784
2023-11-20,Whey Protein,Protein,411,155,233,22.95,30.6,0.04,4743.0,1185.75,KP,1,14,7,1,2023,11,47,4,324,142.0,153.0,144.0,150.0,148.5,6.4549722436790145
2023-11-27,Whey Protein,Protein,175,137,206,26.44,35.25,0.03,4829.25,1207.31,Punjab,1,14,7,2,2023,11,48,4,331,155.0,142.0,153.0,144.0,146.75,8.65544144839918
2023-12-04,Whey Protein,Protein,302,143,215,17.84,23.79,0.01,3401.97,850.49,Sindh,1,14,7,3,2023,12,49,4,338,137.0,155.0,142.0,153.0,144.25,7.632168761236861
2023-12-11,Whey Protein,Protein,487,142,213,26.36,35.15,0.12,4991.3,1247.83,Punjab,1,14,7,2,2023,12,50,4,345,143.0,137.0,155.0,142.0,144.25,7.632168761236861
2023-12-18,Whey Protein,Protein,476,146,219,7.71,10.28,0.25,1500.88,375.22,Sindh,0,14,7,3,2023,12,51,4,352,142.0,143.0,137.0,155.0,142.0,3.741657386773912
2023-12-25,Whey Protein,Protein,489,152,228,36.66,48.88,0.07,7429.76,1857.44,Sindh,1,14,7,3,2023,12,52,4,359,146.0,142.0,143.0,137.0,145.75,4.49999999999998
2024-01-01,Whey Protein,Protein,311,140,210,43.94,58.59,0.04,8202.6,2050.65,Punjab,1,14,7,2,2024,1,1,1,1,152.0,146.0,142.0,143.0,145.0,5.291502622129164
2024-01-08,Whey Protein,Protein,109,149,224,39.23,52.31,0.11,7794.19,1948.55,Balochistan,1,14,7,0,2024,1,2,1,8,140.0,152.0,146.0,142.0,146.75,5.123475382979781
2024-01-15,Whey Protein,Protein,427,148,222,40.1,53.47,0.12,7913.56,1978.39,Punjab,0,14,7,2,2024,1,3,1,15,149.0,140.0,152.0,146.0,147.25,5.123475382979781
2024-01-22,Whey Protein,Protein,164,158,237,23.01,30.68,0.09,4847.44,1211.86,Balochistan,1,14,7,0,2024,1,4,1,22,148.0,149.0,140.0,152.0,148.75,7.365459931328106
2024-01-29,Whey Protein,Protein,278,149,224,17.3,23.06,0.08,3435.94,858.99,Punjab,0,14,7,2,2024,1,5,1,29,158.0,148.0,149.0,140.0,151.0,4.690415759823413
2024-02-05,Whey Protein,Protein,249,144,216,29.24,38.98,0.18,5613.12,1403.28,KP,1,14,7,1,2024,2,6,1,36,149.0,158.0,148.0,149.0,149.75,5.909032633745265
2024-02-12,Whey Protein,Protein,290,144,216,25.58,34.1,0.18,4910.4,1227.6,Balochistan,0,14,7,0,2024,2,7,1,43,144.0,149.0,158.0,148.0,148.75,6.601767440112774
2024-02-19,Whey Protein,Protein,428,139,209,26.36,35.15,0.12,4885.85,1221.46,Sindh,1,14,7,3,2024,2,8,1,50,144.0,144.0,149.0,158.0,144.0,4.0824829046386055
2024-02-26,Whey Protein,Protein,223,148,222,44.58,59.44,0.02,8797.12,2199.28,KP,0,14,7,1,2024,2,9,1,57,139.0,144.0,144.0,149.0,143.75,3.68555739791597
2024-03-04,Whey Protein,Protein,252,163,245,24.01,32.01,0.15,5217.63,1304.41,Punjab,0,14,7,2,2024,3,10,1,64,148.0,139.0,144.0,144.0,148.5,10.344080432788592
2024-03-11,Whey Protein,Protein,248,160,240,28.17,37.56,0.24,6009.6,1502.4,Balochistan,0,14,7,0,2024,3,11,1,71,163.0,148.0,139.0,144.0,152.5,11.09053650640941
2024-03-18,Whey Protein,Protein,329,168,252,22.73,30.3,0.2,5090.4,1272.6,Balochistan,0,14,7,0,2024,3,12,1,78,160.0,163.0,148.0,139.0,159.75,8.499999999999991
2024-03-25,Whey Protein,Protein,455,148,222,9.92,13.23,0.12,1958.04,489.51,KP,0,14,7,1,2024,3,13,1,85,168.0,160.0,163.0,148.0,159.75,8.499999999999991
2024-04-01,Whey Protein,Protein,133,148,222,20.45,27.26,0.09,4034.48,1008.62,KP,1,14,7,1,2024,4,14,2,92,148.0,168.0,160.0,163.0,156.0,9.797958971132703
2024-04-08,Whey Protein,Protein,221,128,192,29.78,39.7,0.07,5081.6,1270.4,KP,0,14,7,1,2024,4,15,2,99,148.0,148.0,168.0,160.0,148.0,16.32993161855451
2024-04-15,Whey Protein,Protein,303,153,230,39.1,52.13,0.15,7975.89,1993.97,KP,1,14,7,1,2024,4,16,2,106,128.0,148.0,148.0,168.0,144.25,11.086778913041716
2024-04-22,Whey Protein,Protein,387,162,243,27.47,36.63,0.06,5934.06,1483.52,Sindh,1,14,7,3,2024,4,17,2,113,153.0,128.0,148.0,148.0,147.75,14.384598244882143
2024-04-29,Whey Protein,Protein,113,155,233,31.27,41.69,0.18,6461.95,1615.49,Punjab,1,14,7,2,2024,4,18,2,120,162.0,153.0,128.0,148.0,149.5,14.843629385474872
2024-05-06,Whey Protein,Protein,336,163,245,14.87,19.82,0.08,3230.66,807.67,KP,1,14,7,1,2024,5,19,2,127,155.0,162.0,153.0,128.0,158.25,4.9916597106239635
2024-05-13,Whey Protein,Protein,491,149,224,33.26,44.34,0.01,6606.66,1651.67,KP,1,14,7,1,2024,5,20,2,134,163.0,155.0,162.0,153.0,157.25,6.5510813356778375
2024-05-20,Whey Protein,Protein,162,136,204,9.89,13.19,0.07,1793.84,448.46,Balochistan,0,14,7,0,2024,5,21,2,141,149.0,163.0,155.0,162.0,150.75,11.38346754435278
2024-05-27,Whey Protein,Protein,193,130,195,43.98,58.64,0.13,7623.2,1905.8,Sindh,1,14,7,3,2024,5,22,2,148,136.0,149.0,163.0,155.0,144.5,14.662878298615174
2024-06-03,Whey Protein,Protein,256,138,207,42.66,56.88,0.05,7849.44,1962.36,KP,1,14,7,1,2024,6,23,2,155,130.0,136.0,149.0,163.0,138.25,7.93200268952719
2024-06-10,Whey Protein,Protein,350,143,215,25.33,33.77,0.02,4829.11,1207.28,Sindh,1,14,7,3,2024,6,24,2,162,138.0,130.0,136.0,149.0,136.75,5.377421934967217
2024-06-17,Whey Protein,Protein,373,138,207,29.14,38.85,0.02,5361.3,1340.33,Sindh,1,14,7,3,2024,6,25,2,169,143.0,138.0,130.0,136.0,137.25,5.377421934967217
2024-06-24,Whey Protein,Protein,395,130,195,37.24,49.65,0.08,6454.5,1613.63,Punjab,0,14,7,2,2024,6,26,2,176,138.0,143.0,138.0,130.0,137.25,5.377421934967217
2024-07-01,Whey Protein,Protein,220,144,216,9.52,12.69,0.25,1827.36,456.84,Balochistan,1,14,7,0,2024,7,27,3,183,130.0,138.0,143.0,138.0,138.75,6.396613687465155
2024-07-08,Whey Protein,Protein,462,158,237,29.65,39.53,0.13,6245.74,1561.44,KP,1,14,7,1,2024,7,28,3,190,144.0,130.0,138.0,143.0,142.5,11.818065267490553
2024-07-15,Whey Protein,Protein,97,149,224,29.9,39.86,0.17,5939.14,1484.79,KP,0,14,7,1,2024,7,29,3,197,158.0,144.0,130.0,138.0,145.25,11.701139545645397
2024-07-22,Whey Protein,Protein,314,154,231,28.55,38.07,0.21,5862.78,1465.7,KP,0,14,7,1,2024,7,30,3,204,149.0,158.0,144.0,130.0,151.25,6.075908711186047
2024-07-29,Whey Protein,Protein,459,151,227,21.91,29.21,0.15,4410.71,1102.68,Sindh,1,14,7,3,2024,7,31,3,211,154.0,149.0,158.0,144.0,153.0,3.915780041490224
2024-08-05,Whey Protein,Protein,355,168,252,43.6,58.13,0.2,9765.84,2441.46,KP,0,14,7,1,2024,8,32,3,218,151.0,154.0,149.0,158.0,155.5,8.582928793055812
2024-08-12,Whey Protein,Protein,75,126,189,12.23,16.3,0.21,2053.8,513.45,Balochistan,1,14,7,0,2024,8,33,3,225,168.0,151.0,154.0,149.0,149.75,17.48094200360304
2024-08-19,Whey Protein,Protein,61,163,245,38.42,51.22,0.18,8348.86,2087.22,Sindh,1,14,7,3,2024,8,34,3,232,126.0,168.0,151.0,154.0,152.0,18.743887892679393
2024-08-26,Whey Protein,Protein,120,165,248,9.8,13.07,0.06,2156.55,539.14,KP,0,14,7,1,2024,8,35,3,239,163.0,126.0,168.0,151.0,155.5,19.773719933285182
2024-09-02,Whey Protein,Protein,496,153,230,38.0,50.66,0.08,7750.98,1937.75,Balochistan,0,14,7,0,2024,9,36,3,246,165.0,163.0,126.0,168.0,151.75,17.951323071016237
2024-09-09,Whey Protein,Protein,496,175,263,32.12,42.82,0.1,7493.5,1873.38,Punjab,0,14,7,2,2024,9,37,3,253,153.0,165.0,163.0,126.0,164.0,9.01849950564577
2024-09-16,Whey Protein,Protein,50,143,215,24.56,32.74,0.14,4681.82,1170.46,Balochistan,0,14,7,0,2024,9,38,3,260,175.0,153.0,165.0,163.0,159.0,13.952299690970891
2024-09-23,Whey Protein,Protein,147,158,237,20.48,27.31,0.02,4314.98,1078.75,KP,1,14,7,1,2024,9,39,3,267,143.0,175.0,153.0,165.0,157.25,13.375973484822195
2024-09-30,Whey Protein,Protein,302,153,230,13.15,17.53,0.24,2682.09,670.52,Balochistan,1,14,7,0,2024,9,40,3,274,158.0,143.0,175.0,153.0,157.25,13.375973484822195
2024-10-07,Whey Protein,Protein,478,140,210,20.76,27.68,0.23,3875.2,968.8,KP,1,14,7,1,2024,10,41,4,281,153.0,158.0,143.0,175.0,148.5,8.426149773176348
2024-10-14,Whey Protein,Protein,456,146,219,12.25,16.33,0.17,2384.18,596.05,Punjab,0,14,7,2,2024,10,42,4,288,140.0,153.0,158.0,143.0,149.25,7.889866919029739
2024-10-21,Whey Protein,Protein,245,156,234,22.49,29.99,0.19,4678.44,1169.61,KP,0,14,7,1,2024,10,43,4,295,146.0,140.0,153.0,158.0,148.75,7.18215380880507
2024-10-28,Whey Protein,Protein,459,150,225,20.26,27.01,0.04,4051.5,1012.88,Sindh,1,14,7,3,2024,10,44,4,302,156.0,146.0,140.0,153.0,148.0,6.733003292241373
2024-11-04,Whey Protein,Protein,324,156,234,26.4,35.2,0.24,5491.2,1372.8,KP,0,14,7,1,2024,11,45,4,309,150.0,156.0,146.0,140.0,152.0,4.898979485566343
2024-11-11,Whey Protein,Protein,446,163,245,31.16,41.55,0.1,6772.65,1693.16,Punjab,0,14,7,2,2024,11,46,4,316,156.0,150.0,156.0,146.0,156.25,5.315072906367313
2024-11-18,Whey Protein,Protein,331,153,230,39.53,52.7,0.24,8063.1,2015.78,Sindh,1,14,7,3,2024,11,47,4,323,163.0,156.0,150.0,156.0,155.5,5.567764362830012
2024-11-25,Whey Protein,Protein,487,159,239,10.02,13.36,0.05,2124.24,531.06,Punjab,0,14,7,2,2024,11,48,4,330,153.0,163.0,156.0,150.0,157.75,4.272001872658749
2024-12-02,Whey Protein,Protein,165,168,252,27.43,36.57,0.17,6143.76,1535.94,Balochistan,0,14,7,0,2024,12,49,4,337,159.0,153.0,163.0,156.0,160.75,6.344288770224747
2024-12-09,Whey Protein,Protein,410,150,225,33.55,44.73,0.25,6709.5,1677.38,Sindh,1,14,7,3,2024,12,50,4,344,168.0,159.0,153.0,163.0,157.5,7.937253933193761
2024-12-16,Whey Protein,Protein,221,143,215,16.35,21.8,0.07,3117.4,779.35,Punjab,1,14,7,2,2024,12,51,4,351,150.0,168.0,159.0,153.0,155.0,10.862780491200208
2024-12-23,Whey Protein,Protein,72,169,254,39.01,52.01,0.21,8789.69,2197.42,Balochistan,1,14,7,0,2024,12,52,4,358,143.0,150.0,168.0,159.0,157.5,13.02561578838661
2024-12-30,Whey Protein,Protein,292,131,197,10.75,14.33,0.07,1877.23,469.31,Balochistan,1,14,7,0,2024,12,1,4,365,169.0,143.0,150.0,168.0,148.25,15.903353943953663
2025-01-06,Whey Protein,Protein,65,148,222,8.14,10.85,0.15,1605.8,401.45,Balochistan,1,14,7,0,2025,1,2,1,6,131.0,169.0,143.0,150.0,147.75,15.861378670636837
2025-01-13,Whey Protein,Protein,166,138,207,17.45,23.26,0.11,3209.88,802.47,Sindh,0,14,7,3,2025,1,3,1,13,148.0,131.0,169.0,143.0,146.5,16.54287359157007
2025-01-20,Whey Protein,Protein,113,155,233,29.84,39.79,0.21,6167.45,1541.86,Sindh,1,14,7,3,2025,1,4,1,20,138.0,148.0,131.0,169.0,143.0,10.61445555206043
2025-01-27,Whey Protein,Protein,442,170,255,44.54,59.39,0.15,10096.3,2524.08,Punjab,1,14,7,2,2025,1,5,1,27,155.0,138.0,148.0,131.0,152.75,13.450526631573446
2025-02-03,Whey Protein,Protein,262,177,266,32.81,43.75,0.14,7743.75,1935.94,KP,0,14,7,1,2025,2,6,1,34,170.0,155.0,138.0,148.0,160.0,17.301252363147967
2025-02-10,Whey Protein,Protein,353,158,237,30.56,40.75,0.11,6438.5,1609.63,KP,1,14,7,1,2025,2,7,1,41,177.0,170.0,155.0,138.0,165.0,10.295630140986987
2025-02-17,Whey Protein,Protein,348,145,218,18.96,25.28,0.06,3665.6,916.4,KP,1,14,7,1,2025,2,8,1,48,158.0,177.0,170.0,155.0,162.5,14.059397805975419
2025-02-24,Whey Protein,Protein,314,150,225,26.05,34.73,0.03,5209.5,1302.38,KP,1,14,7,1,2025,2,9,1,55,145.0,158.0,177.0,170.0,157.5,14.059397805975419
2025-03-03,Whey Protein,Protein,345,160,240,20.31,27.08,0.25,4332.8,1083.2,Punjab,1,14,7,2,2025,3,10,1,62,150.0,145.0,158.0,177.0,153.25,6.994045086119079
2025-03-10,Whey Protein,Protein,361,140,210,18.02,24.03,0.1,3364.2,841.05,KP,0,14,7,1,2025,3,11,1,69,160.0,150.0,145.0,158.0,148.75,8.53912563829965
2025-03-17,Whey Protein,Protein,361,166,249,7.55,10.07,0.09,1671.62,417.91,KP,1,14,7,1,2025,3,12,1,76,140.0,160.0,150.0,145.0,154.0,11.430952132988153
2025-03-24,Whey Protein,Protein,369,158,237,13.88,18.5,0.02,2923.0,730.75,KP,1,14,7,1,2025,3,13,1,83,166.0,140.0,160.0,150.0,156.0,11.195237082497764
2025-03-31,Whey Protein,Protein,347,148,222,11.38,15.17,0.07,2245.16,561.29,Punjab,0,14,7,2,2025,3,14,1,90,158.0,166.0,140.0,160.0,153.0,11.372481406154641
2020-02-03,Zinc,Mineral,271,184,276,27.13,36.17,0.07,6655.28,1663.82,Punjab,1,15,4,2,2020,2,6,1,34,140.0,147.0,154.0,147.0,156.25,19.36276495407272
2020-02-10,Zinc,Mineral,67,155,233,26.72,35.63,0.08,5522.65,1380.66,Sindh,1,15,4,3,2020,2,7,1,41,184.0,140.0,147.0,154.0,156.5,19.330459556530638
2020-02-17,Zinc,Mineral,168,155,233,33.85,45.13,0.06,6995.15,1748.79,Punjab,0,15,4,2,2020,2,8,1,48,155.0,184.0,140.0,147.0,158.5,18.411952639521967
2020-02-24,Zinc,Mineral,58,170,255,40.26,53.68,0.18,9125.6,2281.4,Balochistan,0,15,4,0,2020,2,9,1,55,155.0,155.0,184.0,140.0,166.0,13.928388277184123
2020-03-02,Zinc,Mineral,141,146,219,20.27,27.02,0.14,3944.92,986.23,Punjab,0,15,4,2,2020,3,10,1,62,170.0,155.0,155.0,184.0,156.5,9.949874371066203
2020-03-09,Zinc,Mineral,124,158,237,12.54,16.72,0.07,2641.76,660.44,KP,1,15,4,1,2020,3,11,1,69,146.0,170.0,155.0,155.0,157.25,9.912113800799508
2020-03-16,Zinc,Mineral,160,143,215,26.67,35.56,0.01,5085.08,1271.27,Punjab,0,15,4,2,2020,3,12,1,76,158.0,146.0,170.0,155.0,154.25,12.33896267925307
2020-03-23,Zinc,Mineral,54,147,221,22.66,30.21,0.13,4440.87,1110.22,Punjab,1,15,4,2,2020,3,13,1,83,143.0,158.0,146.0,170.0,148.5,6.557438524302007
2020-03-30,Zinc,Mineral,171,136,204,15.35,20.46,0.01,2782.56,695.64,Punjab,1,15,4,2,2020,3,14,1,90,147.0,143.0,158.0,146.0,146.0,9.20144916122818
2020-04-06,Zinc,Mineral,462,147,221,25.37,33.82,0.12,4971.54,1242.89,Balochistan,1,15,4,0,2020,4,15,2,97,136.0,147.0,143.0,158.0,143.25,5.188127472091136
2020-04-13,Zinc,Mineral,315,149,224,33.55,44.73,0.18,6664.77,1666.19,Punjab,0,15,4,2,2020,4,16,2,104,147.0,136.0,147.0,143.0,144.75,5.909032633745285
2020-04-20,Zinc,Mineral,169,188,282,22.64,30.18,0.18,5673.84,1418.46,KP,0,15,4,1,2020,4,17,2,111,149.0,147.0,136.0,147.0,155.0,22.73030282830976
2020-04-27,Zinc,Mineral,109,164,246,38.36,51.15,0.23,8388.6,2097.15,KP,1,15,4,1,2020,4,18,2,118,188.0,149.0,147.0,136.0,162.0,18.920887928424502
2020-05-04,Zinc,Mineral,471,154,231,32.76,43.68,0.04,6726.72,1681.68,Balochistan,0,15,4,0,2020,5,19,2,125,164.0,188.0,149.0,147.0,163.75,17.327723451163457
2020-05-11,Zinc,Mineral,59,127,191,10.28,13.71,0.09,1741.17,435.29,Sindh,1,15,4,3,2020,5,20,2,132,154.0,164.0,188.0,149.0,158.25,25.250412537884074
2020-05-18,Zinc,Mineral,366,157,236,23.72,31.62,0.01,4964.34,1241.09,KP,0,15,4,1,2020,5,21,2,139,127.0,154.0,164.0,188.0,150.5,16.217274740226856
2020-05-25,Zinc,Mineral,413,161,242,33.74,44.98,0.21,7241.78,1810.45,KP,0,15,4,1,2020,5,22,2,146,157.0,127.0,154.0,164.0,149.75,15.435349040433131
2020-06-01,Zinc,Mineral,58,158,237,32.52,43.36,0.19,6850.88,1712.72,Balochistan,0,15,4,0,2020,6,23,2,153,161.0,157.0,127.0,154.0,150.75,15.924300089276556
2020-06-08,Zinc,Mineral,216,136,204,23.63,31.5,0.15,4284.0,1071.0,Balochistan,1,15,4,0,2020,6,24,2,160,158.0,161.0,157.0,127.0,153.0,11.460075625114056
2020-06-15,Zinc,Mineral,310,130,195,29.82,39.76,0.04,5168.8,1292.2,Balochistan,0,15,4,0,2020,6,25,2,167,136.0,158.0,161.0,157.0,146.25,15.542951242712347
2020-06-22,Zinc,Mineral,201,148,222,30.53,40.7,0.06,6023.6,1505.9,KP,1,15,4,1,2020,6,26,2,174,130.0,136.0,158.0,161.0,143.0,12.489995996796795
2020-06-29,Zinc,Mineral,458,147,221,38.42,51.22,0.04,7529.34,1882.34,Punjab,0,15,4,2,2020,6,27,2,181,148.0,130.0,136.0,158.0,140.25,8.732124598286488
2020-07-06,Zinc,Mineral,459,162,243,15.98,21.3,0.2,3450.6,862.65,Punjab,0,15,4,2,2020,7,28,3,188,147.0,148.0,130.0,136.0,146.75,13.098982148752375
2020-07-13,Zinc,Mineral,140,132,198,44.22,58.96,0.17,7782.72,1945.68,Sindh,1,15,4,3,2020,7,29,3,195,162.0,147.0,148.0,130.0,147.25,12.257650672131264
2020-07-20,Zinc,Mineral,397,145,218,7.98,10.64,0.14,1542.8,385.7,Sindh,1,15,4,3,2020,7,30,3,202,132.0,162.0,147.0,148.0,146.5,12.28820572744451
2020-07-27,Zinc,Mineral,167,170,255,19.34,25.79,0.01,4384.3,1096.08,Punjab,0,15,4,2,2020,7,31,3,209,145.0,132.0,162.0,147.0,152.25,17.05627939108253
2020-08-03,Zinc,Mineral,83,119,179,26.86,35.81,0.15,4261.39,1065.35,KP,1,15,4,1,2020,8,32,3,216,170.0,145.0,132.0,162.0,141.5,21.763884457207237
2020-08-10,Zinc,Mineral,308,134,201,26.95,35.93,0.06,4814.62,1203.66,Balochistan,0,15,4,0,2020,8,33,3,223,119.0,170.0,145.0,132.0,142.0,21.494185260204677
2020-08-17,Zinc,Mineral,429,162,243,30.38,40.51,0.12,6562.62,1640.66,KP,0,15,4,1,2020,8,34,3,230,134.0,119.0,170.0,145.0,146.25,23.837994882120434
2020-08-24,Zinc,Mineral,239,143,215,15.36,20.48,0.24,2928.64,732.16,KP,1,15,4,1,2020,8,35,3,237,162.0,134.0,119.0,170.0,139.5,17.97220075561143
2020-08-31,Zinc,Mineral,208,154,231,38.58,51.44,0.21,7921.76,1980.44,Sindh,0,15,4,3,2020,8,36,3,244,143.0,162.0,134.0,119.0,148.25,12.28481447424692
2020-09-07,Zinc,Mineral,380,162,243,24.16,32.21,0.17,5218.02,1304.51,Punjab,0,15,4,2,2020,9,37,3,251,154.0,143.0,162.0,134.0,155.25,8.995369179009087
2020-09-14,Zinc,Mineral,482,136,204,10.78,14.37,0.09,1954.32,488.58,Balochistan,0,15,4,0,2020,9,38,3,258,162.0,154.0,143.0,162.0,148.75,11.528949070347506
2020-09-21,Zinc,Mineral,461,145,218,20.21,26.94,0.24,3906.3,976.58,KP,1,15,4,1,2020,9,39,3,265,136.0,162.0,154.0,143.0,149.25,11.236102527122116
2020-09-28,Zinc,Mineral,398,149,224,20.25,27.0,0.22,4023.0,1005.75,KP,1,15,4,1,2020,9,40,3,272,145.0,136.0,162.0,154.0,148.0,10.801234497346432
2020-10-05,Zinc,Mineral,279,140,210,26.44,35.25,0.19,4935.0,1233.75,Punjab,0,15,4,2,2020,10,41,4,279,149.0,145.0,136.0,162.0,142.5,5.6862407030773285
2020-10-12,Zinc,Mineral,479,134,201,36.34,48.45,0.11,6492.3,1623.08,Punjab,0,15,4,2,2020,10,42,4,286,140.0,149.0,145.0,136.0,142.0,6.48074069840786
2020-10-19,Zinc,Mineral,347,152,228,40.42,53.89,0.05,8191.28,2047.82,KP,0,15,4,1,2020,10,43,4,293,134.0,140.0,149.0,145.0,143.75,8.261355820929154
2020-10-26,Zinc,Mineral,339,177,266,13.55,18.07,0.24,3198.39,799.6,Balochistan,0,15,4,0,2020,10,44,4,300,152.0,134.0,140.0,149.0,150.75,19.03286631067428
2020-11-02,Zinc,Mineral,464,158,237,10.82,14.43,0.17,2279.94,569.99,Punjab,0,15,4,2,2020,11,45,4,307,177.0,152.0,134.0,140.0,155.25,17.727097901235833
2020-11-09,Zinc,Mineral,199,158,237,36.59,48.79,0.2,7708.82,1927.21,KP,1,15,4,1,2020,11,46,4,314,158.0,177.0,152.0,134.0,161.25,10.874281585465768
2020-11-16,Zinc,Mineral,492,149,224,33.1,44.13,0.17,6575.37,1643.84,Balochistan,0,15,4,0,2020,11,47,4,321,158.0,158.0,177.0,152.0,160.5,11.789826122551592
2020-11-23,Zinc,Mineral,350,137,206,26.04,34.72,0.23,4756.64,1189.16,KP,1,15,4,1,2020,11,48,4,328,149.0,158.0,158.0,177.0,150.5,9.949874371066194
2020-11-30,Zinc,Mineral,90,143,215,42.61,56.81,0.24,8123.83,2030.96,Sindh,1,15,4,3,2020,11,49,4,335,137.0,149.0,158.0,158.0,146.75,8.958236433584453
2020-12-07,Zinc,Mineral,203,140,210,35.1,46.8,0.08,6552.0,1638.0,Punjab,1,15,4,2,2020,12,50,4,342,143.0,137.0,149.0,158.0,142.25,5.123475382979788
2020-12-14,Zinc,Mineral,95,168,252,19.91,26.55,0.06,4460.4,1115.1,Sindh,1,15,4,3,2020,12,51,4,349,140.0,143.0,137.0,149.0,147.0,14.212670403551892
2020-12-21,Zinc,Mineral,172,150,225,35.75,47.67,0.03,7150.5,1787.63,Balochistan,0,15,4,0,2020,12,52,4,356,168.0,140.0,143.0,137.0,150.25,12.553220038433691
2020-12-28,Zinc,Mineral,195,165,248,40.29,53.72,0.09,8863.8,2215.95,Sindh,1,15,4,3,2020,12,53,4,363,150.0,168.0,140.0,143.0,155.75,13.124404748406684
2021-01-04,Zinc,Mineral,401,139,209,43.88,58.51,0.01,8132.89,2033.22,Punjab,1,15,4,2,2021,1,1,1,4,165.0,150.0,168.0,140.0,155.5,13.52774925846868
2021-01-11,Zinc,Mineral,213,131,197,31.43,41.91,0.09,5490.21,1372.55,KP,0,15,4,1,2021,1,2,1,11,139.0,165.0,150.0,168.0,146.25,14.72809107341025
2021-01-18,Zinc,Mineral,491,158,237,26.93,35.91,0.01,5673.78,1418.45,Sindh,0,15,4,3,2021,1,3,1,18,131.0,139.0,165.0,150.0,148.25,15.903353943953666
2021-01-25,Zinc,Mineral,382,150,225,28.58,38.11,0.14,5716.5,1429.13,Punjab,0,15,4,2,2021,1,4,1,25,158.0,131.0,139.0,165.0,144.5,11.902380714238081
2021-02-01,Zinc,Mineral,296,164,246,39.06,52.08,0.14,8541.12,2135.28,Balochistan,1,15,4,0,2021,2,5,1,32,150.0,158.0,131.0,139.0,150.75,14.361406616345068
2021-02-08,Zinc,Mineral,201,143,215,36.15,48.2,0.06,6892.6,1723.15,KP,0,15,4,1,2021,2,6,1,39,164.0,150.0,158.0,131.0,153.75,9.178779875342904
2021-02-15,Zinc,Mineral,102,128,192,15.67,20.89,0.17,2673.92,668.48,KP,1,15,4,1,2021,2,7,1,46,143.0,164.0,150.0,158.0,146.25,14.974979131871937
2021-02-22,Zinc,Mineral,193,136,204,18.27,24.36,0.18,3312.96,828.24,KP,1,15,4,1,2021,2,8,1,53,128.0,143.0,164.0,150.0,142.75,15.435349040433131
2021-03-01,Zinc,Mineral,72,128,192,18.88,25.17,0.1,3221.76,805.44,Punjab,0,15,4,2,2021,3,9,1,60,136.0,128.0,143.0,164.0,133.75,7.2284161474004724
2021-03-08,Zinc,Mineral,148,160,240,16.07,21.43,0.22,3428.8,857.2,KP,1,15,4,1,2021,3,10,1,67,128.0,136.0,128.0,143.0,138.0,15.143755588800728
2021-03-15,Zinc,Mineral,115,150,225,44.42,59.22,0.1,8883.0,2220.75,KP,1,15,4,1,2021,3,11,1,74,160.0,128.0,136.0,128.0,143.5,14.271183085738425
2021-03-22,Zinc,Mineral,232,147,221,41.93,55.91,0.1,8218.77,2054.69,KP,1,15,4,1,2021,3,12,1,81,150.0,160.0,128.0,136.0,146.25,13.375973484822199
2021-03-29,Zinc,Mineral,153,154,231,25.74,34.32,0.13,5285.28,1321.32,Sindh,1,15,4,3,2021,3,13,1,88,147.0,150.0,160.0,128.0,152.75,5.619905100029103
2021-04-05,Zinc,Mineral,358,166,249,11.05,14.73,0.19,2445.18,611.3,KP,0,15,4,1,2021,4,14,2,95,154.0,147.0,150.0,160.0,154.25,8.341662504161453
2021-04-12,Zinc,Mineral,195,176,264,40.33,53.77,0.18,9463.52,2365.88,Punjab,0,15,4,2,2021,4,15,2,102,166.0,154.0,147.0,150.0,160.75,12.841988423397154
2021-04-19,Zinc,Mineral,189,128,192,31.68,42.24,0.08,5406.72,1351.68,Sindh,0,15,4,3,2021,4,16,2,109,176.0,166.0,154.0,147.0,156.0,20.720360357226735
2021-04-26,Zinc,Mineral,55,158,237,30.47,40.63,0.15,6419.54,1604.89,Balochistan,1,15,4,0,2021,4,17,2,116,128.0,176.0,166.0,154.0,157.0,20.688160865577196
2021-05-03,Zinc,Mineral,127,146,219,24.32,32.42,0.08,4733.32,1183.33,Punjab,0,15,4,2,2021,5,18,2,123,158.0,128.0,176.0,166.0,152.0,20.19900987672415
2021-05-10,Zinc,Mineral,101,157,236,17.9,23.86,0.25,3746.02,936.51,Balochistan,1,15,4,0,2021,5,19,2,130,146.0,158.0,128.0,176.0,147.25,13.937359864766348
2021-05-17,Zinc,Mineral,70,151,227,8.66,11.54,0.22,1742.54,435.64,KP,0,15,4,1,2021,5,20,2,137,157.0,146.0,158.0,128.0,153.0,5.59761854124888
2021-05-24,Zinc,Mineral,242,138,207,31.02,41.36,0.08,5707.68,1426.92,Sindh,1,15,4,3,2021,5,21,2,144,151.0,157.0,146.0,158.0,148.0,8.041558721209876
2021-05-31,Zinc,Mineral,360,136,204,12.78,17.04,0.16,2317.44,579.36,Punjab,0,15,4,2,2021,5,22,2,151,138.0,151.0,157.0,146.0,145.5,10.148891565092216
2021-06-07,Zinc,Mineral,216,155,233,11.6,15.46,0.2,2396.3,599.08,Sindh,1,15,4,3,2021,6,23,2,158,136.0,138.0,151.0,157.0,145.0,9.416297927883685
2021-06-14,Zinc,Mineral,227,151,227,31.09,41.45,0.03,6258.95,1564.74,Balochistan,1,15,4,0,2021,6,24,2,165,155.0,136.0,138.0,151.0,145.0,9.416297927883685
2021-06-21,Zinc,Mineral,64,146,219,17.06,22.75,0.03,3321.5,830.38,Punjab,1,15,4,2,2021,6,25,2,172,151.0,155.0,136.0,138.0,147.0,8.205689083394109
2021-06-28,Zinc,Mineral,215,150,225,33.5,44.66,0.02,6699.0,1674.75,Sindh,0,15,4,3,2021,6,26,2,179,146.0,151.0,155.0,136.0,150.5,3.696845502136464
2021-07-05,Zinc,Mineral,347,159,239,22.06,29.41,0.04,4676.19,1169.05,Sindh,1,15,4,3,2021,7,27,3,186,150.0,146.0,151.0,155.0,151.5,5.4467115461227245
2021-07-12,Zinc,Mineral,372,144,216,41.3,55.07,0.07,7930.08,1982.52,Balochistan,0,15,4,0,2021,7,28,3,193,159.0,150.0,146.0,151.0,149.75,6.65206734782503
2021-07-19,Zinc,Mineral,305,156,234,26.76,35.68,0.2,5566.08,1391.52,Punjab,1,15,4,2,2021,7,29,3,200,144.0,159.0,150.0,146.0,152.25,6.65206734782503
2021-07-26,Zinc,Mineral,422,165,248,33.26,44.34,0.17,7316.1,1829.03,KP,1,15,4,1,2021,7,30,3,207,156.0,144.0,159.0,150.0,156.0,8.831760866327842
2021-08-02,Zinc,Mineral,446,147,221,39.2,52.26,0.13,7682.22,1920.56,Balochistan,1,15,4,0,2021,8,31,3,214,165.0,156.0,144.0,159.0,153.0,9.486832980505135
2021-08-09,Zinc,Mineral,223,150,225,25.37,33.83,0.19,5074.5,1268.63,Punjab,0,15,4,2,2021,8,32,3,221,147.0,165.0,156.0,144.0,154.5,7.937253933193767
2021-08-16,Zinc,Mineral,205,157,236,33.68,44.91,0.08,7050.87,1762.72,KP,1,15,4,1,2021,8,33,3,228,150.0,147.0,165.0,156.0,154.75,8.015609770940694
2021-08-23,Zinc,Mineral,75,156,234,35.11,46.81,0.14,7302.36,1825.59,KP,1,15,4,1,2021,8,34,3,235,157.0,150.0,147.0,165.0,152.5,4.795831523312714
2021-08-30,Zinc,Mineral,51,152,228,26.88,35.84,0.2,5447.68,1361.92,Sindh,1,15,4,3,2021,8,35,3,242,156.0,157.0,150.0,147.0,153.75,3.304037933599825
2021-09-06,Zinc,Mineral,416,152,228,19.61,26.15,0.12,3974.8,993.7,KP,1,15,4,1,2021,9,36,3,249,152.0,156.0,157.0,150.0,154.25,2.629955639676571
2021-09-13,Zinc,Mineral,335,141,212,42.28,56.37,0.1,7948.17,1987.04,Balochistan,1,15,4,0,2021,9,37,3,256,152.0,152.0,156.0,157.0,150.25,6.448514040717699
2021-09-20,Zinc,Mineral,233,135,203,34.94,46.59,0.04,6289.65,1572.41,Balochistan,1,15,4,0,2021,9,38,3,263,141.0,152.0,152.0,156.0,145.0,8.445906306213287
2021-09-27,Zinc,Mineral,302,152,228,44.95,59.93,0.06,9109.36,2277.34,KP,0,15,4,1,2021,9,39,3,270,135.0,141.0,152.0,152.0,145.0,8.445906306213287
2021-10-04,Zinc,Mineral,308,139,209,38.07,50.76,0.24,7055.64,1763.91,Balochistan,0,15,4,0,2021,10,40,4,277,152.0,135.0,141.0,152.0,141.75,7.274384280931732
2021-10-11,Zinc,Mineral,421,150,225,29.51,39.34,0.21,5901.0,1475.25,KP,1,15,4,1,2021,10,41,4,284,139.0,152.0,135.0,141.0,144.0,8.286535263104035
2021-10-18,Zinc,Mineral,305,150,225,12.46,16.61,0.09,2491.5,622.88,Punjab,0,15,4,2,2021,10,42,4,291,150.0,139.0,152.0,135.0,147.75,5.909032633745278
2021-10-25,Zinc,Mineral,195,159,239,43.73,58.31,0.21,9271.29,2317.82,KP,1,15,4,1,2021,10,43,4,298,150.0,150.0,139.0,152.0,149.5,8.185352771872449
2021-11-01,Zinc,Mineral,291,161,242,30.95,41.26,0.25,6642.86,1660.72,Balochistan,1,15,4,0,2021,11,44,4,305,159.0,150.0,150.0,139.0,155.0,5.830951894845299
2021-11-08,Zinc,Mineral,452,142,213,10.66,14.21,0.2,2017.82,504.46,Punjab,0,15,4,2,2021,11,45,4,312,161.0,159.0,150.0,150.0,153.0,8.755950357709128
2021-11-15,Zinc,Mineral,396,155,233,30.13,40.17,0.08,6226.35,1556.59,Sindh,0,15,4,3,2021,11,46,4,319,142.0,161.0,159.0,150.0,154.25,8.539125638299662
2021-11-22,Zinc,Mineral,187,142,213,24.08,32.11,0.01,4559.62,1139.91,Punjab,0,15,4,2,2021,11,47,4,326,155.0,142.0,161.0,159.0,150.0,9.55684745788763
2021-11-29,Zinc,Mineral,120,154,231,22.19,29.58,0.23,4555.32,1138.83,Sindh,0,15,4,3,2021,11,48,4,333,142.0,155.0,142.0,161.0,148.25,7.228416147400476
2021-12-06,Zinc,Mineral,87,143,215,43.76,58.35,0.04,8344.05,2086.01,Punjab,1,15,4,2,2021,12,49,4,340,154.0,142.0,155.0,142.0,148.5,6.952217871538066
2021-12-13,Zinc,Mineral,369,161,242,23.14,30.85,0.09,4966.85,1241.71,Punjab,0,15,4,2,2021,12,50,4,347,143.0,154.0,142.0,155.0,150.0,9.128709291752765
2021-12-20,Zinc,Mineral,461,164,246,38.95,51.93,0.03,8516.52,2129.13,Sindh,1,15,4,3,2021,12,51,4,354,161.0,143.0,154.0,142.0,155.5,9.327379053088814
2021-12-27,Zinc,Mineral,289,148,222,26.03,34.71,0.16,5137.08,1284.27,Sindh,0,15,4,3,2021,12,52,4,361,164.0,161.0,143.0,154.0,154.0,10.099504938362077
2022-01-03,Zinc,Mineral,95,154,231,25.28,33.7,0.05,5189.8,1297.45,Punjab,0,15,4,2,2022,1,1,1,3,148.0,164.0,161.0,143.0,156.75,7.182153808805082
2022-01-10,Zinc,Mineral,203,179,269,34.94,46.58,0.11,8337.82,2084.46,KP,1,15,4,1,2022,1,2,1,10,154.0,148.0,164.0,161.0,161.25,13.549292724468435
2022-01-17,Zinc,Mineral,138,155,233,20.76,27.68,0.12,4290.4,1072.6,Sindh,1,15,4,3,2022,1,3,1,17,179.0,154.0,148.0,164.0,159.0,13.686976778431873
2022-01-24,Zinc,Mineral,264,161,242,28.38,37.84,0.18,6092.24,1523.06,KP,0,15,4,1,2022,1,4,1,24,155.0,179.0,154.0,148.0,162.25,11.586630226256469
2022-01-31,Zinc,Mineral,140,156,234,19.5,26.0,0.08,4056.0,1014.0,Sindh,0,15,4,3,2022,1,5,1,31,161.0,155.0,179.0,154.0,162.75,11.146748404803978
2022-02-07,Zinc,Mineral,278,152,228,25.1,33.46,0.21,5085.92,1271.48,Sindh,1,15,4,3,2022,2,6,1,38,156.0,161.0,155.0,179.0,156.0,3.7416573867739515
2022-02-14,Zinc,Mineral,260,151,227,32.09,42.79,0.16,6461.29,1615.32,Sindh,0,15,4,3,2022,2,7,1,45,152.0,156.0,161.0,155.0,155.0,4.5460605656619615
2022-02-21,Zinc,Mineral,444,144,216,42.8,57.06,0.06,8216.64,2054.16,KP,1,15,4,1,2022,2,8,1,52,151.0,152.0,156.0,161.0,150.75,4.9916597106239875
2022-02-28,Zinc,Mineral,53,160,240,16.7,22.27,0.24,3563.2,890.8,Balochistan,1,15,4,0,2022,2,9,1,59,144.0,151.0,152.0,156.0,151.75,6.551081335677855
2022-03-07,Zinc,Mineral,235,145,218,34.84,46.45,0.1,6735.25,1683.81,KP,0,15,4,1,2022,3,10,1,66,160.0,144.0,151.0,152.0,150.0,7.348469228349539
2022-03-14,Zinc,Mineral,373,165,248,30.82,41.09,0.01,6779.85,1694.96,Sindh,0,15,4,3,2022,3,11,1,73,145.0,160.0,144.0,151.0,153.5,10.598742063723101
2022-03-21,Zinc,Mineral,266,150,225,34.06,45.41,0.21,6811.5,1702.88,Balochistan,0,15,4,0,2022,3,12,1,80,165.0,145.0,160.0,144.0,155.0,9.128709291752774
2022-03-28,Zinc,Mineral,52,142,213,9.38,12.5,0.03,1775.0,443.75,Balochistan,0,15,4,0,2022,3,13,1,87,150.0,165.0,145.0,160.0,150.5,10.214368964029715
2022-04-04,Zinc,Mineral,238,153,230,11.9,15.87,0.17,2428.11,607.03,Sindh,0,15,4,3,2022,4,14,2,94,142.0,150.0,165.0,145.0,152.5,9.539392014169463
2022-04-11,Zinc,Mineral,472,137,206,40.2,53.6,0.06,7343.2,1835.8,Balochistan,0,15,4,0,2022,4,15,2,101,153.0,142.0,150.0,165.0,145.5,7.325753658611984
2022-04-18,Zinc,Mineral,367,132,198,18.67,24.89,0.14,3285.48,821.37,Balochistan,0,15,4,0,2022,4,16,2,108,137.0,153.0,142.0,150.0,141.0,8.981462390204998
2022-04-25,Zinc,Mineral,165,132,198,29.6,39.46,0.07,5208.72,1302.18,Balochistan,0,15,4,0,2022,4,17,2,115,132.0,137.0,153.0,142.0,138.5,9.949874371066208
2022-05-02,Zinc,Mineral,263,143,215,23.06,30.75,0.04,4397.25,1099.31,Punjab,1,15,4,2,2022,5,18,2,122,132.0,132.0,137.0,153.0,136.0,5.228129047119389
2022-05-09,Zinc,Mineral,398,156,234,18.54,24.72,0.0,3856.32,964.08,Balochistan,0,15,4,0,2022,5,19,2,129,143.0,132.0,132.0,137.0,140.75,11.412712210513336
2022-05-16,Zinc,Mineral,230,172,258,11.75,15.67,0.01,2695.24,673.81,KP,0,15,4,1,2022,5,20,2,136,156.0,143.0,132.0,132.0,150.75,17.231270024773767
2022-05-23,Zinc,Mineral,451,180,270,11.46,15.28,0.05,2750.4,687.6,KP,0,15,4,1,2022,5,21,2,143,172.0,156.0,143.0,132.0,162.75,16.520189667999183
2022-05-30,Zinc,Mineral,315,131,197,29.0,38.66,0.2,5064.46,1266.12,KP,1,15,4,1,2022,5,22,2,150,180.0,172.0,156.0,143.0,159.75,21.608254595562943
2022-06-06,Zinc,Mineral,495,156,234,44.34,59.12,0.17,9222.72,2305.68,Balochistan,0,15,4,0,2022,6,23,2,157,131.0,180.0,172.0,156.0,159.75,21.608254595562943
2022-06-13,Zinc,Mineral,361,163,245,17.39,23.18,0.05,3778.34,944.59,Punjab,1,15,4,2,2022,6,24,2,164,156.0,131.0,180.0,172.0,157.5,20.338797080129076
2022-06-20,Zinc,Mineral,407,144,216,35.94,47.92,0.08,6900.48,1725.12,KP,0,15,4,1,2022,6,25,2,171,163.0,156.0,131.0,180.0,148.5,14.059397805975442
2022-06-27,Zinc,Mineral,495,140,210,35.63,47.5,0.04,6650.0,1662.5,Balochistan,1,15,4,0,2022,6,26,2,178,144.0,163.0,156.0,131.0,150.75,10.626225419530071
2022-07-04,Zinc,Mineral,173,147,221,32.12,42.83,0.23,6296.01,1574.0,Balochistan,0,15,4,0,2022,7,27,3,185,140.0,144.0,163.0,156.0,148.5,10.082988974836134
2022-07-11,Zinc,Mineral,65,150,225,30.49,40.65,0.01,6097.5,1524.38,Sindh,1,15,4,3,2022,7,28,3,192,147.0,140.0,144.0,163.0,145.25,4.272001872658803
2022-07-18,Zinc,Mineral,429,145,218,33.35,44.46,0.25,6446.7,1611.68,Sindh,0,15,4,3,2022,7,29,3,199,150.0,147.0,140.0,144.0,145.5,4.203173404306203
2022-07-25,Zinc,Mineral,186,132,198,44.91,59.88,0.04,7904.16,1976.04,KP,1,15,4,1,2022,7,30,3,206,145.0,150.0,147.0,140.0,143.5,7.9372539331937935
2022-08-01,Zinc,Mineral,257,164,246,35.03,46.71,0.19,7660.44,1915.11,Sindh,0,15,4,3,2022,8,31,3,213,132.0,145.0,150.0,147.0,147.75,13.225606476327162
2022-08-08,Zinc,Mineral,496,137,206,19.7,26.27,0.17,3598.99,899.75,Balochistan,0,15,4,0,2022,8,32,3,220,164.0,132.0,145.0,150.0,144.5,14.059397805975438
2022-08-15,Zinc,Mineral,491,145,218,9.17,12.22,0.08,1771.9,442.98,KP,1,15,4,1,2022,8,33,3,227,137.0,164.0,132.0,145.0,144.5,14.059397805975438
2022-08-22,Zinc,Mineral,408,157,236,37.39,49.85,0.09,7826.45,1956.61,Sindh,1,15,4,3,2022,8,34,3,234,145.0,137.0,164.0,132.0,150.75,12.06579186515886
2022-08-29,Zinc,Mineral,166,162,243,29.72,39.63,0.12,6420.06,1605.02,KP,0,15,4,1,2022,8,35,3,241,157.0,145.0,137.0,164.0,150.25,11.35414755350075
2022-09-05,Zinc,Mineral,226,140,210,23.33,31.1,0.23,4354.0,1088.5,Balochistan,1,15,4,0,2022,9,36,3,248,162.0,157.0,145.0,137.0,151.0,10.23067283548189
2022-09-12,Zinc,Mineral,356,152,228,40.83,54.44,0.11,8274.88,2068.72,Balochistan,0,15,4,0,2022,9,37,3,255,140.0,162.0,157.0,145.0,152.75,9.42956343987711
2022-09-19,Zinc,Mineral,333,149,224,25.56,34.08,0.01,5077.92,1269.48,KP,0,15,4,1,2022,9,38,3,262,152.0,140.0,162.0,157.0,150.75,9.06917857360855
2022-09-26,Zinc,Mineral,251,134,201,24.61,32.81,0.13,4396.54,1099.14,Balochistan,1,15,4,0,2022,9,39,3,269,149.0,152.0,140.0,162.0,143.75,8.261355820929177
2022-10-03,Zinc,Mineral,292,137,206,8.85,11.8,0.21,1616.6,404.15,Balochistan,0,15,4,0,2022,10,40,4,276,134.0,149.0,152.0,140.0,143.0,8.831760866327869
2022-10-10,Zinc,Mineral,408,135,203,17.85,23.8,0.09,3213.0,803.25,Sindh,0,15,4,3,2022,10,41,4,283,137.0,134.0,149.0,152.0,138.75,6.946221994724931
2022-10-17,Zinc,Mineral,90,142,213,16.85,22.47,0.2,3190.74,797.69,Balochistan,0,15,4,0,2022,10,42,4,290,135.0,137.0,134.0,149.0,137.0,3.5590260840104957
2022-10-24,Zinc,Mineral,468,154,231,9.8,13.06,0.12,2011.24,502.81,Sindh,1,15,4,3,2022,10,43,4,297,142.0,135.0,137.0,134.0,142.0,8.524474568362972
2022-10-31,Zinc,Mineral,381,152,228,31.37,41.83,0.17,6358.16,1589.54,KP,0,15,4,1,2022,10,44,4,304,154.0,142.0,135.0,137.0,145.75,8.883505314157645
2022-11-07,Zinc,Mineral,179,158,237,27.12,36.16,0.23,5713.28,1428.32,Balochistan,0,15,4,0,2022,11,45,4,311,152.0,154.0,142.0,135.0,151.5,6.806859285554075
2022-11-14,Zinc,Mineral,359,145,218,11.79,15.72,0.19,2279.4,569.85,Balochistan,0,15,4,0,2022,11,46,4,318,158.0,152.0,154.0,142.0,152.25,5.43905629069361
2022-11-21,Zinc,Mineral,419,142,213,20.76,27.68,0.13,3930.56,982.64,Balochistan,0,15,4,0,2022,11,47,4,325,145.0,158.0,152.0,154.0,149.25,7.182153808805107
2022-11-28,Zinc,Mineral,406,150,225,17.87,23.83,0.16,3574.5,893.63,Balochistan,1,15,4,0,2022,11,48,4,332,142.0,145.0,158.0,152.0,148.75,6.9940450861191215
2022-12-05,Zinc,Mineral,448,149,224,9.6,12.8,0.1,1907.2,476.8,Sindh,1,15,4,3,2022,12,49,4,339,150.0,142.0,145.0,158.0,146.5,3.696845502136519
2022-12-12,Zinc,Mineral,95,156,234,38.89,51.85,0.07,8088.6,2022.15,Balochistan,0,15,4,0,2022,12,50,4,346,149.0,150.0,142.0,145.0,149.25,5.737304826019532
2022-12-19,Zinc,Mineral,427,173,260,8.78,11.71,0.2,2025.83,506.46,Punjab,0,15,4,2,2022,12,51,4,353,156.0,149.0,150.0,142.0,157.0,11.105554165971807
2022-12-26,Zinc,Mineral,464,160,240,11.39,15.19,0.1,2430.4,607.6,Balochistan,0,15,4,0,2022,12,52,4,360,173.0,156.0,149.0,150.0,159.5,10.082988974836136
2023-01-02,Zinc,Mineral,397,155,233,29.35,39.13,0.04,6065.15,1516.29,Punjab,0,15,4,2,2023,1,1,1,2,160.0,173.0,156.0,149.0,161.0,8.28653526310406
2023-01-09,Zinc,Mineral,231,141,212,25.07,33.42,0.21,4712.22,1178.06,Punjab,1,15,4,2,2023,1,2,1,9,155.0,160.0,173.0,156.0,157.25,13.225606476327165
2023-01-16,Zinc,Mineral,109,125,188,27.73,36.97,0.22,4621.25,1155.31,Punjab,1,15,4,2,2023,1,3,1,16,141.0,155.0,160.0,173.0,145.25,15.713582235335998
2023-01-23,Zinc,Mineral,278,139,209,22.21,29.61,0.25,4115.79,1028.95,KP,0,15,4,1,2023,1,4,1,23,125.0,141.0,155.0,160.0,140.0,12.274635093014663
2023-01-30,Zinc,Mineral,50,143,215,39.13,52.17,0.24,7460.31,1865.08,KP,0,15,4,1,2023,1,5,1,30,139.0,125.0,141.0,155.0,137.0,8.164965809277286
2023-02-06,Zinc,Mineral,229,142,213,31.45,41.93,0.22,5954.06,1488.52,Punjab,0,15,4,2,2023,2,6,1,37,143.0,139.0,125.0,141.0,137.25,8.34166250416149
2023-02-13,Zinc,Mineral,375,162,243,19.01,25.34,0.03,4105.08,1026.27,Punjab,1,15,4,2,2023,2,7,1,44,142.0,143.0,139.0,125.0,146.5,10.472185381603355
2023-02-20,Zinc,Mineral,309,131,197,35.72,47.63,0.12,6239.53,1559.88,KP,0,15,4,1,2023,2,8,1,51,162.0,142.0,143.0,139.0,144.5,12.871156384205229
2023-02-27,Zinc,Mineral,496,123,185,34.61,46.15,0.1,5676.45,1419.11,Balochistan,0,15,4,0,2023,2,9,1,58,131.0,162.0,142.0,143.0,139.5,16.901676445449635
2023-03-06,Zinc,Mineral,82,132,198,38.29,51.05,0.22,6738.6,1684.65,Punjab,1,15,4,2,2023,3,10,1,65,123.0,131.0,162.0,142.0,137.0,17.146428199482255
2023-03-13,Zinc,Mineral,106,173,260,26.26,35.01,0.21,6056.73,1514.18,KP,1,15,4,1,2023,3,11,1,72,132.0,123.0,131.0,162.0,139.75,22.529610146057426
2023-03-20,Zinc,Mineral,130,150,225,39.59,52.78,0.12,7917.0,1979.25,Balochistan,0,15,4,0,2023,3,12,1,79,173.0,132.0,123.0,131.0,144.5,22.06807649071392
2023-03-27,Zinc,Mineral,283,142,213,33.32,44.43,0.02,6309.06,1577.27,Punjab,1,15,4,2,2023,3,13,1,86,150.0,173.0,132.0,123.0,149.25,17.461863207191467
2023-04-03,Zinc,Mineral,109,127,191,14.92,19.89,0.14,2526.03,631.51,Sindh,1,15,4,3,2023,4,14,2,93,142.0,150.0,173.0,132.0,148.0,19.200694431886237
2023-04-10,Zinc,Mineral,156,140,210,44.86,59.81,0.18,8373.4,2093.35,Sindh,0,15,4,3,2023,4,15,2,100,127.0,142.0,150.0,173.0,139.75,9.535023160258554
2023-04-17,Zinc,Mineral,457,159,239,35.51,47.35,0.09,7528.65,1882.16,Balochistan,0,15,4,0,2023,4,16,2,107,140.0,127.0,142.0,150.0,142.0,13.140268896284695
2023-04-24,Zinc,Mineral,473,157,236,29.96,39.94,0.11,6270.58,1567.65,KP,0,15,4,1,2023,4,17,2,114,159.0,140.0,127.0,142.0,145.75,15.129992289048497
2023-05-01,Zinc,Mineral,285,133,200,24.02,32.02,0.16,4258.66,1064.67,KP,0,15,4,1,2023,5,18,2,121,157.0,159.0,140.0,127.0,147.25,12.763881332363875
2023-05-08,Zinc,Mineral,250,158,237,43.63,58.17,0.05,9190.86,2297.72,Sindh,1,15,4,3,2023,5,19,2,128,133.0,157.0,159.0,140.0,151.75,12.526638282742384
2023-05-15,Zinc,Mineral,347,156,234,25.56,34.08,0.17,5316.48,1329.12,Balochistan,1,15,4,0,2023,5,20,2,135,158.0,133.0,157.0,159.0,151.0,12.02774570177916
2023-05-22,Zinc,Mineral,407,148,222,26.19,34.92,0.12,5168.16,1292.04,KP,0,15,4,1,2023,5,21,2,142,156.0,158.0,133.0,157.0,148.75,11.35414755350075
2023-05-29,Zinc,Mineral,386,165,248,30.8,41.07,0.02,6776.55,1694.14,Sindh,0,15,4,3,2023,5,22,2,149,148.0,156.0,158.0,133.0,156.75,6.994045086119123
2023-06-05,Zinc,Mineral,398,149,224,15.08,20.1,0.22,2994.9,748.73,KP,1,15,4,1,2023,6,23,2,156,165.0,148.0,156.0,158.0,154.5,7.852812659593189
2023-06-12,Zinc,Mineral,253,153,230,27.12,36.16,0.05,5532.48,1383.12,Balochistan,1,15,4,0,2023,6,24,2,163,149.0,165.0,148.0,156.0,153.75,7.804912982645423
2023-06-19,Zinc,Mineral,111,151,227,37.52,50.02,0.12,7553.02,1888.26,Balochistan,0,15,4,0,2023,6,25,2,170,153.0,149.0,165.0,148.0,154.5,7.187952884282636
2023-06-26,Zinc,Mineral,486,151,227,25.06,33.41,0.19,5044.91,1261.23,Balochistan,0,15,4,0,2023,6,26,2,177,151.0,153.0,149.0,165.0,151.0,1.6329931618555737
2023-07-03,Zinc,Mineral,365,152,228,37.87,50.49,0.06,7674.48,1918.62,Punjab,0,15,4,2,2023,7,27,3,184,151.0,151.0,153.0,149.0,151.75,0.9574271077565496
2023-07-10,Zinc,Mineral,297,157,236,38.07,50.76,0.09,7969.32,1992.33,Sindh,1,15,4,3,2023,7,28,3,191,152.0,151.0,151.0,153.0,152.75,2.872281323269083
2023-07-17,Zinc,Mineral,461,146,219,16.13,21.5,0.15,3139.0,784.75,Punjab,0,15,4,2,2023,7,29,3,198,157.0,152.0,151.0,151.0,151.5,4.50924975282294
2023-07-24,Zinc,Mineral,309,158,237,26.03,34.71,0.21,5484.18,1371.05,Sindh,1,15,4,3,2023,7,30,3,205,146.0,157.0,152.0,151.0,153.25,5.500000000000039
2023-07-31,Zinc,Mineral,215,166,249,26.13,34.84,0.12,5783.44,1445.86,Sindh,1,15,4,3,2023,7,31,3,212,158.0,146.0,157.0,152.0,156.75,8.22090830342571
2023-08-07,Zinc,Mineral,139,154,231,19.01,25.35,0.05,3903.9,975.97,Balochistan,0,15,4,0,2023,8,32,3,219,166.0,158.0,146.0,157.0,156.0,8.326663997864557
2023-08-14,Zinc,Mineral,167,158,237,17.52,23.36,0.22,3690.88,922.72,KP,0,15,4,1,2023,8,33,3,226,154.0,166.0,158.0,146.0,159.0,5.033222956847209
2023-08-21,Zinc,Mineral,357,154,231,32.99,43.99,0.03,6774.46,1693.62,Punjab,0,15,4,2,2023,8,34,3,233,158.0,154.0,166.0,158.0,158.0,5.656854249492419
2023-08-28,Zinc,Mineral,389,137,206,37.49,49.98,0.12,6847.26,1711.82,Sindh,1,15,4,3,2023,8,35,3,240,154.0,158.0,154.0,166.0,150.75,9.358596760910999
2023-09-04,Zinc,Mineral,497,168,252,44.93,59.9,0.15,10063.2,2515.8,Sindh,0,15,4,3,2023,9,36,3,247,137.0,154.0,158.0,154.0,154.25,12.91962331752235
2023-09-11,Zinc,Mineral,60,145,218,19.76,26.35,0.16,3820.75,955.19,Sindh,1,15,4,3,2023,9,37,3,254,168.0,137.0,154.0,158.0,151.0,13.291601358251278
2023-09-18,Zinc,Mineral,182,143,215,34.38,45.84,0.07,6555.12,1638.78,Punjab,1,15,4,2,2023,9,38,3,261,145.0,168.0,137.0,154.0,148.25,13.598406769422189
2023-09-25,Zinc,Mineral,151,162,243,44.96,59.95,0.17,9711.9,2427.98,Punjab,0,15,4,2,2023,9,39,3,268,143.0,145.0,168.0,137.0,154.5,12.396235987858056
2023-10-02,Zinc,Mineral,453,153,230,9.4,12.53,0.22,1917.09,479.27,Punjab,1,15,4,2,2023,10,40,4,275,162.0,143.0,145.0,168.0,150.75,8.65544144839922
2023-10-09,Zinc,Mineral,169,148,222,13.05,17.4,0.13,2575.2,643.8,Sindh,1,15,4,3,2023,10,41,4,282,153.0,162.0,143.0,145.0,151.5,8.103497187428845
2023-10-16,Zinc,Mineral,411,144,216,34.69,46.25,0.04,6660.0,1665.0,Punjab,0,15,4,2,2023,10,42,4,289,148.0,153.0,162.0,143.0,151.75,7.762087348130046
2023-10-23,Zinc,Mineral,102,161,242,30.89,41.19,0.21,6631.59,1657.9,Punjab,0,15,4,2,2023,10,43,4,296,144.0,148.0,153.0,162.0,151.5,7.3257536586120064
2023-10-30,Zinc,Mineral,55,144,216,44.81,59.75,0.01,8604.0,2151.0,KP,0,15,4,1,2023,10,44,4,303,161.0,144.0,148.0,153.0,149.25,8.057087976847914
2023-11-06,Zinc,Mineral,140,163,245,31.6,42.13,0.22,6867.19,1716.8,KP,1,15,4,1,2023,11,45,4,310,144.0,161.0,144.0,148.0,153.0,10.42433051407462
2023-11-13,Zinc,Mineral,372,155,233,25.93,34.57,0.09,5358.35,1339.59,KP,0,15,4,1,2023,11,46,4,317,163.0,144.0,161.0,144.0,155.75,8.5391256382997
2023-11-20,Zinc,Mineral,64,141,212,37.61,50.14,0.1,7069.74,1767.44,Sindh,1,15,4,3,2023,11,47,4,324,155.0,163.0,144.0,161.0,150.75,10.14478519568883
2023-11-27,Zinc,Mineral,494,155,233,41.07,54.76,0.2,8487.8,2121.95,KP,1,15,4,1,2023,11,48,4,331,141.0,155.0,163.0,144.0,153.5,9.146948489341527
2023-12-04,Zinc,Mineral,297,148,222,21.42,28.56,0.13,4226.88,1056.72,Sindh,1,15,4,3,2023,12,49,4,338,155.0,141.0,155.0,163.0,149.75,6.701989754294411
2023-12-11,Zinc,Mineral,369,167,251,35.69,47.59,0.16,7947.53,1986.88,Balochistan,1,15,4,0,2023,12,50,4,345,148.0,155.0,141.0,155.0,152.75,11.086778913041753
2023-12-18,Zinc,Mineral,277,164,246,41.13,54.84,0.08,8993.76,2248.44,Balochistan,1,15,4,0,2023,12,51,4,352,167.0,148.0,155.0,141.0,158.5,8.660254037844425
2023-12-25,Zinc,Mineral,86,167,251,29.3,39.06,0.04,6523.02,1630.76,Punjab,1,15,4,2,2023,12,52,4,359,164.0,167.0,148.0,155.0,161.5,9.110433579144336
2024-01-01,Zinc,Mineral,143,159,239,18.43,24.57,0.23,3906.63,976.66,KP,0,15,4,1,2024,1,1,1,1,167.0,164.0,167.0,148.0,164.25,3.774917217635465
2024-01-08,Zinc,Mineral,248,146,219,29.93,39.91,0.01,5826.86,1456.72,Balochistan,1,15,4,0,2024,1,2,1,8,159.0,167.0,164.0,167.0,159.0,9.273618495495743
2024-01-15,Zinc,Mineral,85,126,189,22.85,30.46,0.18,3837.96,959.49,KP,0,15,4,1,2024,1,3,1,15,146.0,159.0,167.0,164.0,149.5,17.897858344878422
2024-01-22,Zinc,Mineral,177,154,231,30.8,41.06,0.07,6323.24,1580.81,KP,0,15,4,1,2024,1,4,1,22,126.0,146.0,159.0,167.0,146.25,14.522970311429665
2024-01-29,Zinc,Mineral,137,154,231,10.59,14.12,0.09,2174.48,543.62,Punjab,0,15,4,2,2024,1,5,1,29,154.0,126.0,146.0,159.0,145.0,13.21615173439937
2024-02-05,Zinc,Mineral,356,166,249,26.33,35.11,0.13,5828.26,1457.07,Balochistan,0,15,4,0,2024,2,6,1,36,154.0,154.0,126.0,146.0,150.0,16.970562748477164
2024-02-12,Zinc,Mineral,311,121,182,35.7,47.6,0.18,5759.6,1439.9,Sindh,1,15,4,3,2024,2,7,1,43,166.0,154.0,154.0,126.0,148.75,19.345542122153127
2024-02-19,Zinc,Mineral,319,152,228,14.47,19.29,0.17,2932.08,733.02,Punjab,0,15,4,2,2024,2,8,1,50,121.0,166.0,154.0,154.0,148.25,19.18984106239551
2024-02-26,Zinc,Mineral,221,142,213,32.66,43.55,0.15,6184.1,1546.03,Sindh,0,15,4,3,2024,2,9,1,57,152.0,121.0,166.0,154.0,145.25,18.92749323074772
2024-03-04,Zinc,Mineral,137,162,243,41.69,55.58,0.08,9003.96,2250.99,KP,0,15,4,1,2024,3,10,1,64,142.0,152.0,121.0,166.0,144.25,17.519037264263908
2024-03-11,Zinc,Mineral,266,147,221,23.96,31.94,0.11,4695.18,1173.8,Balochistan,1,15,4,0,2024,3,11,1,71,162.0,142.0,152.0,121.0,150.75,8.539125638299714
2024-03-18,Zinc,Mineral,414,156,234,30.86,41.14,0.04,6417.84,1604.46,Sindh,0,15,4,3,2024,3,12,1,78,147.0,162.0,142.0,152.0,151.75,8.958236433584505
2024-03-25,Zinc,Mineral,315,159,239,9.85,13.13,0.24,2087.67,521.92,Punjab,0,15,4,2,2024,3,13,1,85,156.0,147.0,162.0,142.0,156.0,6.480740698407923
2024-04-01,Zinc,Mineral,411,157,236,8.59,11.45,0.23,1797.65,449.41,Punjab,1,15,4,2,2024,4,14,2,92,159.0,156.0,147.0,162.0,154.75,5.315072906367402
2024-04-08,Zinc,Mineral,135,148,222,41.27,55.03,0.14,8144.44,2036.11,Sindh,0,15,4,3,2024,4,15,2,99,157.0,159.0,156.0,147.0,155.0,4.830458915396565
2024-04-15,Zinc,Mineral,335,161,242,19.32,25.76,0.18,4147.36,1036.84,Balochistan,0,15,4,0,2024,4,16,2,106,148.0,157.0,159.0,156.0,156.25,5.7373048260195745
2024-04-22,Zinc,Mineral,299,150,225,9.01,12.01,0.23,1801.5,450.38,KP,1,15,4,1,2024,4,17,2,113,161.0,148.0,157.0,159.0,154.0,6.055300708195054
2024-04-29,Zinc,Mineral,84,149,224,26.42,35.22,0.24,5247.78,1311.95,Punjab,0,15,4,2,2024,4,18,2,120,150.0,161.0,148.0,157.0,152.0,6.055300708195054
2024-05-06,Zinc,Mineral,261,139,209,24.99,33.32,0.14,4631.48,1157.87,Balochistan,0,15,4,0,2024,5,19,2,127,149.0,150.0,161.0,148.0,149.75,8.995369179009138
2024-05-13,Zinc,Mineral,434,155,233,14.1,18.8,0.24,2914.0,728.5,Punjab,0,15,4,2,2024,5,20,2,134,139.0,149.0,150.0,161.0,148.25,6.701989754294432
2024-05-20,Zinc,Mineral,471,166,249,35.66,47.54,0.21,7891.64,1972.91,Sindh,0,15,4,3,2024,5,21,2,141,155.0,139.0,149.0,150.0,152.25,11.29527924990499
2024-05-27,Zinc,Mineral,72,162,243,37.44,49.92,0.03,8087.04,2021.76,Punjab,1,15,4,2,2024,5,22,2,148,166.0,155.0,139.0,149.0,155.5,11.90238071423812
2024-06-03,Zinc,Mineral,459,146,219,7.67,10.22,0.13,1492.12,373.03,Punjab,0,15,4,2,2024,6,23,2,155,162.0,166.0,155.0,139.0,157.25,8.770214744615295
2024-06-10,Zinc,Mineral,164,150,225,17.12,22.83,0.01,3424.5,856.13,Punjab,0,15,4,2,2024,6,24,2,162,146.0,162.0,166.0,155.0,156.0,9.521904571390513
2024-06-17,Zinc,Mineral,405,146,219,14.07,18.76,0.11,2738.96,684.74,Punjab,0,15,4,2,2024,6,25,2,169,150.0,146.0,162.0,166.0,151.0,7.571877794400419
2024-06-24,Zinc,Mineral,377,158,237,32.65,43.53,0.16,6877.74,1719.44,Balochistan,0,15,4,0,2024,6,26,2,176,146.0,150.0,146.0,162.0,150.0,5.656854249492453
2024-07-01,Zinc,Mineral,317,156,234,11.44,15.25,0.01,2379.0,594.75,KP,0,15,4,1,2024,7,27,3,183,158.0,146.0,150.0,146.0,152.5,5.507570547286176
2024-07-08,Zinc,Mineral,120,176,264,37.33,49.77,0.09,8759.52,2189.88,Balochistan,1,15,4,0,2024,7,28,3,190,156.0,158.0,146.0,150.0,159.0,12.489995996796827
2024-07-15,Zinc,Mineral,298,148,222,31.98,42.64,0.08,6310.72,1577.68,Punjab,0,15,4,2,2024,7,29,3,197,176.0,156.0,158.0,146.0,159.5,11.818065267490589
2024-07-22,Zinc,Mineral,215,157,236,21.83,29.11,0.1,4570.27,1142.57,Punjab,0,15,4,2,2024,7,30,3,204,148.0,176.0,156.0,158.0,159.25,11.87083260208261
2024-07-29,Zinc,Mineral,340,165,248,7.63,10.17,0.22,1678.05,419.51,KP,0,15,4,1,2024,7,31,3,211,157.0,148.0,176.0,156.0,161.5,11.902380714238113
2024-08-05,Zinc,Mineral,271,146,219,28.97,38.62,0.12,5638.52,1409.63,Sindh,1,15,4,3,2024,8,32,3,218,165.0,157.0,148.0,176.0,154.0,8.755950357709168
2024-08-12,Zinc,Mineral,180,155,233,41.7,55.6,0.2,8618.0,2154.5,KP,0,15,4,1,2024,8,33,3,225,146.0,165.0,157.0,148.0,155.75,7.804912982645437
2024-08-19,Zinc,Mineral,500,155,233,28.69,38.25,0.15,5928.75,1482.19,Balochistan,1,15,4,0,2024,8,34,3,232,155.0,146.0,165.0,157.0,155.25,7.762087348130053
2024-08-26,Zinc,Mineral,155,129,194,29.19,38.92,0.24,5020.68,1255.17,Punjab,1,15,4,2,2024,8,35,3,239,155.0,155.0,146.0,165.0,146.25,12.25765067213129
2024-09-02,Zinc,Mineral,220,144,216,11.61,15.48,0.06,2229.12,557.28,Balochistan,0,15,4,0,2024,9,36,3,246,129.0,155.0,155.0,146.0,145.75,12.311918344975084
2024-09-09,Zinc,Mineral,289,161,242,32.59,43.45,0.08,6995.45,1748.86,Sindh,1,15,4,3,2024,9,37,3,253,144.0,129.0,155.0,155.0,147.25,14.056433876817193
2024-09-16,Zinc,Mineral,462,142,213,36.7,48.93,0.22,6948.06,1737.02,KP,1,15,4,1,2024,9,38,3,260,161.0,144.0,129.0,155.0,144.0,13.140268896284708
2024-09-23,Zinc,Mineral,378,148,222,22.52,30.02,0.23,4442.96,1110.74,Sindh,1,15,4,3,2024,9,39,3,267,142.0,161.0,144.0,129.0,148.75,8.539125638299705
2024-09-30,Zinc,Mineral,299,140,210,31.09,41.45,0.11,5803.0,1450.75,Balochistan,0,15,4,0,2024,9,40,3,274,148.0,142.0,161.0,144.0,147.75,9.464847243000492
2024-10-07,Zinc,Mineral,104,147,221,29.46,39.28,0.08,5774.16,1443.54,Sindh,0,15,4,3,2024,10,41,4,281,140.0,148.0,142.0,161.0,144.25,3.8622100754189153
2024-10-14,Zinc,Mineral,66,139,209,36.13,48.17,0.18,6695.63,1673.91,Punjab,1,15,4,2,2024,10,42,4,288,147.0,140.0,148.0,142.0,143.5,4.654746681256391
2024-10-21,Zinc,Mineral,396,161,242,20.96,27.95,0.03,4499.95,1124.99,KP,0,15,4,1,2024,10,43,4,295,139.0,147.0,140.0,148.0,146.75,10.144785195688836
2024-10-28,Zinc,Mineral,283,136,204,16.2,21.6,0.1,2937.6,734.4,Balochistan,0,15,4,0,2024,10,44,4,302,161.0,139.0,147.0,140.0,145.75,11.176612486199357
2024-11-04,Zinc,Mineral,317,159,239,27.77,37.03,0.06,5887.77,1471.94,Balochistan,0,15,4,0,2024,11,45,4,309,136.0,161.0,139.0,147.0,148.75,13.073510112692281
2024-11-11,Zinc,Mineral,78,152,228,8.04,10.72,0.01,1629.44,407.36,KP,1,15,4,1,2024,11,46,4,316,159.0,136.0,161.0,139.0,152.0,11.343133018115733
2024-11-18,Zinc,Mineral,150,144,216,38.17,50.89,0.06,7328.16,1832.04,KP,0,15,4,1,2024,11,47,4,323,152.0,159.0,136.0,161.0,147.75,9.945685831890497
2024-11-25,Zinc,Mineral,445,155,233,32.71,43.61,0.09,6759.55,1689.89,KP,0,15,4,1,2024,11,48,4,330,144.0,152.0,159.0,136.0,152.5,6.35085296108594
2024-12-02,Zinc,Mineral,190,128,192,32.99,43.99,0.18,5630.72,1407.68,KP,0,15,4,1,2024,12,49,4,337,155.0,144.0,152.0,159.0,144.75,12.093386622447857
2024-12-09,Zinc,Mineral,389,152,228,43.81,58.41,0.2,8878.32,2219.58,Balochistan,1,15,4,0,2024,12,50,4,344,128.0,155.0,144.0,152.0,144.75,12.093386622447857
2024-12-16,Zinc,Mineral,331,158,237,38.32,51.09,0.08,8072.22,2018.06,Punjab,0,15,4,2,2024,12,51,4,351,152.0,128.0,155.0,144.0,148.25,13.720422734012272
2024-12-23,Zinc,Mineral,392,154,231,33.11,44.15,0.1,6799.1,1699.78,Punjab,0,15,4,2,2024,12,52,4,358,158.0,152.0,128.0,155.0,148.0,13.564659966250566
2024-12-30,Zinc,Mineral,470,139,209,25.8,34.4,0.06,4781.6,1195.4,KP,1,15,4,1,2024,12,1,4,365,154.0,158.0,152.0,128.0,150.75,8.220908303425732
2025-01-06,Zinc,Mineral,440,146,219,26.71,35.61,0.11,5199.06,1299.77,Sindh,1,15,4,3,2025,1,2,1,6,139.0,154.0,158.0,152.0,149.25,8.460693430998086
2025-01-13,Zinc,Mineral,261,155,233,8.2,10.93,0.13,1694.15,423.54,Balochistan,1,15,4,0,2025,1,3,1,13,146.0,139.0,154.0,158.0,148.5,7.505553499465192
2025-01-20,Zinc,Mineral,290,140,210,29.0,38.66,0.15,5412.4,1353.1,KP,0,15,4,1,2025,1,4,1,20,155.0,146.0,139.0,154.0,145.0,7.3484692283495905
2025-01-27,Zinc,Mineral,379,155,233,7.54,10.05,0.13,1557.75,389.44,KP,1,15,4,1,2025,1,5,1,27,140.0,155.0,146.0,139.0,149.0,7.3484692283495905
2025-02-03,Zinc,Mineral,59,165,248,27.4,36.53,0.19,6027.45,1506.86,Balochistan,0,15,4,0,2025,2,6,1,34,155.0,140.0,155.0,146.0,153.75,10.307764064044193
2025-02-10,Zinc,Mineral,203,157,236,10.57,14.09,0.16,2212.13,553.03,Punjab,0,15,4,2,2025,2,7,1,41,165.0,155.0,140.0,155.0,154.25,10.436314802968885
2025-02-17,Zinc,Mineral,352,161,242,32.45,43.27,0.23,6966.47,1741.62,Sindh,1,15,4,3,2025,2,8,1,48,157.0,165.0,155.0,140.0,159.5,4.434711565216784
2025-02-24,Zinc,Mineral,239,172,258,11.0,14.66,0.08,2521.52,630.38,Balochistan,0,15,4,0,2025,2,9,1,55,161.0,157.0,165.0,155.0,163.75,6.396613687465228
2025-03-03,Zinc,Mineral,142,141,212,8.15,10.87,0.1,1532.67,383.17,KP,1,15,4,1,2025,3,10,1,62,172.0,161.0,157.0,165.0,157.75,12.841988423397195
2025-03-10,Zinc,Mineral,218,147,221,44.39,59.18,0.17,8699.46,2174.87,KP,1,15,4,1,2025,3,11,1,69,141.0,172.0,161.0,157.0,155.25,13.961255912942343
2025-03-17,Zinc,Mineral,497,144,216,11.5,15.33,0.06,2207.52,551.88,Punjab,0,15,4,2,2025,3,12,1,76,147.0,141.0,172.0,161.0,151.0,14.212670403551929
2025-03-24,Zinc,Mineral,107,150,225,18.26,24.35,0.17,3652.5,913.13,Punjab,0,15,4,2,2025,3,13,1,83,144.0,147.0,141.0,172.0,145.5,3.872983346207539
2025-03-31,Zinc,Mineral,56,147,221,17.6,23.47,0.14,3450.09,862.52,Balochistan,0,15,4,0,2025,3,14,1,90,150.0,144.0,147.0,141.0,147.0,2.4494897427833715
